-- MySQL dump 10.13  Distrib 8.0.45, for Linux (x86_64)
--
-- Host: localhost    Database: joomla_db
-- ------------------------------------------------------
-- Server version	8.0.45

/*!40101 SET @OLD_CHARACTER_SET_CLIENT=@@CHARACTER_SET_CLIENT */;
/*!40101 SET @OLD_CHARACTER_SET_RESULTS=@@CHARACTER_SET_RESULTS */;
/*!40101 SET @OLD_COLLATION_CONNECTION=@@COLLATION_CONNECTION */;
/*!50503 SET NAMES utf8mb4 */;
/*!40103 SET @OLD_TIME_ZONE=@@TIME_ZONE */;
/*!40103 SET TIME_ZONE='+00:00' */;
/*!40014 SET @OLD_UNIQUE_CHECKS=@@UNIQUE_CHECKS, UNIQUE_CHECKS=0 */;
/*!40014 SET @OLD_FOREIGN_KEY_CHECKS=@@FOREIGN_KEY_CHECKS, FOREIGN_KEY_CHECKS=0 */;
/*!40101 SET @OLD_SQL_MODE=@@SQL_MODE, SQL_MODE='NO_AUTO_VALUE_ON_ZERO' */;
/*!40111 SET @OLD_SQL_NOTES=@@SQL_NOTES, SQL_NOTES=0 */;

--
-- Table structure for table `lcoa2_action_log_config`
--

DROP TABLE IF EXISTS `lcoa2_action_log_config`;
/*!40101 SET @saved_cs_client     = @@character_set_client */;
/*!50503 SET character_set_client = utf8mb4 */;
CREATE TABLE `lcoa2_action_log_config` (
  `id` int unsigned NOT NULL AUTO_INCREMENT,
  `type_title` varchar(255) CHARACTER SET utf8mb4 COLLATE utf8mb4_unicode_ci NOT NULL DEFAULT '',
  `type_alias` varchar(255) CHARACTER SET utf8mb4 COLLATE utf8mb4_unicode_ci NOT NULL DEFAULT '',
  `id_holder` varchar(255) CHARACTER SET utf8mb4 COLLATE utf8mb4_unicode_ci DEFAULT NULL,
  `title_holder` varchar(255) CHARACTER SET utf8mb4 COLLATE utf8mb4_unicode_ci DEFAULT NULL,
  `table_name` varchar(255) CHARACTER SET utf8mb4 COLLATE utf8mb4_unicode_ci DEFAULT NULL,
  `text_prefix` varchar(255) CHARACTER SET utf8mb4 COLLATE utf8mb4_unicode_ci DEFAULT NULL,
  PRIMARY KEY (`id`)
) ENGINE=InnoDB AUTO_INCREMENT=24 DEFAULT CHARSET=utf8mb4 COLLATE=utf8mb4_unicode_ci;
/*!40101 SET character_set_client = @saved_cs_client */;

--
-- Dumping data for table `lcoa2_action_log_config`
--

LOCK TABLES `lcoa2_action_log_config` WRITE;
/*!40000 ALTER TABLE `lcoa2_action_log_config` DISABLE KEYS */;
INSERT INTO `lcoa2_action_log_config` VALUES (1,'article','com_content.article','id','title','#__content','PLG_ACTIONLOG_JOOMLA'),(2,'article','com_content.form','id','title','#__content','PLG_ACTIONLOG_JOOMLA'),(3,'banner','com_banners.banner','id','name','#__banners','PLG_ACTIONLOG_JOOMLA'),(4,'user_note','com_users.note','id','subject','#__user_notes','PLG_ACTIONLOG_JOOMLA'),(5,'media','com_media.file','','name','','PLG_ACTIONLOG_JOOMLA'),(6,'category','com_categories.category','id','title','#__categories','PLG_ACTIONLOG_JOOMLA'),(7,'menu','com_menus.menu','id','title','#__menu_types','PLG_ACTIONLOG_JOOMLA'),(8,'menu_item','com_menus.item','id','title','#__menu','PLG_ACTIONLOG_JOOMLA'),(9,'newsfeed','com_newsfeeds.newsfeed','id','name','#__newsfeeds','PLG_ACTIONLOG_JOOMLA'),(10,'link','com_redirect.link','id','old_url','#__redirect_links','PLG_ACTIONLOG_JOOMLA'),(11,'tag','com_tags.tag','id','title','#__tags','PLG_ACTIONLOG_JOOMLA'),(12,'style','com_templates.style','id','title','#__template_styles','PLG_ACTIONLOG_JOOMLA'),(13,'plugin','com_plugins.plugin','extension_id','name','#__extensions','PLG_ACTIONLOG_JOOMLA'),(14,'component_config','com_config.component','extension_id','name','','PLG_ACTIONLOG_JOOMLA'),(15,'contact','com_contact.contact','id','name','#__contact_details','PLG_ACTIONLOG_JOOMLA'),(16,'module','com_modules.module','id','title','#__modules','PLG_ACTIONLOG_JOOMLA'),(17,'access_level','com_users.level','id','title','#__viewlevels','PLG_ACTIONLOG_JOOMLA'),(18,'banner_client','com_banners.client','id','name','#__banner_clients','PLG_ACTIONLOG_JOOMLA'),(19,'application_config','com_config.application','','name','','PLG_ACTIONLOG_JOOMLA'),(20,'task','com_scheduler.task','id','title','#__scheduler_tasks','PLG_ACTIONLOG_JOOMLA'),(21,'field','com_fields.field','id','title','#__fields','PLG_ACTIONLOG_JOOMLA'),(22,'guidedtour','com_guidedtours.state','id','title','#__guidedtours','PLG_ACTIONLOG_JOOMLA'),(23,'contact','com_contact.form','id','name','#__contact_details','PLG_ACTIONLOG_JOOMLA');
/*!40000 ALTER TABLE `lcoa2_action_log_config` ENABLE KEYS */;
UNLOCK TABLES;

--
-- Table structure for table `lcoa2_action_logs`
--

DROP TABLE IF EXISTS `lcoa2_action_logs`;
/*!40101 SET @saved_cs_client     = @@character_set_client */;
/*!50503 SET character_set_client = utf8mb4 */;
CREATE TABLE `lcoa2_action_logs` (
  `id` int unsigned NOT NULL AUTO_INCREMENT,
  `message_language_key` varchar(255) CHARACTER SET utf8mb4 COLLATE utf8mb4_unicode_ci NOT NULL DEFAULT '',
  `message` text CHARACTER SET utf8mb4 COLLATE utf8mb4_unicode_ci NOT NULL,
  `log_date` datetime NOT NULL,
  `extension` varchar(50) CHARACTER SET utf8mb4 COLLATE utf8mb4_unicode_ci NOT NULL DEFAULT '',
  `user_id` int NOT NULL DEFAULT '0',
  `item_id` int NOT NULL DEFAULT '0',
  `ip_address` varchar(40) CHARACTER SET utf8mb4 COLLATE utf8mb4_unicode_ci NOT NULL DEFAULT '0.0.0.0',
  PRIMARY KEY (`id`),
  KEY `idx_user_id` (`user_id`),
  KEY `idx_user_id_logdate` (`user_id`,`log_date`),
  KEY `idx_user_id_extension` (`user_id`,`extension`),
  KEY `idx_extension_item_id` (`extension`,`item_id`)
) ENGINE=InnoDB AUTO_INCREMENT=93 DEFAULT CHARSET=utf8mb4 COLLATE=utf8mb4_unicode_ci;
/*!40101 SET character_set_client = @saved_cs_client */;

--
-- Dumping data for table `lcoa2_action_logs`
--

LOCK TABLES `lcoa2_action_logs` WRITE;
/*!40000 ALTER TABLE `lcoa2_action_logs` DISABLE KEYS */;
INSERT INTO `lcoa2_action_logs` VALUES (1,'PLG_ACTIONLOG_JOOMLA_USER_LOGGED_IN','{\"action\":\"login\",\"userid\":81,\"username\":\"admin\",\"accountlink\":\"index.php?option=com_users&task=user.edit&id=81\",\"app\":\"PLG_ACTIONLOG_JOOMLA_APPLICATION_ADMINISTRATOR\"}','2026-01-26 07:57:08','com_users',81,0,'COM_ACTIONLOGS_DISABLED'),(2,'PLG_ACTIONLOG_JOOMLA_GUIDEDTOURS_TOURCOMPLETED','{\"id\":12,\"title\":\"Welcome to Joomla!\",\"state\":\"completed\",\"step\":6,\"userid\":81,\"username\":\"admin\",\"accountlink\":\"index.php?option=com_users&task=user.edit&id=81\"}','2026-01-26 07:57:49','com_guidedtours.state',81,12,'COM_ACTIONLOGS_DISABLED'),(3,'PLG_SYSTEM_ACTIONLOGS_CONTENT_ADDED','{\"action\":\"add\",\"type\":\"PLG_ACTIONLOG_JOOMLA_TYPE_USER_GROUP\",\"id\":10,\"title\":\"Club-Redakteur\",\"itemlink\":\"index.php?option=com_users&task=group.edit&id=10\",\"userid\":81,\"username\":\"admin\",\"accountlink\":\"index.php?option=com_users&task=user.edit&id=81\"}','2026-01-26 08:00:03','com_users',81,10,'COM_ACTIONLOGS_DISABLED'),(4,'PLG_SYSTEM_ACTIONLOGS_CONTENT_ADDED','{\"action\":\"add\",\"type\":\"PLG_ACTIONLOG_JOOMLA_TYPE_USER_GROUP\",\"id\":11,\"title\":\"Club-Administrator\",\"itemlink\":\"index.php?option=com_users&task=group.edit&id=11\",\"userid\":81,\"username\":\"admin\",\"accountlink\":\"index.php?option=com_users&task=user.edit&id=81\"}','2026-01-26 08:00:24','com_users',81,11,'COM_ACTIONLOGS_DISABLED'),(5,'PLG_ACTIONLOG_JOOMLA_COMPONENT_CONFIG_UPDATED','{\"action\":\"update\",\"type\":\"PLG_ACTIONLOG_JOOMLA_TYPE_COMPONENT_CONFIG\",\"id\":19,\"title\":\"com_content\",\"extension_name\":\"com_content\",\"itemlink\":\"index.php?option=com_config&task=component.edit&extension_id=19\",\"userid\":81,\"username\":\"admin\",\"accountlink\":\"index.php?option=com_users&task=user.edit&id=81\"}','2026-01-26 08:06:48','com_config.component',81,19,'COM_ACTIONLOGS_DISABLED'),(6,'PLG_SYSTEM_ACTIONLOGS_CONTENT_ADDED','{\"action\":\"add\",\"type\":\"PLG_ACTIONLOG_JOOMLA_TYPE_USER\",\"id\":82,\"title\":\"Max Mustermann\",\"itemlink\":\"index.php?option=com_users&task=user.edit&id=82\",\"userid\":81,\"username\":\"admin\",\"accountlink\":\"index.php?option=com_users&task=user.edit&id=81\"}','2026-01-26 08:09:30','com_users',81,82,'COM_ACTIONLOGS_DISABLED'),(7,'PLG_SYSTEM_ACTIONLOGS_CONTENT_ADDED','{\"action\":\"add\",\"type\":\"PLG_ACTIONLOG_JOOMLA_TYPE_USER\",\"id\":83,\"title\":\"Club Admin\",\"itemlink\":\"index.php?option=com_users&task=user.edit&id=83\",\"userid\":81,\"username\":\"admin\",\"accountlink\":\"index.php?option=com_users&task=user.edit&id=81\"}','2026-01-26 08:11:41','com_users',81,83,'COM_ACTIONLOGS_DISABLED'),(8,'PLG_SYSTEM_ACTIONLOGS_CONTENT_ADDED','{\"action\":\"add\",\"type\":\"PLG_ACTIONLOG_JOOMLA_TYPE_CATEGORY\",\"id\":8,\"title\":\"Clubs\",\"itemlink\":\"index.php?option=com_categories&task=category.edit&id=8\",\"userid\":81,\"username\":\"admin\",\"accountlink\":\"index.php?option=com_users&task=user.edit&id=81\"}','2026-01-26 08:12:32','com_categories.category',81,8,'COM_ACTIONLOGS_DISABLED'),(9,'PLG_SYSTEM_ACTIONLOGS_CONTENT_ADDED','{\"action\":\"add\",\"type\":\"PLG_ACTIONLOG_JOOMLA_TYPE_CATEGORY\",\"id\":9,\"title\":\"Robotik-Club\",\"itemlink\":\"index.php?option=com_categories&task=category.edit&id=9\",\"userid\":81,\"username\":\"admin\",\"accountlink\":\"index.php?option=com_users&task=user.edit&id=81\"}','2026-01-26 08:13:10','com_categories.category',81,9,'COM_ACTIONLOGS_DISABLED'),(10,'PLG_SYSTEM_ACTIONLOGS_CONTENT_ADDED','{\"action\":\"add\",\"type\":\"PLG_ACTIONLOG_JOOMLA_TYPE_CATEGORY\",\"id\":10,\"title\":\"Theater-Club\",\"itemlink\":\"index.php?option=com_categories&task=category.edit&id=10\",\"userid\":81,\"username\":\"admin\",\"accountlink\":\"index.php?option=com_users&task=user.edit&id=81\"}','2026-01-26 08:14:23','com_categories.category',81,10,'COM_ACTIONLOGS_DISABLED'),(11,'PLG_SYSTEM_ACTIONLOGS_CONTENT_ADDED','{\"action\":\"add\",\"type\":\"PLG_ACTIONLOG_JOOMLA_TYPE_CATEGORY\",\"id\":11,\"title\":\"Berichte\",\"itemlink\":\"index.php?option=com_categories&task=category.edit&id=11\",\"userid\":81,\"username\":\"admin\",\"accountlink\":\"index.php?option=com_users&task=user.edit&id=81\"}','2026-01-26 08:15:04','com_categories.category',81,11,'COM_ACTIONLOGS_DISABLED'),(12,'PLG_SYSTEM_ACTIONLOGS_CONTENT_ADDED','{\"action\":\"add\",\"type\":\"PLG_ACTIONLOG_JOOMLA_TYPE_ARTICLE\",\"id\":1,\"title\":\"Robotik-Club\",\"itemlink\":\"index.php?option=com_content&task=article.edit&id=1\",\"userid\":81,\"username\":\"admin\",\"accountlink\":\"index.php?option=com_users&task=user.edit&id=81\"}','2026-01-26 08:16:42','com_content.article',81,1,'COM_ACTIONLOGS_DISABLED'),(13,'PLG_SYSTEM_ACTIONLOGS_CONTENT_ADDED','{\"action\":\"add\",\"type\":\"PLG_ACTIONLOG_JOOMLA_TYPE_ARTICLE\",\"id\":2,\"title\":\"Theater-Club\",\"itemlink\":\"index.php?option=com_content&task=article.edit&id=2\",\"userid\":81,\"username\":\"admin\",\"accountlink\":\"index.php?option=com_users&task=user.edit&id=81\"}','2026-01-26 08:17:42','com_content.article',81,2,'COM_ACTIONLOGS_DISABLED'),(14,'PLG_ACTIONLOG_JOOMLA_USER_LOGGED_OUT','{\"action\":\"logout\",\"id\":81,\"userid\":81,\"username\":\"admin\",\"accountlink\":\"index.php?option=com_users&task=user.edit&id=81\",\"app\":\"PLG_ACTIONLOG_JOOMLA_APPLICATION_ADMINISTRATOR\"}','2026-01-26 08:18:07','com_users',81,81,'COM_ACTIONLOGS_DISABLED'),(15,'PLG_ACTIONLOG_JOOMLA_USER_LOGIN_FAILED','{\"action\":\"login\",\"id\":82,\"userid\":82,\"username\":\"redakteur\",\"accountlink\":\"index.php?option=com_users&task=user.edit&id=82\",\"app\":\"PLG_ACTIONLOG_JOOMLA_APPLICATION_ADMINISTRATOR\"}','2026-01-26 08:18:46','com_users',82,82,'COM_ACTIONLOGS_DISABLED'),(16,'PLG_ACTIONLOG_JOOMLA_USER_LOGGED_IN','{\"action\":\"login\",\"userid\":81,\"username\":\"admin\",\"accountlink\":\"index.php?option=com_users&task=user.edit&id=81\",\"app\":\"PLG_ACTIONLOG_JOOMLA_APPLICATION_ADMINISTRATOR\"}','2026-01-26 08:19:40','com_users',81,0,'COM_ACTIONLOGS_DISABLED'),(17,'PLG_SYSTEM_ACTIONLOGS_CONTENT_UPDATED','{\"action\":\"update\",\"type\":\"PLG_ACTIONLOG_JOOMLA_TYPE_USER_GROUP\",\"id\":\"10\",\"title\":\"Club-Redakteur\",\"itemlink\":\"index.php?option=com_users&task=group.edit&id=10\",\"userid\":81,\"username\":\"admin\",\"accountlink\":\"index.php?option=com_users&task=user.edit&id=81\"}','2026-01-26 08:20:17','com_users',81,10,'COM_ACTIONLOGS_DISABLED'),(18,'PLG_ACTIONLOG_JOOMLA_COMPONENT_CONFIG_UPDATED','{\"action\":\"update\",\"type\":\"PLG_ACTIONLOG_JOOMLA_TYPE_COMPONENT_CONFIG\",\"id\":22,\"title\":\"com_users\",\"extension_name\":\"com_users\",\"itemlink\":\"index.php?option=com_config&task=component.edit&extension_id=22\",\"userid\":81,\"username\":\"admin\",\"accountlink\":\"index.php?option=com_users&task=user.edit&id=81\"}','2026-01-26 08:21:33','com_config.component',81,22,'COM_ACTIONLOGS_DISABLED'),(19,'PLG_ACTIONLOG_JOOMLA_USER_LOGGED_OUT','{\"action\":\"logout\",\"id\":81,\"userid\":81,\"username\":\"admin\",\"accountlink\":\"index.php?option=com_users&task=user.edit&id=81\",\"app\":\"PLG_ACTIONLOG_JOOMLA_APPLICATION_ADMINISTRATOR\"}','2026-01-26 08:21:39','com_users',81,81,'COM_ACTIONLOGS_DISABLED'),(20,'PLG_ACTIONLOG_JOOMLA_USER_LOGIN_FAILED','{\"action\":\"login\",\"id\":82,\"userid\":82,\"username\":\"redakteur\",\"accountlink\":\"index.php?option=com_users&task=user.edit&id=82\",\"app\":\"PLG_ACTIONLOG_JOOMLA_APPLICATION_ADMINISTRATOR\"}','2026-01-26 08:21:59','com_users',82,82,'COM_ACTIONLOGS_DISABLED'),(21,'PLG_ACTIONLOG_JOOMLA_USER_LOGIN_FAILED','{\"action\":\"login\",\"id\":82,\"userid\":82,\"username\":\"redakteur\",\"accountlink\":\"index.php?option=com_users&task=user.edit&id=82\",\"app\":\"PLG_ACTIONLOG_JOOMLA_APPLICATION_ADMINISTRATOR\"}','2026-01-26 08:22:32','com_users',82,82,'COM_ACTIONLOGS_DISABLED'),(22,'PLG_ACTIONLOG_JOOMLA_USER_LOGGED_IN','{\"action\":\"login\",\"userid\":81,\"username\":\"admin\",\"accountlink\":\"index.php?option=com_users&task=user.edit&id=81\",\"app\":\"PLG_ACTIONLOG_JOOMLA_APPLICATION_ADMINISTRATOR\"}','2026-01-26 08:23:18','com_users',81,0,'COM_ACTIONLOGS_DISABLED'),(23,'PLG_ACTIONLOG_JOOMLA_APPLICATION_CONFIG_UPDATED','{\"action\":\"update\",\"type\":\"PLG_ACTIONLOG_JOOMLA_TYPE_APPLICATION_CONFIG\",\"extension_name\":\"com_config.application\",\"itemlink\":\"index.php?option=com_config\",\"userid\":81,\"username\":\"admin\",\"accountlink\":\"index.php?option=com_users&task=user.edit&id=81\"}','2026-01-26 08:24:18','com_config.application',81,0,'COM_ACTIONLOGS_DISABLED'),(24,'PLG_ACTIONLOG_JOOMLA_COMPONENT_CONFIG_UPDATED','{\"action\":\"update\",\"type\":\"PLG_ACTIONLOG_JOOMLA_TYPE_COMPONENT_CONFIG\",\"id\":22,\"title\":\"com_users\",\"extension_name\":\"com_users\",\"itemlink\":\"index.php?option=com_config&task=component.edit&extension_id=22\",\"userid\":81,\"username\":\"admin\",\"accountlink\":\"index.php?option=com_users&task=user.edit&id=81\"}','2026-01-26 08:25:54','com_config.component',81,22,'COM_ACTIONLOGS_DISABLED'),(25,'PLG_ACTIONLOG_JOOMLA_USER_LOGGED_OUT','{\"action\":\"logout\",\"id\":81,\"userid\":81,\"username\":\"admin\",\"accountlink\":\"index.php?option=com_users&task=user.edit&id=81\",\"app\":\"PLG_ACTIONLOG_JOOMLA_APPLICATION_ADMINISTRATOR\"}','2026-01-26 08:26:19','com_users',81,81,'COM_ACTIONLOGS_DISABLED'),(26,'PLG_ACTIONLOG_JOOMLA_USER_LOGIN_FAILED','{\"action\":\"login\",\"id\":82,\"userid\":82,\"username\":\"redakteur\",\"accountlink\":\"index.php?option=com_users&task=user.edit&id=82\",\"app\":\"PLG_ACTIONLOG_JOOMLA_APPLICATION_ADMINISTRATOR\"}','2026-01-26 08:26:32','com_users',82,82,'COM_ACTIONLOGS_DISABLED'),(27,'PLG_ACTIONLOG_JOOMLA_USER_LOGGED_IN','{\"action\":\"login\",\"userid\":82,\"username\":\"redakteur\",\"accountlink\":\"index.php?option=com_users&task=user.edit&id=82\",\"app\":\"PLG_ACTIONLOG_JOOMLA_APPLICATION_ADMINISTRATOR\"}','2026-01-26 08:26:32','com_users',82,0,'COM_ACTIONLOGS_DISABLED'),(28,'PLG_ACTIONLOG_JOOMLA_GUIDEDTOURS_TOURSKIPPED','{\"id\":12,\"title\":\"Welcome to Joomla!\",\"state\":\"skipped\",\"step\":1,\"userid\":82,\"username\":\"redakteur\",\"accountlink\":\"index.php?option=com_users&task=user.edit&id=82\"}','2026-01-26 08:26:38','com_guidedtours.state',82,12,'COM_ACTIONLOGS_DISABLED'),(29,'PLG_ACTIONLOG_JOOMLA_USER_LOGGED_IN','{\"action\":\"login\",\"userid\":81,\"username\":\"admin\",\"accountlink\":\"index.php?option=com_users&task=user.edit&id=81\",\"app\":\"PLG_ACTIONLOG_JOOMLA_APPLICATION_SITE\"}','2026-01-26 08:31:19','com_users',81,0,'COM_ACTIONLOGS_DISABLED'),(30,'PLG_ACTIONLOG_JOOMLA_USER_LOGGED_OUT','{\"action\":\"logout\",\"id\":81,\"userid\":81,\"username\":\"admin\",\"accountlink\":\"index.php?option=com_users&task=user.edit&id=81\",\"app\":\"PLG_ACTIONLOG_JOOMLA_APPLICATION_SITE\"}','2026-01-26 08:32:20','com_users',81,81,'COM_ACTIONLOGS_DISABLED'),(31,'PLG_ACTIONLOG_JOOMLA_USER_LOGGED_IN','{\"action\":\"login\",\"userid\":81,\"username\":\"admin\",\"accountlink\":\"index.php?option=com_users&task=user.edit&id=81\",\"app\":\"PLG_ACTIONLOG_JOOMLA_APPLICATION_ADMINISTRATOR\"}','2026-01-26 08:39:40','com_users',81,0,'COM_ACTIONLOGS_DISABLED'),(32,'PLG_ACTIONLOG_JOOMLA_COMPONENT_CONFIG_UPDATED','{\"action\":\"update\",\"type\":\"PLG_ACTIONLOG_JOOMLA_TYPE_COMPONENT_CONFIG\",\"id\":19,\"title\":\"com_content\",\"extension_name\":\"com_content\",\"itemlink\":\"index.php?option=com_config&task=component.edit&extension_id=19\",\"userid\":81,\"username\":\"admin\",\"accountlink\":\"index.php?option=com_users&task=user.edit&id=81\"}','2026-01-26 08:43:16','com_config.component',81,19,'COM_ACTIONLOGS_DISABLED'),(33,'PLG_ACTIONLOG_JOOMLA_USER_LOGGED_OUT','{\"action\":\"logout\",\"id\":81,\"userid\":81,\"username\":\"admin\",\"accountlink\":\"index.php?option=com_users&task=user.edit&id=81\",\"app\":\"PLG_ACTIONLOG_JOOMLA_APPLICATION_ADMINISTRATOR\"}','2026-01-26 08:43:30','com_users',81,81,'COM_ACTIONLOGS_DISABLED'),(34,'PLG_ACTIONLOG_JOOMLA_USER_LOGGED_IN','{\"action\":\"login\",\"userid\":82,\"username\":\"redakteur\",\"accountlink\":\"index.php?option=com_users&task=user.edit&id=82\",\"app\":\"PLG_ACTIONLOG_JOOMLA_APPLICATION_ADMINISTRATOR\"}','2026-01-26 08:43:43','com_users',82,0,'COM_ACTIONLOGS_DISABLED'),(35,'PLG_ACTIONLOG_JOOMLA_USER_LOGGED_IN','{\"action\":\"login\",\"userid\":81,\"username\":\"admin\",\"accountlink\":\"index.php?option=com_users&task=user.edit&id=81\",\"app\":\"PLG_ACTIONLOG_JOOMLA_APPLICATION_ADMINISTRATOR\"}','2026-01-26 09:02:09','com_users',81,0,'COM_ACTIONLOGS_DISABLED'),(36,'PLG_ACTIONLOG_JOOMLA_USER_LOGGED_IN','{\"action\":\"login\",\"userid\":81,\"username\":\"admin\",\"accountlink\":\"index.php?option=com_users&task=user.edit&id=81\",\"app\":\"PLG_ACTIONLOG_JOOMLA_APPLICATION_ADMINISTRATOR\"}','2026-01-26 09:02:09','com_users',81,0,'COM_ACTIONLOGS_DISABLED'),(37,'PLG_ACTIONLOG_JOOMLA_COMPONENT_CONFIG_UPDATED','{\"action\":\"update\",\"type\":\"PLG_ACTIONLOG_JOOMLA_TYPE_COMPONENT_CONFIG\",\"id\":19,\"title\":\"com_content\",\"extension_name\":\"com_content\",\"itemlink\":\"index.php?option=com_config&task=component.edit&extension_id=19\",\"userid\":81,\"username\":\"admin\",\"accountlink\":\"index.php?option=com_users&task=user.edit&id=81\"}','2026-01-26 09:15:11','com_config.component',81,19,'COM_ACTIONLOGS_DISABLED'),(38,'PLG_ACTIONLOG_JOOMLA_USER_LOGGED_OUT','{\"action\":\"logout\",\"id\":81,\"userid\":81,\"username\":\"admin\",\"accountlink\":\"index.php?option=com_users&task=user.edit&id=81\",\"app\":\"PLG_ACTIONLOG_JOOMLA_APPLICATION_ADMINISTRATOR\"}','2026-01-26 09:47:28','com_users',81,81,'COM_ACTIONLOGS_DISABLED'),(39,'PLG_ACTIONLOG_JOOMLA_USER_LOGGED_IN','{\"action\":\"login\",\"userid\":82,\"username\":\"redakteur\",\"accountlink\":\"index.php?option=com_users&task=user.edit&id=82\",\"app\":\"PLG_ACTIONLOG_JOOMLA_APPLICATION_ADMINISTRATOR\"}','2026-01-26 09:47:48','com_users',82,0,'COM_ACTIONLOGS_DISABLED'),(40,'PLG_ACTIONLOG_JOOMLA_USER_LOGGED_IN','{\"action\":\"login\",\"userid\":81,\"username\":\"admin\",\"accountlink\":\"index.php?option=com_users&task=user.edit&id=81\",\"app\":\"PLG_ACTIONLOG_JOOMLA_APPLICATION_ADMINISTRATOR\"}','2026-01-26 10:04:08','com_users',81,0,'COM_ACTIONLOGS_DISABLED'),(41,'PLG_ACTIONLOG_JOOMLA_USER_LOGGED_IN','{\"action\":\"login\",\"userid\":81,\"username\":\"admin\",\"accountlink\":\"index.php?option=com_users&task=user.edit&id=81\",\"app\":\"PLG_ACTIONLOG_JOOMLA_APPLICATION_SITE\"}','2026-02-01 18:56:44','com_users',81,0,'COM_ACTIONLOGS_DISABLED'),(42,'PLG_ACTIONLOG_JOOMLA_USER_LOGGED_OUT','{\"action\":\"logout\",\"id\":81,\"userid\":81,\"username\":\"admin\",\"accountlink\":\"index.php?option=com_users&task=user.edit&id=81\",\"app\":\"PLG_ACTIONLOG_JOOMLA_APPLICATION_SITE\"}','2026-02-01 18:57:06','com_users',81,81,'COM_ACTIONLOGS_DISABLED'),(43,'PLG_ACTIONLOG_JOOMLA_USER_LOGGED_IN','{\"action\":\"login\",\"userid\":81,\"username\":\"admin\",\"accountlink\":\"index.php?option=com_users&task=user.edit&id=81\",\"app\":\"PLG_ACTIONLOG_JOOMLA_APPLICATION_ADMINISTRATOR\"}','2026-02-01 18:58:54','com_users',81,0,'COM_ACTIONLOGS_DISABLED'),(44,'PLG_SYSTEM_ACTIONLOGS_CONTENT_UPDATED','{\"action\":\"update\",\"type\":\"PLG_ACTIONLOG_JOOMLA_TYPE_USER_GROUP\",\"id\":\"10\",\"title\":\"Club-Redakteur\",\"itemlink\":\"index.php?option=com_users&task=group.edit&id=10\",\"userid\":81,\"username\":\"admin\",\"accountlink\":\"index.php?option=com_users&task=user.edit&id=81\"}','2026-02-01 19:03:29','com_users',81,10,'COM_ACTIONLOGS_DISABLED'),(45,'PLG_ACTIONLOG_JOOMLA_COMPONENT_CONFIG_UPDATED','{\"action\":\"update\",\"type\":\"PLG_ACTIONLOG_JOOMLA_TYPE_COMPONENT_CONFIG\",\"id\":19,\"title\":\"com_content\",\"extension_name\":\"com_content\",\"itemlink\":\"index.php?option=com_config&task=component.edit&extension_id=19\",\"userid\":81,\"username\":\"admin\",\"accountlink\":\"index.php?option=com_users&task=user.edit&id=81\"}','2026-02-01 19:05:50','com_config.component',81,19,'COM_ACTIONLOGS_DISABLED'),(46,'PLG_ACTIONLOG_JOOMLA_USER_LOGGED_IN','{\"action\":\"login\",\"userid\":82,\"username\":\"redakteur\",\"accountlink\":\"index.php?option=com_users&task=user.edit&id=82\",\"app\":\"PLG_ACTIONLOG_JOOMLA_APPLICATION_SITE\"}','2026-02-01 19:07:04','com_users',82,0,'COM_ACTIONLOGS_DISABLED'),(47,'PLG_ACTIONLOG_JOOMLA_USER_LOGGED_OUT','{\"action\":\"logout\",\"id\":82,\"userid\":82,\"username\":\"redakteur\",\"accountlink\":\"index.php?option=com_users&task=user.edit&id=82\",\"app\":\"PLG_ACTIONLOG_JOOMLA_APPLICATION_SITE\"}','2026-02-01 19:07:31','com_users',82,82,'COM_ACTIONLOGS_DISABLED'),(48,'PLG_ACTIONLOG_JOOMLA_USER_LOGGED_OUT','{\"action\":\"logout\",\"id\":81,\"userid\":81,\"username\":\"admin\",\"accountlink\":\"index.php?option=com_users&task=user.edit&id=81\",\"app\":\"PLG_ACTIONLOG_JOOMLA_APPLICATION_ADMINISTRATOR\"}','2026-02-01 19:07:43','com_users',81,81,'COM_ACTIONLOGS_DISABLED'),(49,'PLG_ACTIONLOG_JOOMLA_USER_LOGGED_IN','{\"action\":\"login\",\"userid\":82,\"username\":\"redakteur\",\"accountlink\":\"index.php?option=com_users&task=user.edit&id=82\",\"app\":\"PLG_ACTIONLOG_JOOMLA_APPLICATION_ADMINISTRATOR\"}','2026-02-01 19:08:23','com_users',82,0,'COM_ACTIONLOGS_DISABLED'),(50,'PLG_ACTIONLOG_JOOMLA_USER_LOGGED_IN','{\"action\":\"login\",\"userid\":81,\"username\":\"admin\",\"accountlink\":\"index.php?option=com_users&task=user.edit&id=81\",\"app\":\"PLG_ACTIONLOG_JOOMLA_APPLICATION_ADMINISTRATOR\"}','2026-02-01 19:11:03','com_users',81,0,'COM_ACTIONLOGS_DISABLED'),(51,'PLG_SYSTEM_ACTIONLOGS_CONTENT_ADDED','{\"action\":\"add\",\"type\":\"PLG_ACTIONLOG_JOOMLA_TYPE_MENU_ITEM\",\"id\":102,\"title\":\"Unsere Clubs\",\"itemlink\":\"index.php?option=com_menus&task=item.edit&id=102\",\"userid\":81,\"username\":\"admin\",\"accountlink\":\"index.php?option=com_users&task=user.edit&id=81\"}','2026-02-01 19:15:02','com_menus.item',81,102,'COM_ACTIONLOGS_DISABLED'),(52,'PLG_ACTIONLOG_JOOMLA_USER_LOGGED_IN','{\"action\":\"login\",\"userid\":82,\"username\":\"redakteur\",\"accountlink\":\"index.php?option=com_users&task=user.edit&id=82\",\"app\":\"PLG_ACTIONLOG_JOOMLA_APPLICATION_ADMINISTRATOR\"}','2026-02-01 19:23:36','com_users',82,0,'COM_ACTIONLOGS_DISABLED'),(53,'PLG_ACTIONLOG_JOOMLA_USER_LOGGED_IN','{\"action\":\"login\",\"userid\":81,\"username\":\"admin\",\"accountlink\":\"index.php?option=com_users&task=user.edit&id=81\",\"app\":\"PLG_ACTIONLOG_JOOMLA_APPLICATION_SITE\"}','2026-02-01 19:34:10','com_users',81,0,'COM_ACTIONLOGS_DISABLED'),(54,'PLG_ACTIONLOG_JOOMLA_USER_LOGGED_IN','{\"action\":\"login\",\"userid\":81,\"username\":\"admin\",\"accountlink\":\"index.php?option=com_users&task=user.edit&id=81\",\"app\":\"PLG_ACTIONLOG_JOOMLA_APPLICATION_ADMINISTRATOR\"}','2026-02-01 19:34:17','com_users',81,0,'COM_ACTIONLOGS_DISABLED'),(55,'PLG_ACTIONLOG_JOOMLA_USER_LOGGED_IN','{\"action\":\"login\",\"userid\":82,\"username\":\"redakteur\",\"accountlink\":\"index.php?option=com_users&task=user.edit&id=82\",\"app\":\"PLG_ACTIONLOG_JOOMLA_APPLICATION_SITE\"}','2026-02-01 19:34:37','com_users',82,0,'COM_ACTIONLOGS_DISABLED'),(56,'PLG_SYSTEM_ACTIONLOGS_CONTENT_UPDATED','{\"action\":\"update\",\"type\":\"PLG_ACTIONLOG_JOOMLA_TYPE_USER\",\"id\":82,\"title\":\"Max Mustermann\",\"itemlink\":\"index.php?option=com_users&task=user.edit&id=82\",\"userid\":81,\"username\":\"admin\",\"accountlink\":\"index.php?option=com_users&task=user.edit&id=81\"}','2026-02-01 19:40:15','com_users',81,82,'COM_ACTIONLOGS_DISABLED'),(57,'PLG_SYSTEM_ACTIONLOGS_CONTENT_UPDATED','{\"action\":\"update\",\"type\":\"PLG_ACTIONLOG_JOOMLA_TYPE_USER_GROUP\",\"id\":\"10\",\"title\":\"Club-Redakteur\",\"itemlink\":\"index.php?option=com_users&task=group.edit&id=10\",\"userid\":81,\"username\":\"admin\",\"accountlink\":\"index.php?option=com_users&task=user.edit&id=81\"}','2026-02-01 19:41:21','com_users',81,10,'COM_ACTIONLOGS_DISABLED'),(58,'PLG_ACTIONLOG_JOOMLA_COMPONENT_CONFIG_UPDATED','{\"action\":\"update\",\"type\":\"PLG_ACTIONLOG_JOOMLA_TYPE_COMPONENT_CONFIG\",\"id\":19,\"title\":\"com_content\",\"extension_name\":\"com_content\",\"itemlink\":\"index.php?option=com_config&task=component.edit&extension_id=19\",\"userid\":81,\"username\":\"admin\",\"accountlink\":\"index.php?option=com_users&task=user.edit&id=81\"}','2026-02-01 19:42:06','com_config.component',81,19,'COM_ACTIONLOGS_DISABLED'),(59,'PLG_ACTIONLOG_JOOMLA_APPLICATION_CONFIG_UPDATED','{\"action\":\"update\",\"type\":\"PLG_ACTIONLOG_JOOMLA_TYPE_APPLICATION_CONFIG\",\"extension_name\":\"com_config.application\",\"itemlink\":\"index.php?option=com_config\",\"userid\":81,\"username\":\"admin\",\"accountlink\":\"index.php?option=com_users&task=user.edit&id=81\"}','2026-02-01 19:42:57','com_config.application',81,0,'COM_ACTIONLOGS_DISABLED'),(60,'PLG_ACTIONLOG_JOOMLA_USER_LOGGED_IN','{\"action\":\"login\",\"userid\":82,\"username\":\"redakteur\",\"accountlink\":\"index.php?option=com_users&task=user.edit&id=82\",\"app\":\"PLG_ACTIONLOG_JOOMLA_APPLICATION_ADMINISTRATOR\"}','2026-02-01 19:43:26','com_users',82,0,'COM_ACTIONLOGS_DISABLED'),(61,'PLG_SYSTEM_ACTIONLOGS_CONTENT_ADDED','{\"action\":\"add\",\"type\":\"PLG_ACTIONLOG_JOOMLA_TYPE_USER\",\"id\":84,\"title\":\"testredakteur\",\"itemlink\":\"index.php?option=com_users&task=user.edit&id=84\",\"userid\":81,\"username\":\"admin\",\"accountlink\":\"index.php?option=com_users&task=user.edit&id=81\"}','2026-02-01 19:46:26','com_users',81,84,'COM_ACTIONLOGS_DISABLED'),(62,'PLG_ACTIONLOG_JOOMLA_USER_LOGGED_IN','{\"action\":\"login\",\"userid\":84,\"username\":\"testred\",\"accountlink\":\"index.php?option=com_users&task=user.edit&id=84\",\"app\":\"PLG_ACTIONLOG_JOOMLA_APPLICATION_ADMINISTRATOR\"}','2026-02-01 19:47:51','com_users',84,0,'COM_ACTIONLOGS_DISABLED'),(63,'PLG_ACTIONLOG_JOOMLA_GUIDEDTOURS_TOURSKIPPED','{\"id\":12,\"title\":\"Welcome to Joomla!\",\"state\":\"skipped\",\"step\":1,\"userid\":84,\"username\":\"testred\",\"accountlink\":\"index.php?option=com_users&task=user.edit&id=84\"}','2026-02-01 19:47:56','com_guidedtours.state',84,12,'COM_ACTIONLOGS_DISABLED'),(64,'PLG_ACTIONLOG_JOOMLA_APPLICATION_CONFIG_UPDATED','{\"action\":\"update\",\"type\":\"PLG_ACTIONLOG_JOOMLA_TYPE_APPLICATION_CONFIG\",\"extension_name\":\"com_config.application\",\"itemlink\":\"index.php?option=com_config\",\"userid\":81,\"username\":\"admin\",\"accountlink\":\"index.php?option=com_users&task=user.edit&id=81\"}','2026-02-01 20:10:00','com_config.application',81,0,'COM_ACTIONLOGS_DISABLED'),(65,'PLG_ACTIONLOG_JOOMLA_USER_LOGGED_IN','{\"action\":\"login\",\"userid\":82,\"username\":\"redakteur\",\"accountlink\":\"index.php?option=com_users&task=user.edit&id=82\",\"app\":\"PLG_ACTIONLOG_JOOMLA_APPLICATION_ADMINISTRATOR\"}','2026-02-01 20:10:54','com_users',82,0,'COM_ACTIONLOGS_DISABLED'),(66,'PLG_ACTIONLOG_JOOMLA_APPLICATION_CONFIG_UPDATED','{\"action\":\"update\",\"type\":\"PLG_ACTIONLOG_JOOMLA_TYPE_APPLICATION_CONFIG\",\"extension_name\":\"com_config.application\",\"itemlink\":\"index.php?option=com_config\",\"userid\":81,\"username\":\"admin\",\"accountlink\":\"index.php?option=com_users&task=user.edit&id=81\"}','2026-02-01 20:13:02','com_config.application',81,0,'COM_ACTIONLOGS_DISABLED'),(67,'PLG_ACTIONLOG_JOOMLA_USER_LOGGED_IN','{\"action\":\"login\",\"userid\":82,\"username\":\"redakteur\",\"accountlink\":\"index.php?option=com_users&task=user.edit&id=82\",\"app\":\"PLG_ACTIONLOG_JOOMLA_APPLICATION_ADMINISTRATOR\"}','2026-02-01 20:13:38','com_users',82,0,'COM_ACTIONLOGS_DISABLED'),(68,'PLG_ACTIONLOG_JOOMLA_COMPONENT_CONFIG_UPDATED','{\"action\":\"update\",\"type\":\"PLG_ACTIONLOG_JOOMLA_TYPE_COMPONENT_CONFIG\",\"id\":19,\"title\":\"com_content\",\"extension_name\":\"com_content\",\"itemlink\":\"index.php?option=com_config&task=component.edit&extension_id=19\",\"userid\":81,\"username\":\"admin\",\"accountlink\":\"index.php?option=com_users&task=user.edit&id=81\"}','2026-02-01 20:14:50','com_config.component',81,19,'COM_ACTIONLOGS_DISABLED'),(69,'PLG_ACTIONLOG_JOOMLA_USER_LOGGED_IN','{\"action\":\"login\",\"userid\":82,\"username\":\"redakteur\",\"accountlink\":\"index.php?option=com_users&task=user.edit&id=82\",\"app\":\"PLG_ACTIONLOG_JOOMLA_APPLICATION_ADMINISTRATOR\"}','2026-02-01 20:15:29','com_users',82,0,'COM_ACTIONLOGS_DISABLED'),(70,'PLG_ACTIONLOG_JOOMLA_APPLICATION_CONFIG_UPDATED','{\"action\":\"update\",\"type\":\"PLG_ACTIONLOG_JOOMLA_TYPE_APPLICATION_CONFIG\",\"extension_name\":\"com_config.application\",\"itemlink\":\"index.php?option=com_config\",\"userid\":81,\"username\":\"admin\",\"accountlink\":\"index.php?option=com_users&task=user.edit&id=81\"}','2026-02-01 20:17:47','com_config.application',81,0,'COM_ACTIONLOGS_DISABLED'),(71,'PLG_ACTIONLOG_JOOMLA_USER_CHECKIN','{\"action\":\"checkin\",\"type\":\"PLG_ACTIONLOG_JOOMLA_TYPE_USER\",\"id\":81,\"title\":\"admin\",\"itemlink\":\"index.php?option=com_users&task=user.edit&id=81\",\"userid\":81,\"username\":\"admin\",\"accountlink\":\"index.php?option=com_users&task=user.edit&id=81\",\"table\":\"#__categories\"}','2026-02-01 20:20:05','com_checkin',81,81,'COM_ACTIONLOGS_DISABLED'),(72,'PLG_ACTIONLOG_JOOMLA_COMPONENT_CONFIG_UPDATED','{\"action\":\"update\",\"type\":\"PLG_ACTIONLOG_JOOMLA_TYPE_COMPONENT_CONFIG\",\"id\":19,\"title\":\"com_content\",\"extension_name\":\"com_content\",\"itemlink\":\"index.php?option=com_config&task=component.edit&extension_id=19\",\"userid\":81,\"username\":\"admin\",\"accountlink\":\"index.php?option=com_users&task=user.edit&id=81\"}','2026-02-01 20:21:30','com_config.component',81,19,'COM_ACTIONLOGS_DISABLED'),(73,'PLG_ACTIONLOG_JOOMLA_APPLICATION_CONFIG_UPDATED','{\"action\":\"update\",\"type\":\"PLG_ACTIONLOG_JOOMLA_TYPE_APPLICATION_CONFIG\",\"extension_name\":\"com_config.application\",\"itemlink\":\"index.php?option=com_config\",\"userid\":81,\"username\":\"admin\",\"accountlink\":\"index.php?option=com_users&task=user.edit&id=81\"}','2026-02-01 20:29:02','com_config.application',81,0,'COM_ACTIONLOGS_DISABLED'),(74,'PLG_ACTIONLOG_JOOMLA_COMPONENT_CONFIG_UPDATED','{\"action\":\"update\",\"type\":\"PLG_ACTIONLOG_JOOMLA_TYPE_COMPONENT_CONFIG\",\"id\":19,\"title\":\"com_content\",\"extension_name\":\"com_content\",\"itemlink\":\"index.php?option=com_config&task=component.edit&extension_id=19\",\"userid\":81,\"username\":\"admin\",\"accountlink\":\"index.php?option=com_users&task=user.edit&id=81\"}','2026-02-01 20:36:38','com_config.component',81,19,'COM_ACTIONLOGS_DISABLED'),(75,'PLG_ACTIONLOG_JOOMLA_USER_LOGGED_IN','{\"action\":\"login\",\"userid\":82,\"username\":\"redakteur\",\"accountlink\":\"index.php?option=com_users&task=user.edit&id=82\",\"app\":\"PLG_ACTIONLOG_JOOMLA_APPLICATION_ADMINISTRATOR\"}','2026-02-01 20:37:20','com_users',82,0,'COM_ACTIONLOGS_DISABLED'),(76,'PLG_ACTIONLOG_JOOMLA_USER_LOGGED_IN','{\"action\":\"login\",\"userid\":81,\"username\":\"admin\",\"accountlink\":\"index.php?option=com_users&task=user.edit&id=81\",\"app\":\"PLG_ACTIONLOG_JOOMLA_APPLICATION_ADMINISTRATOR\"}','2026-02-01 21:05:41','com_users',81,0,'COM_ACTIONLOGS_DISABLED'),(77,'PLG_ACTIONLOG_JOOMLA_APPLICATION_CONFIG_UPDATED','{\"action\":\"update\",\"type\":\"PLG_ACTIONLOG_JOOMLA_TYPE_APPLICATION_CONFIG\",\"extension_name\":\"com_config.application\",\"itemlink\":\"index.php?option=com_config\",\"userid\":81,\"username\":\"admin\",\"accountlink\":\"index.php?option=com_users&task=user.edit&id=81\"}','2026-02-01 21:06:21','com_config.application',81,0,'COM_ACTIONLOGS_DISABLED'),(78,'PLG_ACTIONLOG_JOOMLA_USER_LOGIN_FAILED','{\"action\":\"login\",\"id\":84,\"userid\":84,\"username\":\"testred\",\"accountlink\":\"index.php?option=com_users&task=user.edit&id=84\",\"app\":\"PLG_ACTIONLOG_JOOMLA_APPLICATION_ADMINISTRATOR\"}','2026-02-01 21:06:52','com_users',84,84,'COM_ACTIONLOGS_DISABLED'),(79,'PLG_ACTIONLOG_JOOMLA_USER_LOGIN_FAILED','{\"action\":\"login\",\"id\":84,\"userid\":84,\"username\":\"testred\",\"accountlink\":\"index.php?option=com_users&task=user.edit&id=84\",\"app\":\"PLG_ACTIONLOG_JOOMLA_APPLICATION_ADMINISTRATOR\"}','2026-02-01 21:07:04','com_users',84,84,'COM_ACTIONLOGS_DISABLED'),(80,'PLG_ACTIONLOG_JOOMLA_USER_LOGIN_FAILED','{\"action\":\"login\",\"id\":84,\"userid\":84,\"username\":\"testred\",\"accountlink\":\"index.php?option=com_users&task=user.edit&id=84\",\"app\":\"PLG_ACTIONLOG_JOOMLA_APPLICATION_ADMINISTRATOR\"}','2026-02-01 21:07:19','com_users',84,84,'COM_ACTIONLOGS_DISABLED'),(81,'PLG_ACTIONLOG_JOOMLA_USER_LOGIN_FAILED','{\"action\":\"login\",\"id\":84,\"userid\":84,\"username\":\"testred\",\"accountlink\":\"index.php?option=com_users&task=user.edit&id=84\",\"app\":\"PLG_ACTIONLOG_JOOMLA_APPLICATION_ADMINISTRATOR\"}','2026-02-01 21:07:29','com_users',84,84,'COM_ACTIONLOGS_DISABLED'),(82,'PLG_ACTIONLOG_JOOMLA_USER_LOGGED_IN','{\"action\":\"login\",\"userid\":82,\"username\":\"redakteur\",\"accountlink\":\"index.php?option=com_users&task=user.edit&id=82\",\"app\":\"PLG_ACTIONLOG_JOOMLA_APPLICATION_ADMINISTRATOR\"}','2026-02-01 21:07:44','com_users',82,0,'COM_ACTIONLOGS_DISABLED'),(83,'PLG_ACTIONLOG_JOOMLA_COMPONENT_CONFIG_UPDATED','{\"action\":\"update\",\"type\":\"PLG_ACTIONLOG_JOOMLA_TYPE_COMPONENT_CONFIG\",\"id\":24,\"title\":\"com_joomlaupdate\",\"extension_name\":\"com_joomlaupdate\",\"itemlink\":\"index.php?option=com_config&task=component.edit&extension_id=24\",\"userid\":81,\"username\":\"admin\",\"accountlink\":\"index.php?option=com_users&task=user.edit&id=81\"}','2026-02-01 21:11:31','com_config.component',81,24,'COM_ACTIONLOGS_DISABLED'),(84,'PLG_ACTIONLOG_JOOMLA_USER_LOGGED_IN','{\"action\":\"login\",\"userid\":81,\"username\":\"admin\",\"accountlink\":\"index.php?option=com_users&task=user.edit&id=81\",\"app\":\"PLG_ACTIONLOG_JOOMLA_APPLICATION_ADMINISTRATOR\"}','2026-02-01 22:10:42','com_users',81,0,'COM_ACTIONLOGS_DISABLED'),(85,'PLG_ACTIONLOG_JOOMLA_USER_LOGGED_OUT','{\"action\":\"logout\",\"id\":81,\"userid\":81,\"username\":\"admin\",\"accountlink\":\"index.php?option=com_users&task=user.edit&id=81\",\"app\":\"PLG_ACTIONLOG_JOOMLA_APPLICATION_ADMINISTRATOR\"}','2026-02-01 22:16:15','com_users',81,81,'COM_ACTIONLOGS_DISABLED'),(86,'PLG_ACTIONLOG_JOOMLA_USER_LOGGED_IN','{\"action\":\"login\",\"userid\":82,\"username\":\"redakteur\",\"accountlink\":\"index.php?option=com_users&task=user.edit&id=82\",\"app\":\"PLG_ACTIONLOG_JOOMLA_APPLICATION_ADMINISTRATOR\"}','2026-02-01 22:16:38','com_users',82,0,'COM_ACTIONLOGS_DISABLED'),(87,'PLG_ACTIONLOG_JOOMLA_GUIDEDTOURS_TOURDELAYED','{\"id\":3,\"title\":\"How to create articles?\",\"state\":\"delayed\",\"step\":2,\"userid\":82,\"username\":\"redakteur\",\"accountlink\":\"index.php?option=com_users&task=user.edit&id=82\"}','2026-02-01 22:17:30','com_guidedtours.state',82,3,'COM_ACTIONLOGS_DISABLED'),(88,'PLG_ACTIONLOG_JOOMLA_USER_LOGGED_IN','{\"action\":\"login\",\"userid\":81,\"username\":\"admin\",\"accountlink\":\"index.php?option=com_users&task=user.edit&id=81\",\"app\":\"PLG_ACTIONLOG_JOOMLA_APPLICATION_ADMINISTRATOR\"}','2026-02-02 07:30:33','com_users',81,0,'COM_ACTIONLOGS_DISABLED'),(89,'PLG_ACTIONLOG_JOOMLA_USER_LOGGED_OUT','{\"action\":\"logout\",\"id\":81,\"userid\":81,\"username\":\"admin\",\"accountlink\":\"index.php?option=com_users&task=user.edit&id=81\",\"app\":\"PLG_ACTIONLOG_JOOMLA_APPLICATION_ADMINISTRATOR\"}','2026-02-02 07:32:27','com_users',81,81,'COM_ACTIONLOGS_DISABLED'),(90,'PLG_ACTIONLOG_JOOMLA_USER_LOGGED_IN','{\"action\":\"login\",\"userid\":82,\"username\":\"redakteur\",\"accountlink\":\"index.php?option=com_users&task=user.edit&id=82\",\"app\":\"PLG_ACTIONLOG_JOOMLA_APPLICATION_ADMINISTRATOR\"}','2026-02-02 07:32:55','com_users',82,0,'COM_ACTIONLOGS_DISABLED'),(91,'PLG_ACTIONLOG_JOOMLA_USER_CHECKIN','{\"action\":\"checkin\",\"type\":\"PLG_ACTIONLOG_JOOMLA_TYPE_USER\",\"id\":82,\"title\":\"redakteur\",\"itemlink\":\"index.php?option=com_users&task=user.edit&id=82\",\"userid\":82,\"username\":\"redakteur\",\"accountlink\":\"index.php?option=com_users&task=user.edit&id=82\",\"table\":\"#__modules\"}','2026-02-02 07:37:37','com_checkin',82,82,'COM_ACTIONLOGS_DISABLED'),(92,'PLG_SYSTEM_ACTIONLOGS_CONTENT_UNPUBLISHED','{\"action\":\"unpublish\",\"type\":\"PLG_ACTIONLOG_JOOMLA_TYPE_MODULE\",\"id\":103,\"title\":\"Site\",\"itemlink\":\"index.php?option=com_modules&task=module.edit&id=103\",\"userid\":82,\"username\":\"redakteur\",\"accountlink\":\"index.php?option=com_users&task=user.edit&id=82\"}','2026-02-02 07:37:37','com_modules.module',82,103,'COM_ACTIONLOGS_DISABLED');
/*!40000 ALTER TABLE `lcoa2_action_logs` ENABLE KEYS */;
UNLOCK TABLES;

--
-- Table structure for table `lcoa2_action_logs_extensions`
--

DROP TABLE IF EXISTS `lcoa2_action_logs_extensions`;
/*!40101 SET @saved_cs_client     = @@character_set_client */;
/*!50503 SET character_set_client = utf8mb4 */;
CREATE TABLE `lcoa2_action_logs_extensions` (
  `id` int unsigned NOT NULL AUTO_INCREMENT,
  `extension` varchar(255) CHARACTER SET utf8mb4 COLLATE utf8mb4_unicode_ci NOT NULL DEFAULT '',
  PRIMARY KEY (`id`)
) ENGINE=InnoDB AUTO_INCREMENT=22 DEFAULT CHARSET=utf8mb4 COLLATE=utf8mb4_unicode_ci;
/*!40101 SET character_set_client = @saved_cs_client */;

--
-- Dumping data for table `lcoa2_action_logs_extensions`
--

LOCK TABLES `lcoa2_action_logs_extensions` WRITE;
/*!40000 ALTER TABLE `lcoa2_action_logs_extensions` DISABLE KEYS */;
INSERT INTO `lcoa2_action_logs_extensions` VALUES (1,'com_banners'),(2,'com_cache'),(3,'com_categories'),(4,'com_config'),(5,'com_contact'),(6,'com_content'),(7,'com_installer'),(8,'com_media'),(9,'com_menus'),(10,'com_messages'),(11,'com_modules'),(12,'com_newsfeeds'),(13,'com_plugins'),(14,'com_redirect'),(15,'com_tags'),(16,'com_templates'),(17,'com_users'),(18,'com_checkin'),(19,'com_scheduler'),(20,'com_fields'),(21,'com_guidedtours');
/*!40000 ALTER TABLE `lcoa2_action_logs_extensions` ENABLE KEYS */;
UNLOCK TABLES;

--
-- Table structure for table `lcoa2_action_logs_users`
--

DROP TABLE IF EXISTS `lcoa2_action_logs_users`;
/*!40101 SET @saved_cs_client     = @@character_set_client */;
/*!50503 SET character_set_client = utf8mb4 */;
CREATE TABLE `lcoa2_action_logs_users` (
  `user_id` int unsigned NOT NULL,
  `notify` tinyint unsigned NOT NULL,
  `extensions` text CHARACTER SET utf8mb4 COLLATE utf8mb4_unicode_ci NOT NULL,
  PRIMARY KEY (`user_id`),
  KEY `idx_notify` (`notify`)
) ENGINE=InnoDB DEFAULT CHARSET=utf8mb4 COLLATE=utf8mb4_unicode_ci;
/*!40101 SET character_set_client = @saved_cs_client */;

--
-- Dumping data for table `lcoa2_action_logs_users`
--

LOCK TABLES `lcoa2_action_logs_users` WRITE;
/*!40000 ALTER TABLE `lcoa2_action_logs_users` DISABLE KEYS */;
/*!40000 ALTER TABLE `lcoa2_action_logs_users` ENABLE KEYS */;
UNLOCK TABLES;

--
-- Table structure for table `lcoa2_assets`
--

DROP TABLE IF EXISTS `lcoa2_assets`;
/*!40101 SET @saved_cs_client     = @@character_set_client */;
/*!50503 SET character_set_client = utf8mb4 */;
CREATE TABLE `lcoa2_assets` (
  `id` int unsigned NOT NULL AUTO_INCREMENT COMMENT 'Primary Key',
  `parent_id` int NOT NULL DEFAULT '0' COMMENT 'Nested set parent.',
  `lft` int NOT NULL DEFAULT '0' COMMENT 'Nested set lft.',
  `rgt` int NOT NULL DEFAULT '0' COMMENT 'Nested set rgt.',
  `level` int unsigned NOT NULL COMMENT 'The cached level in the nested tree.',
  `name` varchar(50) CHARACTER SET utf8mb4 COLLATE utf8mb4_unicode_ci NOT NULL COMMENT 'The unique name for the asset.',
  `title` varchar(100) CHARACTER SET utf8mb4 COLLATE utf8mb4_unicode_ci NOT NULL COMMENT 'The descriptive title for the asset.',
  `rules` varchar(5120) CHARACTER SET utf8mb4 COLLATE utf8mb4_unicode_ci NOT NULL COMMENT 'JSON encoded access control.',
  PRIMARY KEY (`id`),
  UNIQUE KEY `idx_asset_name` (`name`),
  KEY `idx_lft_rgt` (`lft`,`rgt`),
  KEY `idx_parent_id` (`parent_id`)
) ENGINE=InnoDB AUTO_INCREMENT=106 DEFAULT CHARSET=utf8mb4 COLLATE=utf8mb4_unicode_ci;
/*!40101 SET character_set_client = @saved_cs_client */;

--
-- Dumping data for table `lcoa2_assets`
--

LOCK TABLES `lcoa2_assets` WRITE;
/*!40000 ALTER TABLE `lcoa2_assets` DISABLE KEYS */;
INSERT INTO `lcoa2_assets` VALUES (1,0,0,195,0,'root.1','Root Asset','{\"core.login.site\":{\"10\":1,\"6\":1,\"2\":1},\"core.login.admin\":{\"10\":1,\"6\":1},\"core.login.api\":{\"8\":1},\"core.login.offline\":{\"6\":1},\"core.admin\":{\"8\":1},\"core.manage\":{\"10\":1,\"7\":1},\"core.create\":{\"10\":1,\"6\":1,\"3\":1},\"core.delete\":{\"6\":1},\"core.edit\":{\"10\":1,\"6\":1,\"4\":1},\"core.edit.state\":{\"10\":1,\"6\":1,\"5\":1},\"core.edit.own\":{\"10\":1,\"6\":1,\"3\":1}}'),(2,1,1,2,1,'com_admin','com_admin','{}'),(3,1,3,6,1,'com_banners','com_banners','{\"core.admin\":{\"7\":1},\"core.manage\":{\"6\":1}}'),(4,1,7,8,1,'com_cache','com_cache','{\"core.admin\":{\"7\":1},\"core.manage\":{\"7\":1}}'),(5,1,9,10,1,'com_checkin','com_checkin','{\"core.admin\":{\"7\":1},\"core.manage\":{\"7\":1}}'),(6,1,11,12,1,'com_config','com_config','{}'),(7,1,13,16,1,'com_contact','com_contact','{\"core.admin\":{\"7\":1},\"core.manage\":{\"6\":1}}'),(8,1,17,50,1,'com_content','com_content','{\"core.admin\":{\"7\":1,\"11\":1},\"core.options\":{\"11\":1},\"core.manage\":{\"10\":1,\"6\":1},\"core.create\":{\"10\":1,\"3\":1},\"core.edit\":{\"10\":1,\"4\":1},\"core.edit.state\":{\"10\":1,\"5\":1},\"core.edit.own\":{\"10\":1},\"core.edit.value\":{\"11\":1},\"core.manage.workflow\":{\"11\":1},\"core.execute.transition\":{\"10\":1,\"6\":1,\"5\":1}}'),(9,1,51,52,1,'com_cpanel','com_cpanel','{}'),(10,1,53,54,1,'com_installer','com_installer','{\"core.manage\":{\"7\":0},\"core.delete\":{\"7\":0},\"core.edit.state\":{\"7\":0}}'),(11,1,55,58,1,'com_languages','com_languages','{\"core.admin\":{\"7\":1}}'),(12,11,56,57,2,'com_languages.language.1','English (en-GB)','{}'),(13,1,59,60,1,'com_login','com_login','{}'),(14,1,61,62,1,'com_mails','com_mails','{}'),(15,1,63,64,1,'com_media','com_media','{\"core.admin\":{\"7\":1},\"core.manage\":{\"6\":1},\"core.create\":{\"3\":1},\"core.delete\":{\"5\":1}}'),(16,1,65,68,1,'com_menus','com_menus','{\"core.admin\":{\"7\":1}}'),(17,1,69,70,1,'com_messages','com_messages','{\"core.admin\":{\"7\":1},\"core.manage\":{\"7\":1}}'),(18,1,71,144,1,'com_modules','com_modules','{\"core.admin\":{\"7\":1}}'),(19,1,145,148,1,'com_newsfeeds','com_newsfeeds','{\"core.admin\":{\"7\":1},\"core.manage\":{\"6\":1}}'),(20,1,149,150,1,'com_plugins','com_plugins','{\"core.admin\":{\"7\":1}}'),(21,1,151,152,1,'com_redirect','com_redirect','{\"core.admin\":{\"7\":1}}'),(23,1,153,154,1,'com_templates','com_templates','{\"core.admin\":{\"7\":1}}'),(24,1,159,162,1,'com_users','com_users','{\"core.admin\":{\"7\":1,\"11\":1},\"core.options\":{\"11\":1},\"core.manage\":{\"1\":1},\"core.edit.value\":{\"11\":1}}'),(26,1,163,164,1,'com_wrapper','com_wrapper','{}'),(27,8,18,19,2,'com_content.category.2','Uncategorised','{}'),(28,3,4,5,2,'com_banners.category.3','Uncategorised','{}'),(29,7,14,15,2,'com_contact.category.4','Uncategorised','{}'),(30,19,146,147,2,'com_newsfeeds.category.5','Uncategorised','{}'),(32,24,160,161,2,'com_users.category.7','Uncategorised','{}'),(33,1,165,166,1,'com_finder','com_finder','{\"core.admin\":{\"7\":1},\"core.manage\":{\"6\":1}}'),(34,1,167,168,1,'com_joomlaupdate','com_joomlaupdate','{}'),(35,1,169,170,1,'com_tags','com_tags','{}'),(36,1,171,172,1,'com_contenthistory','com_contenthistory','{}'),(37,1,173,174,1,'com_ajax','com_ajax','{}'),(38,1,175,176,1,'com_postinstall','com_postinstall','{}'),(39,18,72,73,2,'com_modules.module.1','Main Menu','{}'),(40,18,74,75,2,'com_modules.module.2','Login','{}'),(41,18,76,77,2,'com_modules.module.3','Popular Articles','{}'),(42,18,78,79,2,'com_modules.module.4','Recently Added Articles','{}'),(43,18,80,81,2,'com_modules.module.8','Toolbar','{}'),(44,18,82,83,2,'com_modules.module.9','Notifications','{}'),(45,18,84,85,2,'com_modules.module.10','Logged-in Users','{}'),(46,18,86,87,2,'com_modules.module.12','Admin Menu','{}'),(49,18,92,93,2,'com_modules.module.15','Title','{}'),(50,18,94,95,2,'com_modules.module.16','Login Form','{}'),(51,18,96,97,2,'com_modules.module.17','Breadcrumbs','{}'),(52,18,98,99,2,'com_modules.module.79','Multilanguage status','{}'),(53,18,102,103,2,'com_modules.module.86','Joomla Version','{}'),(54,16,66,67,2,'com_menus.menu.1','Main Menu','{}'),(55,18,106,107,2,'com_modules.module.87','Sample Data','{}'),(56,8,20,37,2,'com_content.workflow.1','COM_WORKFLOW_BASIC_WORKFLOW','{}'),(57,56,21,22,3,'com_content.stage.1','COM_WORKFLOW_BASIC_STAGE','{}'),(58,56,23,24,3,'com_content.transition.1','UNPUBLISH','{}'),(59,56,25,26,3,'com_content.transition.2','PUBLISH','{}'),(60,56,27,28,3,'com_content.transition.3','TRASH','{}'),(61,56,29,30,3,'com_content.transition.4','ARCHIVE','{}'),(62,56,31,32,3,'com_content.transition.5','FEATURE','{}'),(63,56,33,34,3,'com_content.transition.6','UNFEATURE','{}'),(64,56,35,36,3,'com_content.transition.7','PUBLISH_AND_FEATURE','{}'),(65,1,155,156,1,'com_privacy','com_privacy','{}'),(66,1,157,158,1,'com_actionlogs','com_actionlogs','{}'),(67,18,88,89,2,'com_modules.module.88','Latest Actions','{}'),(68,18,90,91,2,'com_modules.module.89','Privacy Dashboard','{}'),(70,18,100,101,2,'com_modules.module.103','Site','{}'),(71,18,104,105,2,'com_modules.module.104','System','{}'),(72,18,108,109,2,'com_modules.module.91','System Dashboard','{}'),(73,18,110,111,2,'com_modules.module.92','Content Dashboard','{}'),(74,18,112,113,2,'com_modules.module.93','Menus Dashboard','{}'),(75,18,114,115,2,'com_modules.module.94','Components Dashboard','{}'),(76,18,116,117,2,'com_modules.module.95','Users Dashboard','{}'),(77,18,118,119,2,'com_modules.module.99','Frontend Link','{}'),(78,18,120,121,2,'com_modules.module.100','Messages','{}'),(79,18,122,123,2,'com_modules.module.101','Post Install Messages','{}'),(80,18,124,125,2,'com_modules.module.102','User Status','{}'),(82,18,126,127,2,'com_modules.module.105','3rd Party','{}'),(83,18,128,129,2,'com_modules.module.106','Help Dashboard','{}'),(84,18,130,131,2,'com_modules.module.107','Privacy Requests','{}'),(85,18,132,133,2,'com_modules.module.108','Privacy Status','{}'),(86,18,134,135,2,'com_modules.module.96','Popular Articles','{}'),(87,18,136,137,2,'com_modules.module.97','Recently Added Articles','{}'),(88,18,138,139,2,'com_modules.module.98','Logged-in Users','{}'),(89,18,140,141,2,'com_modules.module.90','Login Support','{}'),(90,1,177,184,1,'com_scheduler','com_scheduler','{}'),(91,1,185,186,1,'com_associations','com_associations','{}'),(92,1,187,188,1,'com_categories','com_categories','{}'),(93,1,189,190,1,'com_fields','com_fields','{}'),(94,1,191,192,1,'com_workflow','com_workflow','{}'),(95,1,193,194,1,'com_guidedtours','com_guidedtours','{}'),(96,18,142,143,2,'com_modules.module.109','Guided Tours','{}'),(97,90,178,179,2,'com_scheduler.task.1','Rotate Logs','{}'),(98,90,180,181,2,'com_scheduler.task.2','Session GC','{}'),(99,90,182,183,2,'com_scheduler.task.3','Update Notification','{}'),(100,8,38,47,2,'com_content.category.8','Clubs','{}'),(101,100,39,42,3,'com_content.category.9','Robotik-Club','{}'),(102,100,43,46,3,'com_content.category.10','Theater-Club','{}'),(103,8,48,49,2,'com_content.category.11','Berichte','{}'),(104,101,40,41,4,'com_content.article.1','Robotik-Club','{}'),(105,102,44,45,4,'com_content.article.2','Theater-Club','{}');
/*!40000 ALTER TABLE `lcoa2_assets` ENABLE KEYS */;
UNLOCK TABLES;

--
-- Table structure for table `lcoa2_associations`
--

DROP TABLE IF EXISTS `lcoa2_associations`;
/*!40101 SET @saved_cs_client     = @@character_set_client */;
/*!50503 SET character_set_client = utf8mb4 */;
CREATE TABLE `lcoa2_associations` (
  `id` int NOT NULL COMMENT 'A reference to the associated item.',
  `context` varchar(50) CHARACTER SET utf8mb4 COLLATE utf8mb4_unicode_ci NOT NULL COMMENT 'The context of the associated item.',
  `key` char(32) CHARACTER SET utf8mb4 COLLATE utf8mb4_unicode_ci NOT NULL COMMENT 'The key for the association computed from an md5 on associated ids.',
  PRIMARY KEY (`context`,`id`),
  KEY `idx_key` (`key`)
) ENGINE=InnoDB DEFAULT CHARSET=utf8mb4 COLLATE=utf8mb4_unicode_ci;
/*!40101 SET character_set_client = @saved_cs_client */;

--
-- Dumping data for table `lcoa2_associations`
--

LOCK TABLES `lcoa2_associations` WRITE;
/*!40000 ALTER TABLE `lcoa2_associations` DISABLE KEYS */;
/*!40000 ALTER TABLE `lcoa2_associations` ENABLE KEYS */;
UNLOCK TABLES;

--
-- Table structure for table `lcoa2_banner_clients`
--

DROP TABLE IF EXISTS `lcoa2_banner_clients`;
/*!40101 SET @saved_cs_client     = @@character_set_client */;
/*!50503 SET character_set_client = utf8mb4 */;
CREATE TABLE `lcoa2_banner_clients` (
  `id` int NOT NULL AUTO_INCREMENT,
  `name` varchar(255) CHARACTER SET utf8mb4 COLLATE utf8mb4_unicode_ci NOT NULL DEFAULT '',
  `contact` varchar(255) CHARACTER SET utf8mb4 COLLATE utf8mb4_unicode_ci NOT NULL DEFAULT '',
  `email` varchar(255) CHARACTER SET utf8mb4 COLLATE utf8mb4_unicode_ci NOT NULL DEFAULT '',
  `extrainfo` text CHARACTER SET utf8mb4 COLLATE utf8mb4_unicode_ci NOT NULL,
  `state` tinyint NOT NULL DEFAULT '0',
  `checked_out` int unsigned DEFAULT NULL,
  `checked_out_time` datetime DEFAULT NULL,
  `metakey` text CHARACTER SET utf8mb4 COLLATE utf8mb4_unicode_ci,
  `own_prefix` tinyint NOT NULL DEFAULT '0',
  `metakey_prefix` varchar(400) CHARACTER SET utf8mb4 COLLATE utf8mb4_unicode_ci NOT NULL DEFAULT '',
  `purchase_type` tinyint NOT NULL DEFAULT '-1',
  `track_clicks` tinyint NOT NULL DEFAULT '-1',
  `track_impressions` tinyint NOT NULL DEFAULT '-1',
  PRIMARY KEY (`id`),
  KEY `idx_own_prefix` (`own_prefix`),
  KEY `idx_metakey_prefix` (`metakey_prefix`(100))
) ENGINE=InnoDB DEFAULT CHARSET=utf8mb4 COLLATE=utf8mb4_unicode_ci;
/*!40101 SET character_set_client = @saved_cs_client */;

--
-- Dumping data for table `lcoa2_banner_clients`
--

LOCK TABLES `lcoa2_banner_clients` WRITE;
/*!40000 ALTER TABLE `lcoa2_banner_clients` DISABLE KEYS */;
/*!40000 ALTER TABLE `lcoa2_banner_clients` ENABLE KEYS */;
UNLOCK TABLES;

--
-- Table structure for table `lcoa2_banner_tracks`
--

DROP TABLE IF EXISTS `lcoa2_banner_tracks`;
/*!40101 SET @saved_cs_client     = @@character_set_client */;
/*!50503 SET character_set_client = utf8mb4 */;
CREATE TABLE `lcoa2_banner_tracks` (
  `track_date` datetime NOT NULL,
  `track_type` int unsigned NOT NULL,
  `banner_id` int unsigned NOT NULL,
  `count` int unsigned NOT NULL DEFAULT '0',
  PRIMARY KEY (`track_date`,`track_type`,`banner_id`),
  KEY `idx_track_date` (`track_date`),
  KEY `idx_track_type` (`track_type`),
  KEY `idx_banner_id` (`banner_id`)
) ENGINE=InnoDB DEFAULT CHARSET=utf8mb4 COLLATE=utf8mb4_unicode_ci;
/*!40101 SET character_set_client = @saved_cs_client */;

--
-- Dumping data for table `lcoa2_banner_tracks`
--

LOCK TABLES `lcoa2_banner_tracks` WRITE;
/*!40000 ALTER TABLE `lcoa2_banner_tracks` DISABLE KEYS */;
/*!40000 ALTER TABLE `lcoa2_banner_tracks` ENABLE KEYS */;
UNLOCK TABLES;

--
-- Table structure for table `lcoa2_banners`
--

DROP TABLE IF EXISTS `lcoa2_banners`;
/*!40101 SET @saved_cs_client     = @@character_set_client */;
/*!50503 SET character_set_client = utf8mb4 */;
CREATE TABLE `lcoa2_banners` (
  `id` int NOT NULL AUTO_INCREMENT,
  `cid` int NOT NULL DEFAULT '0',
  `type` int NOT NULL DEFAULT '0',
  `name` varchar(255) CHARACTER SET utf8mb4 COLLATE utf8mb4_unicode_ci NOT NULL DEFAULT '',
  `alias` varchar(400) CHARACTER SET utf8mb4 COLLATE utf8mb4_bin NOT NULL DEFAULT '',
  `imptotal` int NOT NULL DEFAULT '0',
  `impmade` int NOT NULL DEFAULT '0',
  `clicks` int NOT NULL DEFAULT '0',
  `clickurl` varchar(2048) CHARACTER SET utf8mb4 COLLATE utf8mb4_unicode_ci NOT NULL DEFAULT '',
  `state` tinyint NOT NULL DEFAULT '0',
  `catid` int unsigned NOT NULL DEFAULT '0',
  `description` text CHARACTER SET utf8mb4 COLLATE utf8mb4_unicode_ci NOT NULL,
  `custombannercode` varchar(2048) CHARACTER SET utf8mb4 COLLATE utf8mb4_unicode_ci NOT NULL,
  `sticky` tinyint unsigned NOT NULL DEFAULT '0',
  `ordering` int NOT NULL DEFAULT '0',
  `metakey` text CHARACTER SET utf8mb4 COLLATE utf8mb4_unicode_ci,
  `params` text CHARACTER SET utf8mb4 COLLATE utf8mb4_unicode_ci NOT NULL,
  `own_prefix` tinyint NOT NULL DEFAULT '0',
  `metakey_prefix` varchar(400) CHARACTER SET utf8mb4 COLLATE utf8mb4_unicode_ci NOT NULL DEFAULT '',
  `purchase_type` tinyint NOT NULL DEFAULT '-1',
  `track_clicks` tinyint NOT NULL DEFAULT '-1',
  `track_impressions` tinyint NOT NULL DEFAULT '-1',
  `checked_out` int unsigned DEFAULT NULL,
  `checked_out_time` datetime DEFAULT NULL,
  `publish_up` datetime DEFAULT NULL,
  `publish_down` datetime DEFAULT NULL,
  `reset` datetime DEFAULT NULL,
  `created` datetime NOT NULL,
  `language` char(7) CHARACTER SET utf8mb4 COLLATE utf8mb4_unicode_ci NOT NULL DEFAULT '',
  `created_by` int unsigned NOT NULL DEFAULT '0',
  `created_by_alias` varchar(255) CHARACTER SET utf8mb4 COLLATE utf8mb4_unicode_ci NOT NULL DEFAULT '',
  `modified` datetime NOT NULL,
  `modified_by` int unsigned NOT NULL DEFAULT '0',
  `version` int unsigned NOT NULL DEFAULT '1',
  PRIMARY KEY (`id`),
  KEY `idx_state` (`state`),
  KEY `idx_own_prefix` (`own_prefix`),
  KEY `idx_metakey_prefix` (`metakey_prefix`(100)),
  KEY `idx_banner_catid` (`catid`),
  KEY `idx_language` (`language`)
) ENGINE=InnoDB DEFAULT CHARSET=utf8mb4 COLLATE=utf8mb4_unicode_ci;
/*!40101 SET character_set_client = @saved_cs_client */;

--
-- Dumping data for table `lcoa2_banners`
--

LOCK TABLES `lcoa2_banners` WRITE;
/*!40000 ALTER TABLE `lcoa2_banners` DISABLE KEYS */;
/*!40000 ALTER TABLE `lcoa2_banners` ENABLE KEYS */;
UNLOCK TABLES;

--
-- Table structure for table `lcoa2_categories`
--

DROP TABLE IF EXISTS `lcoa2_categories`;
/*!40101 SET @saved_cs_client     = @@character_set_client */;
/*!50503 SET character_set_client = utf8mb4 */;
CREATE TABLE `lcoa2_categories` (
  `id` int NOT NULL AUTO_INCREMENT,
  `asset_id` int unsigned NOT NULL DEFAULT '0' COMMENT 'FK to the #__assets table.',
  `parent_id` int unsigned NOT NULL DEFAULT '0',
  `lft` int NOT NULL DEFAULT '0',
  `rgt` int NOT NULL DEFAULT '0',
  `level` int unsigned NOT NULL DEFAULT '0',
  `path` varchar(400) CHARACTER SET utf8mb4 COLLATE utf8mb4_unicode_ci NOT NULL DEFAULT '',
  `extension` varchar(50) CHARACTER SET utf8mb4 COLLATE utf8mb4_unicode_ci NOT NULL DEFAULT '',
  `title` varchar(255) CHARACTER SET utf8mb4 COLLATE utf8mb4_unicode_ci NOT NULL DEFAULT '',
  `alias` varchar(400) CHARACTER SET utf8mb4 COLLATE utf8mb4_bin NOT NULL DEFAULT '',
  `note` varchar(255) CHARACTER SET utf8mb4 COLLATE utf8mb4_unicode_ci NOT NULL DEFAULT '',
  `description` mediumtext CHARACTER SET utf8mb4 COLLATE utf8mb4_unicode_ci,
  `published` tinyint NOT NULL DEFAULT '0',
  `checked_out` int unsigned DEFAULT NULL,
  `checked_out_time` datetime DEFAULT NULL,
  `access` int unsigned NOT NULL DEFAULT '0',
  `params` text CHARACTER SET utf8mb4 COLLATE utf8mb4_unicode_ci,
  `metadesc` varchar(1024) CHARACTER SET utf8mb4 COLLATE utf8mb4_unicode_ci NOT NULL DEFAULT '' COMMENT 'The meta description for the page.',
  `metakey` varchar(1024) CHARACTER SET utf8mb4 COLLATE utf8mb4_unicode_ci NOT NULL DEFAULT '' COMMENT 'The keywords for the page.',
  `metadata` varchar(2048) CHARACTER SET utf8mb4 COLLATE utf8mb4_unicode_ci NOT NULL DEFAULT '' COMMENT 'JSON encoded metadata properties.',
  `created_user_id` int unsigned NOT NULL DEFAULT '0',
  `created_time` datetime NOT NULL,
  `modified_user_id` int unsigned NOT NULL DEFAULT '0',
  `modified_time` datetime NOT NULL,
  `hits` int unsigned NOT NULL DEFAULT '0',
  `language` char(7) CHARACTER SET utf8mb4 COLLATE utf8mb4_unicode_ci NOT NULL DEFAULT '',
  `version` int unsigned NOT NULL DEFAULT '1',
  PRIMARY KEY (`id`),
  KEY `cat_idx` (`extension`,`published`,`access`),
  KEY `idx_access` (`access`),
  KEY `idx_checkout` (`checked_out`),
  KEY `idx_path` (`path`(100)),
  KEY `idx_left_right` (`lft`,`rgt`),
  KEY `idx_alias` (`alias`(100)),
  KEY `idx_language` (`language`)
) ENGINE=InnoDB AUTO_INCREMENT=12 DEFAULT CHARSET=utf8mb4 COLLATE=utf8mb4_unicode_ci;
/*!40101 SET character_set_client = @saved_cs_client */;

--
-- Dumping data for table `lcoa2_categories`
--

LOCK TABLES `lcoa2_categories` WRITE;
/*!40000 ALTER TABLE `lcoa2_categories` DISABLE KEYS */;
INSERT INTO `lcoa2_categories` VALUES (1,0,0,0,19,0,'','system','ROOT','root','','',1,NULL,NULL,1,'{}','','','{}',81,'2026-01-26 07:54:07',81,'2026-01-26 07:54:07',0,'*',1),(2,27,1,1,2,1,'uncategorised','com_content','Uncategorised','uncategorised','','',1,NULL,NULL,1,'{\"category_layout\":\"\",\"image\":\"\",\"workflow_id\":\"use_default\"}','','','{\"author\":\"\",\"robots\":\"\"}',81,'2026-01-26 07:54:07',81,'2026-01-26 07:54:07',0,'*',1),(3,28,1,3,4,1,'uncategorised','com_banners','Uncategorised','uncategorised','','',1,NULL,NULL,1,'{\"category_layout\":\"\",\"image\":\"\"}','','','{\"author\":\"\",\"robots\":\"\"}',81,'2026-01-26 07:54:07',81,'2026-01-26 07:54:07',0,'*',1),(4,29,1,5,6,1,'uncategorised','com_contact','Uncategorised','uncategorised','','',1,NULL,NULL,1,'{\"category_layout\":\"\",\"image\":\"\"}','','','{\"author\":\"\",\"robots\":\"\"}',81,'2026-01-26 07:54:07',81,'2026-01-26 07:54:07',0,'*',1),(5,30,1,7,8,1,'uncategorised','com_newsfeeds','Uncategorised','uncategorised','','',1,NULL,NULL,1,'{\"category_layout\":\"\",\"image\":\"\"}','','','{\"author\":\"\",\"robots\":\"\"}',81,'2026-01-26 07:54:07',81,'2026-01-26 07:54:07',0,'*',1),(7,32,1,9,10,1,'uncategorised','com_users','Uncategorised','uncategorised','','',1,NULL,NULL,1,'{\"category_layout\":\"\",\"image\":\"\"}','','','{\"author\":\"\",\"robots\":\"\"}',81,'2026-01-26 07:54:07',81,'2026-01-26 07:54:07',0,'*',1),(8,100,1,11,16,1,'clubs','com_content','Clubs','clubs','','',1,NULL,NULL,1,'{\"category_layout\":\"\",\"image\":\"\",\"image_alt\":\"\"}','','','{\"author\":\"\",\"robots\":\"\"}',81,'2026-01-26 08:12:32',81,'2026-01-26 08:12:32',0,'*',1),(9,101,8,12,13,2,'clubs/robotik-club','com_content','Robotik-Club','robotik-club','','',1,NULL,NULL,1,'{\"category_layout\":\"\",\"image\":\"\",\"image_alt\":\"\"}','','','{\"author\":\"\",\"robots\":\"\"}',81,'2026-01-26 08:13:10',81,'2026-01-26 08:13:10',0,'*',1),(10,102,8,14,15,2,'clubs/theater-club','com_content','Theater-Club','theater-club','','',1,NULL,NULL,1,'{\"category_layout\":\"\",\"image\":\"\",\"image_alt\":\"\"}','','','{\"author\":\"\",\"robots\":\"\"}',81,'2026-01-26 08:14:23',81,'2026-01-26 08:14:23',0,'*',1),(11,103,1,17,18,1,'berichte','com_content','Berichte','berichte','','',1,NULL,NULL,1,'{\"category_layout\":\"\",\"image\":\"\",\"image_alt\":\"\"}','','','{\"author\":\"\",\"robots\":\"\"}',81,'2026-01-26 08:15:04',81,'2026-01-26 08:15:04',0,'*',1);
/*!40000 ALTER TABLE `lcoa2_categories` ENABLE KEYS */;
UNLOCK TABLES;

--
-- Table structure for table `lcoa2_contact_details`
--

DROP TABLE IF EXISTS `lcoa2_contact_details`;
/*!40101 SET @saved_cs_client     = @@character_set_client */;
/*!50503 SET character_set_client = utf8mb4 */;
CREATE TABLE `lcoa2_contact_details` (
  `id` int NOT NULL AUTO_INCREMENT,
  `name` varchar(255) CHARACTER SET utf8mb4 COLLATE utf8mb4_unicode_ci NOT NULL,
  `alias` varchar(400) CHARACTER SET utf8mb4 COLLATE utf8mb4_bin NOT NULL,
  `con_position` varchar(255) CHARACTER SET utf8mb4 COLLATE utf8mb4_unicode_ci DEFAULT NULL,
  `address` text CHARACTER SET utf8mb4 COLLATE utf8mb4_unicode_ci,
  `suburb` varchar(100) CHARACTER SET utf8mb4 COLLATE utf8mb4_unicode_ci DEFAULT NULL,
  `state` varchar(100) CHARACTER SET utf8mb4 COLLATE utf8mb4_unicode_ci DEFAULT NULL,
  `country` varchar(100) CHARACTER SET utf8mb4 COLLATE utf8mb4_unicode_ci DEFAULT NULL,
  `postcode` varchar(100) CHARACTER SET utf8mb4 COLLATE utf8mb4_unicode_ci DEFAULT NULL,
  `telephone` varchar(255) CHARACTER SET utf8mb4 COLLATE utf8mb4_unicode_ci DEFAULT NULL,
  `fax` varchar(255) CHARACTER SET utf8mb4 COLLATE utf8mb4_unicode_ci DEFAULT NULL,
  `misc` mediumtext CHARACTER SET utf8mb4 COLLATE utf8mb4_unicode_ci,
  `image` varchar(255) CHARACTER SET utf8mb4 COLLATE utf8mb4_unicode_ci DEFAULT NULL,
  `email_to` varchar(255) CHARACTER SET utf8mb4 COLLATE utf8mb4_unicode_ci DEFAULT NULL,
  `default_con` tinyint unsigned NOT NULL DEFAULT '0',
  `published` tinyint NOT NULL DEFAULT '0',
  `checked_out` int unsigned DEFAULT NULL,
  `checked_out_time` datetime DEFAULT NULL,
  `ordering` int NOT NULL DEFAULT '0',
  `params` text CHARACTER SET utf8mb4 COLLATE utf8mb4_unicode_ci NOT NULL,
  `user_id` int NOT NULL DEFAULT '0',
  `catid` int NOT NULL DEFAULT '0',
  `access` int unsigned NOT NULL DEFAULT '0',
  `mobile` varchar(255) CHARACTER SET utf8mb4 COLLATE utf8mb4_unicode_ci NOT NULL DEFAULT '',
  `webpage` varchar(255) CHARACTER SET utf8mb4 COLLATE utf8mb4_unicode_ci NOT NULL DEFAULT '',
  `sortname1` varchar(255) CHARACTER SET utf8mb4 COLLATE utf8mb4_unicode_ci NOT NULL DEFAULT '',
  `sortname2` varchar(255) CHARACTER SET utf8mb4 COLLATE utf8mb4_unicode_ci NOT NULL DEFAULT '',
  `sortname3` varchar(255) CHARACTER SET utf8mb4 COLLATE utf8mb4_unicode_ci NOT NULL DEFAULT '',
  `language` varchar(7) CHARACTER SET utf8mb4 COLLATE utf8mb4_unicode_ci NOT NULL,
  `created` datetime NOT NULL,
  `created_by` int unsigned NOT NULL DEFAULT '0',
  `created_by_alias` varchar(255) CHARACTER SET utf8mb4 COLLATE utf8mb4_unicode_ci NOT NULL DEFAULT '',
  `modified` datetime NOT NULL,
  `modified_by` int unsigned NOT NULL DEFAULT '0',
  `metakey` text CHARACTER SET utf8mb4 COLLATE utf8mb4_unicode_ci,
  `metadesc` text CHARACTER SET utf8mb4 COLLATE utf8mb4_unicode_ci NOT NULL,
  `metadata` text CHARACTER SET utf8mb4 COLLATE utf8mb4_unicode_ci NOT NULL,
  `featured` tinyint unsigned NOT NULL DEFAULT '0' COMMENT 'Set if contact is featured.',
  `publish_up` datetime DEFAULT NULL,
  `publish_down` datetime DEFAULT NULL,
  `version` int unsigned NOT NULL DEFAULT '1',
  `hits` int unsigned NOT NULL DEFAULT '0',
  PRIMARY KEY (`id`),
  KEY `idx_access` (`access`),
  KEY `idx_checkout` (`checked_out`),
  KEY `idx_state` (`published`),
  KEY `idx_catid` (`catid`),
  KEY `idx_createdby` (`created_by`),
  KEY `idx_featured_catid` (`featured`,`catid`),
  KEY `idx_language` (`language`)
) ENGINE=InnoDB DEFAULT CHARSET=utf8mb4 COLLATE=utf8mb4_unicode_ci;
/*!40101 SET character_set_client = @saved_cs_client */;

--
-- Dumping data for table `lcoa2_contact_details`
--

LOCK TABLES `lcoa2_contact_details` WRITE;
/*!40000 ALTER TABLE `lcoa2_contact_details` DISABLE KEYS */;
/*!40000 ALTER TABLE `lcoa2_contact_details` ENABLE KEYS */;
UNLOCK TABLES;

--
-- Table structure for table `lcoa2_content`
--

DROP TABLE IF EXISTS `lcoa2_content`;
/*!40101 SET @saved_cs_client     = @@character_set_client */;
/*!50503 SET character_set_client = utf8mb4 */;
CREATE TABLE `lcoa2_content` (
  `id` int unsigned NOT NULL AUTO_INCREMENT,
  `asset_id` int unsigned NOT NULL DEFAULT '0' COMMENT 'FK to the #__assets table.',
  `title` varchar(255) CHARACTER SET utf8mb4 COLLATE utf8mb4_unicode_ci NOT NULL DEFAULT '',
  `alias` varchar(400) CHARACTER SET utf8mb4 COLLATE utf8mb4_bin NOT NULL DEFAULT '',
  `introtext` mediumtext CHARACTER SET utf8mb4 COLLATE utf8mb4_unicode_ci NOT NULL,
  `fulltext` mediumtext CHARACTER SET utf8mb4 COLLATE utf8mb4_unicode_ci NOT NULL,
  `state` tinyint NOT NULL DEFAULT '0',
  `catid` int unsigned NOT NULL DEFAULT '0',
  `created` datetime NOT NULL,
  `created_by` int unsigned NOT NULL DEFAULT '0',
  `created_by_alias` varchar(255) CHARACTER SET utf8mb4 COLLATE utf8mb4_unicode_ci NOT NULL DEFAULT '',
  `modified` datetime NOT NULL,
  `modified_by` int unsigned NOT NULL DEFAULT '0',
  `checked_out` int unsigned DEFAULT NULL,
  `checked_out_time` datetime DEFAULT NULL,
  `publish_up` datetime DEFAULT NULL,
  `publish_down` datetime DEFAULT NULL,
  `images` text CHARACTER SET utf8mb4 COLLATE utf8mb4_unicode_ci NOT NULL,
  `urls` text CHARACTER SET utf8mb4 COLLATE utf8mb4_unicode_ci NOT NULL,
  `attribs` varchar(5120) CHARACTER SET utf8mb4 COLLATE utf8mb4_unicode_ci NOT NULL,
  `version` int unsigned NOT NULL DEFAULT '1',
  `ordering` int NOT NULL DEFAULT '0',
  `metakey` text CHARACTER SET utf8mb4 COLLATE utf8mb4_unicode_ci,
  `metadesc` text CHARACTER SET utf8mb4 COLLATE utf8mb4_unicode_ci NOT NULL,
  `access` int unsigned NOT NULL DEFAULT '0',
  `hits` int unsigned NOT NULL DEFAULT '0',
  `metadata` text CHARACTER SET utf8mb4 COLLATE utf8mb4_unicode_ci NOT NULL,
  `featured` tinyint unsigned NOT NULL DEFAULT '0' COMMENT 'Set if article is featured.',
  `language` char(7) CHARACTER SET utf8mb4 COLLATE utf8mb4_unicode_ci NOT NULL COMMENT 'The language code for the article.',
  `note` varchar(255) CHARACTER SET utf8mb4 COLLATE utf8mb4_unicode_ci NOT NULL DEFAULT '',
  PRIMARY KEY (`id`),
  KEY `idx_access` (`access`),
  KEY `idx_checkout` (`checked_out`),
  KEY `idx_state` (`state`),
  KEY `idx_catid` (`catid`),
  KEY `idx_createdby` (`created_by`),
  KEY `idx_featured_catid` (`featured`,`catid`),
  KEY `idx_language` (`language`),
  KEY `idx_alias` (`alias`(191))
) ENGINE=InnoDB AUTO_INCREMENT=3 DEFAULT CHARSET=utf8mb4 COLLATE=utf8mb4_unicode_ci;
/*!40101 SET character_set_client = @saved_cs_client */;

--
-- Dumping data for table `lcoa2_content`
--

LOCK TABLES `lcoa2_content` WRITE;
/*!40000 ALTER TABLE `lcoa2_content` DISABLE KEYS */;
INSERT INTO `lcoa2_content` VALUES (1,104,'Robotik-Club','robotik-club','<p>Der Robotik-Club beschftigt sich mit der Entwicklung autonomer Roboter und nimmt regelmig an Wettbewerben teil.</p>\r\n<p>Treffen: Jeden Mittwoch, 18:00 Uhr<br>Raum: Technikgebude, Raum 301<br>Kontakt: robotik@campus.de</p>','',1,9,'2026-01-26 08:16:42',81,'','2026-01-26 08:16:42',81,NULL,NULL,'2026-01-26 08:16:42',NULL,'{\"image_intro\":\"\",\"image_intro_alt\":\"\",\"float_intro\":\"\",\"image_intro_caption\":\"\",\"image_fulltext\":\"\",\"image_fulltext_alt\":\"\",\"float_fulltext\":\"\",\"image_fulltext_caption\":\"\"}','{\"urla\":\"\",\"urlatext\":\"\",\"targeta\":\"\",\"urlb\":\"\",\"urlbtext\":\"\",\"targetb\":\"\",\"urlc\":\"\",\"urlctext\":\"\",\"targetc\":\"\"}','{\"article_layout\":\"\",\"show_title\":\"\",\"link_titles\":\"\",\"show_tags\":\"\",\"show_intro\":\"\",\"info_block_position\":\"\",\"info_block_show_title\":\"\",\"show_category\":\"\",\"link_category\":\"\",\"show_parent_category\":\"\",\"link_parent_category\":\"\",\"show_author\":\"\",\"link_author\":\"\",\"show_create_date\":\"\",\"show_modify_date\":\"\",\"show_publish_date\":\"\",\"show_item_navigation\":\"\",\"show_hits\":\"\",\"show_noauth\":\"\",\"urls_position\":\"\",\"alternative_readmore\":\"\",\"article_page_title\":\"\",\"show_publishing_options\":\"\",\"show_article_options\":\"\",\"show_urls_images_backend\":\"\",\"show_urls_images_frontend\":\"\"}',1,0,'','',1,0,'{\"robots\":\"\",\"author\":\"\",\"rights\":\"\"}',0,'*',''),(2,105,'Theater-Club','theater-club','<p>Der Theater-Club bringt jedes Semester ein neues Stck auf die Bhne und bietet Workshops fr Schauspiel und Regie.</p>\r\n<p>Treffen: Jeden Donnerstag, 19:00 Uhr<br>Raum: Aula, Hauptgebude<br>Kontakt: theater@campus.de</p>','',1,10,'2026-01-26 08:17:42',81,'','2026-01-26 08:17:42',81,82,'2026-02-01 21:08:01','2026-01-26 08:17:42',NULL,'{\"image_intro\":\"\",\"image_intro_alt\":\"\",\"float_intro\":\"\",\"image_intro_caption\":\"\",\"image_fulltext\":\"\",\"image_fulltext_alt\":\"\",\"float_fulltext\":\"\",\"image_fulltext_caption\":\"\"}','{\"urla\":\"\",\"urlatext\":\"\",\"targeta\":\"\",\"urlb\":\"\",\"urlbtext\":\"\",\"targetb\":\"\",\"urlc\":\"\",\"urlctext\":\"\",\"targetc\":\"\"}','{\"article_layout\":\"\",\"show_title\":\"\",\"link_titles\":\"\",\"show_tags\":\"\",\"show_intro\":\"\",\"info_block_position\":\"\",\"info_block_show_title\":\"\",\"show_category\":\"\",\"link_category\":\"\",\"show_parent_category\":\"\",\"link_parent_category\":\"\",\"show_author\":\"\",\"link_author\":\"\",\"show_create_date\":\"\",\"show_modify_date\":\"\",\"show_publish_date\":\"\",\"show_item_navigation\":\"\",\"show_hits\":\"\",\"show_noauth\":\"\",\"urls_position\":\"\",\"alternative_readmore\":\"\",\"article_page_title\":\"\",\"show_publishing_options\":\"\",\"show_article_options\":\"\",\"show_urls_images_backend\":\"\",\"show_urls_images_frontend\":\"\"}',1,0,'','',1,0,'{\"robots\":\"\",\"author\":\"\",\"rights\":\"\"}',1,'*','');
/*!40000 ALTER TABLE `lcoa2_content` ENABLE KEYS */;
UNLOCK TABLES;

--
-- Table structure for table `lcoa2_content_frontpage`
--

DROP TABLE IF EXISTS `lcoa2_content_frontpage`;
/*!40101 SET @saved_cs_client     = @@character_set_client */;
/*!50503 SET character_set_client = utf8mb4 */;
CREATE TABLE `lcoa2_content_frontpage` (
  `content_id` int NOT NULL DEFAULT '0',
  `ordering` int NOT NULL DEFAULT '0',
  `featured_up` datetime DEFAULT NULL,
  `featured_down` datetime DEFAULT NULL,
  PRIMARY KEY (`content_id`)
) ENGINE=InnoDB DEFAULT CHARSET=utf8mb4 COLLATE=utf8mb4_unicode_ci;
/*!40101 SET character_set_client = @saved_cs_client */;

--
-- Dumping data for table `lcoa2_content_frontpage`
--

LOCK TABLES `lcoa2_content_frontpage` WRITE;
/*!40000 ALTER TABLE `lcoa2_content_frontpage` DISABLE KEYS */;
INSERT INTO `lcoa2_content_frontpage` VALUES (2,1,NULL,NULL);
/*!40000 ALTER TABLE `lcoa2_content_frontpage` ENABLE KEYS */;
UNLOCK TABLES;

--
-- Table structure for table `lcoa2_content_rating`
--

DROP TABLE IF EXISTS `lcoa2_content_rating`;
/*!40101 SET @saved_cs_client     = @@character_set_client */;
/*!50503 SET character_set_client = utf8mb4 */;
CREATE TABLE `lcoa2_content_rating` (
  `content_id` int NOT NULL DEFAULT '0',
  `rating_sum` int unsigned NOT NULL DEFAULT '0',
  `rating_count` int unsigned NOT NULL DEFAULT '0',
  `lastip` varchar(50) CHARACTER SET utf8mb4 COLLATE utf8mb4_unicode_ci NOT NULL DEFAULT '',
  PRIMARY KEY (`content_id`)
) ENGINE=InnoDB DEFAULT CHARSET=utf8mb4 COLLATE=utf8mb4_unicode_ci;
/*!40101 SET character_set_client = @saved_cs_client */;

--
-- Dumping data for table `lcoa2_content_rating`
--

LOCK TABLES `lcoa2_content_rating` WRITE;
/*!40000 ALTER TABLE `lcoa2_content_rating` DISABLE KEYS */;
/*!40000 ALTER TABLE `lcoa2_content_rating` ENABLE KEYS */;
UNLOCK TABLES;

--
-- Table structure for table `lcoa2_content_types`
--

DROP TABLE IF EXISTS `lcoa2_content_types`;
/*!40101 SET @saved_cs_client     = @@character_set_client */;
/*!50503 SET character_set_client = utf8mb4 */;
CREATE TABLE `lcoa2_content_types` (
  `type_id` int unsigned NOT NULL AUTO_INCREMENT,
  `type_title` varchar(255) CHARACTER SET utf8mb4 COLLATE utf8mb4_unicode_ci NOT NULL DEFAULT '',
  `type_alias` varchar(400) CHARACTER SET utf8mb4 COLLATE utf8mb4_unicode_ci NOT NULL DEFAULT '',
  `table` varchar(2048) CHARACTER SET utf8mb4 COLLATE utf8mb4_unicode_ci NOT NULL DEFAULT '',
  `rules` text CHARACTER SET utf8mb4 COLLATE utf8mb4_unicode_ci NOT NULL,
  `field_mappings` text CHARACTER SET utf8mb4 COLLATE utf8mb4_unicode_ci NOT NULL,
  `router` varchar(255) CHARACTER SET utf8mb4 COLLATE utf8mb4_unicode_ci NOT NULL DEFAULT '',
  `content_history_options` varchar(5120) CHARACTER SET utf8mb4 COLLATE utf8mb4_unicode_ci DEFAULT NULL COMMENT 'JSON string for com_contenthistory options',
  PRIMARY KEY (`type_id`),
  KEY `idx_alias` (`type_alias`(100))
) ENGINE=InnoDB AUTO_INCREMENT=10000 DEFAULT CHARSET=utf8mb4 COLLATE=utf8mb4_unicode_ci;
/*!40101 SET character_set_client = @saved_cs_client */;

--
-- Dumping data for table `lcoa2_content_types`
--

LOCK TABLES `lcoa2_content_types` WRITE;
/*!40000 ALTER TABLE `lcoa2_content_types` DISABLE KEYS */;
INSERT INTO `lcoa2_content_types` VALUES (1,'Article','com_content.article','{\"special\":{\"dbtable\":\"#__content\",\"key\":\"id\",\"type\":\"ArticleTable\",\"prefix\":\"Joomla\\\\Component\\\\Content\\\\Administrator\\\\Table\\\\\",\"config\":\"array()\"},\"common\":{\"dbtable\":\"#__ucm_content\",\"key\":\"ucm_id\",\"type\":\"Corecontent\",\"prefix\":\"Joomla\\\\CMS\\\\Table\\\\\",\"config\":\"array()\"}}','','{\"common\":{\"core_content_item_id\":\"id\",\"core_title\":\"title\",\"core_state\":\"state\",\"core_alias\":\"alias\",\"core_created_user_id\":\"created_by\",\"core_created_by_alias\":\"created_by_alias\",\"core_created_time\":\"created\",\"core_modified_time\":\"modified\",\"core_body\":\"introtext\", \"core_hits\":\"hits\",\"core_publish_up\":\"publish_up\",\"core_publish_down\":\"publish_down\",\"core_access\":\"access\", \"core_params\":\"attribs\", \"core_featured\":\"featured\", \"core_metadata\":\"metadata\", \"core_language\":\"language\", \"core_images\":\"images\", \"core_urls\":\"urls\", \"core_version\":\"version\", \"core_ordering\":\"ordering\", \"core_metakey\":\"metakey\", \"core_metadesc\":\"metadesc\", \"core_catid\":\"catid\", \"asset_id\":\"asset_id\", \"note\":\"note\"}, \"special\":{\"fulltext\":\"fulltext\"}}','ContentHelperRoute::getArticleRoute','{\"formFile\":\"administrator\\/components\\/com_content\\/forms\\/article.xml\", \"hideFields\":[\"asset_id\",\"checked_out\",\"checked_out_time\",\"version\"],\"ignoreChanges\":[\"modified_by\", \"modified\", \"checked_out\", \"checked_out_time\", \"version\", \"hits\", \"ordering\"],\"convertToInt\":[\"publish_up\", \"publish_down\", \"featured\", \"ordering\"],\"displayLookup\":[{\"sourceColumn\":\"catid\",\"targetTable\":\"#__categories\",\"targetColumn\":\"id\",\"displayColumn\":\"title\"},{\"sourceColumn\":\"created_by\",\"targetTable\":\"#__users\",\"targetColumn\":\"id\",\"displayColumn\":\"name\"},{\"sourceColumn\":\"access\",\"targetTable\":\"#__viewlevels\",\"targetColumn\":\"id\",\"displayColumn\":\"title\"},{\"sourceColumn\":\"modified_by\",\"targetTable\":\"#__users\",\"targetColumn\":\"id\",\"displayColumn\":\"name\"},{\"sourceColumn\":\"tags\",\"targetTable\":\"#__tags\",\"targetColumn\":\"id\",\"displayColumn\":\"title\"} ]}'),(2,'Contact','com_contact.contact','{\"special\":{\"dbtable\":\"#__contact_details\",\"key\":\"id\",\"type\":\"ContactTable\",\"prefix\":\"Joomla\\\\Component\\\\Contact\\\\Administrator\\\\Table\\\\\",\"config\":\"array()\"},\"common\":{\"dbtable\":\"#__ucm_content\",\"key\":\"ucm_id\",\"type\":\"Corecontent\",\"prefix\":\"Joomla\\\\CMS\\\\Table\\\\\",\"config\":\"array()\"}}','','{\"common\":{\"core_content_item_id\":\"id\",\"core_title\":\"name\",\"core_state\":\"published\",\"core_alias\":\"alias\",\"core_created_time\":\"created\",\"core_modified_time\":\"modified\",\"core_body\":\"address\", \"core_hits\":\"hits\",\"core_publish_up\":\"publish_up\",\"core_publish_down\":\"publish_down\",\"core_access\":\"access\", \"core_params\":\"params\", \"core_featured\":\"featured\", \"core_metadata\":\"metadata\", \"core_language\":\"language\", \"core_images\":\"image\", \"core_urls\":\"webpage\", \"core_version\":\"version\", \"core_ordering\":\"ordering\", \"core_metakey\":\"metakey\", \"core_metadesc\":\"metadesc\", \"core_catid\":\"catid\", \"asset_id\":\"null\"}, \"special\":{\"con_position\":\"con_position\",\"suburb\":\"suburb\",\"state\":\"state\",\"country\":\"country\",\"postcode\":\"postcode\",\"telephone\":\"telephone\",\"fax\":\"fax\",\"misc\":\"misc\",\"email_to\":\"email_to\",\"default_con\":\"default_con\",\"user_id\":\"user_id\",\"mobile\":\"mobile\",\"sortname1\":\"sortname1\",\"sortname2\":\"sortname2\",\"sortname3\":\"sortname3\"}}','ContactHelperRoute::getContactRoute','{\"formFile\":\"administrator\\/components\\/com_contact\\/forms\\/contact.xml\",\"hideFields\":[\"default_con\",\"checked_out\",\"checked_out_time\",\"version\"],\"ignoreChanges\":[\"modified_by\", \"modified\", \"checked_out\", \"checked_out_time\", \"version\", \"hits\"],\"convertToInt\":[\"publish_up\", \"publish_down\", \"featured\", \"ordering\"], \"displayLookup\":[ {\"sourceColumn\":\"created_by\",\"targetTable\":\"#__users\",\"targetColumn\":\"id\",\"displayColumn\":\"name\"},{\"sourceColumn\":\"catid\",\"targetTable\":\"#__categories\",\"targetColumn\":\"id\",\"displayColumn\":\"title\"},{\"sourceColumn\":\"modified_by\",\"targetTable\":\"#__users\",\"targetColumn\":\"id\",\"displayColumn\":\"name\"},{\"sourceColumn\":\"access\",\"targetTable\":\"#__viewlevels\",\"targetColumn\":\"id\",\"displayColumn\":\"title\"},{\"sourceColumn\":\"user_id\",\"targetTable\":\"#__users\",\"targetColumn\":\"id\",\"displayColumn\":\"name\"},{\"sourceColumn\":\"tags\",\"targetTable\":\"#__tags\",\"targetColumn\":\"id\",\"displayColumn\":\"title\"} ] }'),(3,'Newsfeed','com_newsfeeds.newsfeed','{\"special\":{\"dbtable\":\"#__newsfeeds\",\"key\":\"id\",\"type\":\"NewsfeedTable\",\"prefix\":\"Joomla\\\\Component\\\\Newsfeeds\\\\Administrator\\\\Table\\\\\",\"config\":\"array()\"},\"common\":{\"dbtable\":\"#__ucm_content\",\"key\":\"ucm_id\",\"type\":\"Corecontent\",\"prefix\":\"Joomla\\\\CMS\\\\Table\\\\\",\"config\":\"array()\"}}','','{\"common\":{\"core_content_item_id\":\"id\",\"core_title\":\"name\",\"core_state\":\"published\",\"core_alias\":\"alias\",\"core_created_time\":\"created\",\"core_modified_time\":\"modified\",\"core_body\":\"description\", \"core_hits\":\"hits\",\"core_publish_up\":\"publish_up\",\"core_publish_down\":\"publish_down\",\"core_access\":\"access\", \"core_params\":\"params\", \"core_featured\":\"featured\", \"core_metadata\":\"metadata\", \"core_language\":\"language\", \"core_images\":\"images\", \"core_urls\":\"link\", \"core_version\":\"version\", \"core_ordering\":\"ordering\", \"core_metakey\":\"metakey\", \"core_metadesc\":\"metadesc\", \"core_catid\":\"catid\", \"asset_id\":\"null\"}, \"special\":{\"numarticles\":\"numarticles\",\"cache_time\":\"cache_time\",\"rtl\":\"rtl\"}}','NewsfeedsHelperRoute::getNewsfeedRoute','{\"formFile\":\"administrator\\/components\\/com_newsfeeds\\/forms\\/newsfeed.xml\",\"hideFields\":[\"asset_id\",\"checked_out\",\"checked_out_time\",\"version\"],\"ignoreChanges\":[\"modified_by\", \"modified\", \"checked_out\", \"checked_out_time\", \"version\", \"hits\"],\"convertToInt\":[\"publish_up\", \"publish_down\", \"featured\", \"ordering\"],\"displayLookup\":[{\"sourceColumn\":\"catid\",\"targetTable\":\"#__categories\",\"targetColumn\":\"id\",\"displayColumn\":\"title\"},{\"sourceColumn\":\"created_by\",\"targetTable\":\"#__users\",\"targetColumn\":\"id\",\"displayColumn\":\"name\"},{\"sourceColumn\":\"access\",\"targetTable\":\"#__viewlevels\",\"targetColumn\":\"id\",\"displayColumn\":\"title\"},{\"sourceColumn\":\"modified_by\",\"targetTable\":\"#__users\",\"targetColumn\":\"id\",\"displayColumn\":\"name\"},{\"sourceColumn\":\"tags\",\"targetTable\":\"#__tags\",\"targetColumn\":\"id\",\"displayColumn\":\"title\"} ]}'),(4,'User','com_users.user','{\"special\":{\"dbtable\":\"#__users\",\"key\":\"id\",\"type\":\"User\",\"prefix\":\"Joomla\\\\CMS\\\\Table\\\\\",\"config\":\"array()\"},\"common\":{\"dbtable\":\"#__ucm_content\",\"key\":\"ucm_id\",\"type\":\"Corecontent\",\"prefix\":\"Joomla\\\\CMS\\\\Table\\\\\",\"config\":\"array()\"}}','','{\"common\":{\"core_content_item_id\":\"id\",\"core_title\":\"name\",\"core_state\":\"null\",\"core_alias\":\"username\",\"core_created_time\":\"registerDate\",\"core_modified_time\":\"lastvisitDate\",\"core_body\":\"null\", \"core_hits\":\"null\",\"core_publish_up\":\"null\",\"core_publish_down\":\"null\",\"access\":\"null\", \"core_params\":\"params\", \"core_featured\":\"null\", \"core_metadata\":\"null\", \"core_language\":\"null\", \"core_images\":\"null\", \"core_urls\":\"null\", \"core_version\":\"null\", \"core_ordering\":\"null\", \"core_metakey\":\"null\", \"core_metadesc\":\"null\", \"core_catid\":\"null\", \"asset_id\":\"null\"}, \"special\":{}}','',''),(5,'Article Category','com_content.category','{\"special\":{\"dbtable\":\"#__categories\",\"key\":\"id\",\"type\":\"CategoryTable\",\"prefix\":\"Joomla\\\\Component\\\\Categories\\\\Administrator\\\\Table\\\\\",\"config\":\"array()\"},\"common\":{\"dbtable\":\"#__ucm_content\",\"key\":\"ucm_id\",\"type\":\"Corecontent\",\"prefix\":\"Joomla\\\\CMS\\\\Table\\\\\",\"config\":\"array()\"}}','','{\"common\":{\"core_content_item_id\":\"id\",\"core_title\":\"title\",\"core_state\":\"published\",\"core_alias\":\"alias\",\"core_created_time\":\"created_time\",\"core_modified_time\":\"modified_time\",\"core_body\":\"description\", \"core_hits\":\"hits\",\"core_publish_up\":\"null\",\"core_publish_down\":\"null\",\"core_access\":\"access\", \"core_params\":\"params\", \"core_featured\":\"null\", \"core_metadata\":\"metadata\", \"core_language\":\"language\", \"core_images\":\"null\", \"core_urls\":\"null\", \"core_version\":\"version\", \"core_ordering\":\"null\", \"core_metakey\":\"metakey\", \"core_metadesc\":\"metadesc\", \"core_catid\":\"parent_id\", \"asset_id\":\"asset_id\"}, \"special\":{\"parent_id\":\"parent_id\",\"lft\":\"lft\",\"rgt\":\"rgt\",\"level\":\"level\",\"path\":\"path\",\"extension\":\"extension\",\"note\":\"note\"}}','ContentHelperRoute::getCategoryRoute','{\"formFile\":\"administrator\\/components\\/com_categories\\/forms\\/category.xml\", \"hideFields\":[\"asset_id\",\"checked_out\",\"checked_out_time\",\"version\",\"lft\",\"rgt\",\"level\",\"path\",\"extension\"], \"ignoreChanges\":[\"modified_user_id\", \"modified_time\", \"checked_out\", \"checked_out_time\", \"version\", \"hits\", \"path\"],\"convertToInt\":[\"publish_up\", \"publish_down\"], \"displayLookup\":[{\"sourceColumn\":\"created_user_id\",\"targetTable\":\"#__users\",\"targetColumn\":\"id\",\"displayColumn\":\"name\"},{\"sourceColumn\":\"access\",\"targetTable\":\"#__viewlevels\",\"targetColumn\":\"id\",\"displayColumn\":\"title\"},{\"sourceColumn\":\"modified_user_id\",\"targetTable\":\"#__users\",\"targetColumn\":\"id\",\"displayColumn\":\"name\"},{\"sourceColumn\":\"parent_id\",\"targetTable\":\"#__categories\",\"targetColumn\":\"id\",\"displayColumn\":\"title\"},{\"sourceColumn\":\"tags\",\"targetTable\":\"#__tags\",\"targetColumn\":\"id\",\"displayColumn\":\"title\"}]}'),(6,'Contact Category','com_contact.category','{\"special\":{\"dbtable\":\"#__categories\",\"key\":\"id\",\"type\":\"CategoryTable\",\"prefix\":\"Joomla\\\\Component\\\\Categories\\\\Administrator\\\\Table\\\\\",\"config\":\"array()\"},\"common\":{\"dbtable\":\"#__ucm_content\",\"key\":\"ucm_id\",\"type\":\"Corecontent\",\"prefix\":\"Joomla\\\\CMS\\\\Table\\\\\",\"config\":\"array()\"}}','','{\"common\":{\"core_content_item_id\":\"id\",\"core_title\":\"title\",\"core_state\":\"published\",\"core_alias\":\"alias\",\"core_created_time\":\"created_time\",\"core_modified_time\":\"modified_time\",\"core_body\":\"description\", \"core_hits\":\"hits\",\"core_publish_up\":\"null\",\"core_publish_down\":\"null\",\"core_access\":\"access\", \"core_params\":\"params\", \"core_featured\":\"null\", \"core_metadata\":\"metadata\", \"core_language\":\"language\", \"core_images\":\"null\", \"core_urls\":\"null\", \"core_version\":\"version\", \"core_ordering\":\"null\", \"core_metakey\":\"metakey\", \"core_metadesc\":\"metadesc\", \"core_catid\":\"parent_id\", \"asset_id\":\"asset_id\"}, \"special\":{\"parent_id\":\"parent_id\",\"lft\":\"lft\",\"rgt\":\"rgt\",\"level\":\"level\",\"path\":\"path\",\"extension\":\"extension\",\"note\":\"note\"}}','ContactHelperRoute::getCategoryRoute','{\"formFile\":\"administrator\\/components\\/com_categories\\/forms\\/category.xml\", \"hideFields\":[\"asset_id\",\"checked_out\",\"checked_out_time\",\"version\",\"lft\",\"rgt\",\"level\",\"path\",\"extension\"], \"ignoreChanges\":[\"modified_user_id\", \"modified_time\", \"checked_out\", \"checked_out_time\", \"version\", \"hits\", \"path\"],\"convertToInt\":[\"publish_up\", \"publish_down\"], \"displayLookup\":[{\"sourceColumn\":\"created_user_id\",\"targetTable\":\"#__users\",\"targetColumn\":\"id\",\"displayColumn\":\"name\"},{\"sourceColumn\":\"access\",\"targetTable\":\"#__viewlevels\",\"targetColumn\":\"id\",\"displayColumn\":\"title\"},{\"sourceColumn\":\"modified_user_id\",\"targetTable\":\"#__users\",\"targetColumn\":\"id\",\"displayColumn\":\"name\"},{\"sourceColumn\":\"parent_id\",\"targetTable\":\"#__categories\",\"targetColumn\":\"id\",\"displayColumn\":\"title\"},{\"sourceColumn\":\"tags\",\"targetTable\":\"#__tags\",\"targetColumn\":\"id\",\"displayColumn\":\"title\"}]}'),(7,'Newsfeeds Category','com_newsfeeds.category','{\"special\":{\"dbtable\":\"#__categories\",\"key\":\"id\",\"type\":\"CategoryTable\",\"prefix\":\"Joomla\\\\Component\\\\Categories\\\\Administrator\\\\Table\\\\\",\"config\":\"array()\"},\"common\":{\"dbtable\":\"#__ucm_content\",\"key\":\"ucm_id\",\"type\":\"Corecontent\",\"prefix\":\"Joomla\\\\CMS\\\\Table\\\\\",\"config\":\"array()\"}}','','{\"common\":{\"core_content_item_id\":\"id\",\"core_title\":\"title\",\"core_state\":\"published\",\"core_alias\":\"alias\",\"core_created_time\":\"created_time\",\"core_modified_time\":\"modified_time\",\"core_body\":\"description\", \"core_hits\":\"hits\",\"core_publish_up\":\"null\",\"core_publish_down\":\"null\",\"core_access\":\"access\", \"core_params\":\"params\", \"core_featured\":\"null\", \"core_metadata\":\"metadata\", \"core_language\":\"language\", \"core_images\":\"null\", \"core_urls\":\"null\", \"core_version\":\"version\", \"core_ordering\":\"null\", \"core_metakey\":\"metakey\", \"core_metadesc\":\"metadesc\", \"core_catid\":\"parent_id\", \"asset_id\":\"asset_id\"}, \"special\":{\"parent_id\":\"parent_id\",\"lft\":\"lft\",\"rgt\":\"rgt\",\"level\":\"level\",\"path\":\"path\",\"extension\":\"extension\",\"note\":\"note\"}}','NewsfeedsHelperRoute::getCategoryRoute','{\"formFile\":\"administrator\\/components\\/com_categories\\/forms\\/category.xml\", \"hideFields\":[\"asset_id\",\"checked_out\",\"checked_out_time\",\"version\",\"lft\",\"rgt\",\"level\",\"path\",\"extension\"], \"ignoreChanges\":[\"modified_user_id\", \"modified_time\", \"checked_out\", \"checked_out_time\", \"version\", \"hits\", \"path\"],\"convertToInt\":[\"publish_up\", \"publish_down\"], \"displayLookup\":[{\"sourceColumn\":\"created_user_id\",\"targetTable\":\"#__users\",\"targetColumn\":\"id\",\"displayColumn\":\"name\"},{\"sourceColumn\":\"access\",\"targetTable\":\"#__viewlevels\",\"targetColumn\":\"id\",\"displayColumn\":\"title\"},{\"sourceColumn\":\"modified_user_id\",\"targetTable\":\"#__users\",\"targetColumn\":\"id\",\"displayColumn\":\"name\"},{\"sourceColumn\":\"parent_id\",\"targetTable\":\"#__categories\",\"targetColumn\":\"id\",\"displayColumn\":\"title\"},{\"sourceColumn\":\"tags\",\"targetTable\":\"#__tags\",\"targetColumn\":\"id\",\"displayColumn\":\"title\"}]}'),(8,'Tag','com_tags.tag','{\"special\":{\"dbtable\":\"#__tags\",\"key\":\"tag_id\",\"type\":\"TagTable\",\"prefix\":\"Joomla\\\\Component\\\\Tags\\\\Administrator\\\\Table\\\\\",\"config\":\"array()\"},\"common\":{\"dbtable\":\"#__ucm_content\",\"key\":\"ucm_id\",\"type\":\"Corecontent\",\"prefix\":\"Joomla\\\\CMS\\\\Table\\\\\",\"config\":\"array()\"}}','','{\"common\":{\"core_content_item_id\":\"id\",\"core_title\":\"title\",\"core_state\":\"published\",\"core_alias\":\"alias\",\"core_created_time\":\"created_time\",\"core_modified_time\":\"modified_time\",\"core_body\":\"description\", \"core_hits\":\"hits\",\"core_publish_up\":\"null\",\"core_publish_down\":\"null\",\"core_access\":\"access\", \"core_params\":\"params\", \"core_featured\":\"featured\", \"core_metadata\":\"metadata\", \"core_language\":\"language\", \"core_images\":\"images\", \"core_urls\":\"urls\", \"core_version\":\"version\", \"core_ordering\":\"null\", \"core_metakey\":\"metakey\", \"core_metadesc\":\"metadesc\", \"core_catid\":\"null\", \"asset_id\":\"null\"}, \"special\":{\"parent_id\":\"parent_id\",\"lft\":\"lft\",\"rgt\":\"rgt\",\"level\":\"level\",\"path\":\"path\"}}','TagsHelperRoute::getTagRoute','{\"formFile\":\"administrator\\/components\\/com_tags\\/forms\\/tag.xml\", \"hideFields\":[\"checked_out\",\"checked_out_time\",\"version\", \"lft\", \"rgt\", \"level\", \"path\", \"urls\", \"publish_up\", \"publish_down\"],\"ignoreChanges\":[\"modified_user_id\", \"modified_time\", \"checked_out\", \"checked_out_time\", \"version\", \"hits\", \"path\"],\"convertToInt\":[\"publish_up\", \"publish_down\"], \"displayLookup\":[{\"sourceColumn\":\"created_user_id\",\"targetTable\":\"#__users\",\"targetColumn\":\"id\",\"displayColumn\":\"name\"}, {\"sourceColumn\":\"access\",\"targetTable\":\"#__viewlevels\",\"targetColumn\":\"id\",\"displayColumn\":\"title\"}, {\"sourceColumn\":\"modified_user_id\",\"targetTable\":\"#__users\",\"targetColumn\":\"id\",\"displayColumn\":\"name\"}]}'),(9,'Banner','com_banners.banner','{\"special\":{\"dbtable\":\"#__banners\",\"key\":\"id\",\"type\":\"BannerTable\",\"prefix\":\"Joomla\\\\Component\\\\Banners\\\\Administrator\\\\Table\\\\\",\"config\":\"array()\"},\"common\":{\"dbtable\":\"#__ucm_content\",\"key\":\"ucm_id\",\"type\":\"Corecontent\",\"prefix\":\"Joomla\\\\CMS\\\\Table\\\\\",\"config\":\"array()\"}}','','{\"common\":{\"core_content_item_id\":\"id\",\"core_title\":\"name\",\"core_state\":\"published\",\"core_alias\":\"alias\",\"core_created_time\":\"created\",\"core_modified_time\":\"modified\",\"core_body\":\"description\", \"core_hits\":\"null\",\"core_publish_up\":\"publish_up\",\"core_publish_down\":\"publish_down\",\"core_access\":\"access\", \"core_params\":\"params\", \"core_featured\":\"null\", \"core_metadata\":\"metadata\", \"core_language\":\"language\", \"core_images\":\"images\", \"core_urls\":\"link\", \"core_version\":\"version\", \"core_ordering\":\"ordering\", \"core_metakey\":\"metakey\", \"core_metadesc\":\"metadesc\", \"core_catid\":\"catid\", \"asset_id\":\"null\"}, \"special\":{\"imptotal\":\"imptotal\", \"impmade\":\"impmade\", \"clicks\":\"clicks\", \"clickurl\":\"clickurl\", \"custombannercode\":\"custombannercode\", \"cid\":\"cid\", \"purchase_type\":\"purchase_type\", \"track_impressions\":\"track_impressions\", \"track_clicks\":\"track_clicks\"}}','','{\"formFile\":\"administrator\\/components\\/com_banners\\/forms\\/banner.xml\", \"hideFields\":[\"checked_out\",\"checked_out_time\",\"version\", \"reset\"],\"ignoreChanges\":[\"modified_by\", \"modified\", \"checked_out\", \"checked_out_time\", \"version\", \"imptotal\", \"impmade\", \"reset\"], \"convertToInt\":[\"publish_up\", \"publish_down\", \"ordering\"], \"displayLookup\":[{\"sourceColumn\":\"catid\",\"targetTable\":\"#__categories\",\"targetColumn\":\"id\",\"displayColumn\":\"title\"}, {\"sourceColumn\":\"cid\",\"targetTable\":\"#__banner_clients\",\"targetColumn\":\"id\",\"displayColumn\":\"name\"}, {\"sourceColumn\":\"created_by\",\"targetTable\":\"#__users\",\"targetColumn\":\"id\",\"displayColumn\":\"name\"},{\"sourceColumn\":\"modified_by\",\"targetTable\":\"#__users\",\"targetColumn\":\"id\",\"displayColumn\":\"name\"} ]}'),(10,'Banners Category','com_banners.category','{\"special\":{\"dbtable\":\"#__categories\",\"key\":\"id\",\"type\":\"CategoryTable\",\"prefix\":\"Joomla\\\\Component\\\\Categories\\\\Administrator\\\\Table\\\\\",\"config\":\"array()\"},\"common\":{\"dbtable\":\"#__ucm_content\",\"key\":\"ucm_id\",\"type\":\"Corecontent\",\"prefix\":\"Joomla\\\\CMS\\\\Table\\\\\",\"config\":\"array()\"}}','','{\"common\":{\"core_content_item_id\":\"id\",\"core_title\":\"title\",\"core_state\":\"published\",\"core_alias\":\"alias\",\"core_created_time\":\"created_time\",\"core_modified_time\":\"modified_time\",\"core_body\":\"description\", \"core_hits\":\"hits\",\"core_publish_up\":\"null\",\"core_publish_down\":\"null\",\"core_access\":\"access\", \"core_params\":\"params\", \"core_featured\":\"null\", \"core_metadata\":\"metadata\", \"core_language\":\"language\", \"core_images\":\"null\", \"core_urls\":\"null\", \"core_version\":\"version\", \"core_ordering\":\"null\", \"core_metakey\":\"metakey\", \"core_metadesc\":\"metadesc\", \"core_catid\":\"parent_id\", \"asset_id\":\"asset_id\"}, \"special\": {\"parent_id\":\"parent_id\",\"lft\":\"lft\",\"rgt\":\"rgt\",\"level\":\"level\",\"path\":\"path\",\"extension\":\"extension\",\"note\":\"note\"}}','','{\"formFile\":\"administrator\\/components\\/com_categories\\/forms\\/category.xml\", \"hideFields\":[\"asset_id\",\"checked_out\",\"checked_out_time\",\"version\",\"lft\",\"rgt\",\"level\",\"path\",\"extension\"], \"ignoreChanges\":[\"modified_user_id\", \"modified_time\", \"checked_out\", \"checked_out_time\", \"version\", \"hits\", \"path\"], \"convertToInt\":[\"publish_up\", \"publish_down\"], \"displayLookup\":[{\"sourceColumn\":\"created_user_id\",\"targetTable\":\"#__users\",\"targetColumn\":\"id\",\"displayColumn\":\"name\"},{\"sourceColumn\":\"access\",\"targetTable\":\"#__viewlevels\",\"targetColumn\":\"id\",\"displayColumn\":\"title\"},{\"sourceColumn\":\"modified_user_id\",\"targetTable\":\"#__users\",\"targetColumn\":\"id\",\"displayColumn\":\"name\"},{\"sourceColumn\":\"parent_id\",\"targetTable\":\"#__categories\",\"targetColumn\":\"id\",\"displayColumn\":\"title\"},{\"sourceColumn\":\"tags\",\"targetTable\":\"#__tags\",\"targetColumn\":\"id\",\"displayColumn\":\"title\"}]}'),(11,'Banner Client','com_banners.client','{\"special\":{\"dbtable\":\"#__banner_clients\",\"key\":\"id\",\"type\":\"ClientTable\",\"prefix\":\"Joomla\\\\Component\\\\Banners\\\\Administrator\\\\Table\\\\\"}}','','','','{\"formFile\":\"administrator\\/components\\/com_banners\\/forms\\/client.xml\", \"hideFields\":[\"checked_out\",\"checked_out_time\"], \"ignoreChanges\":[\"checked_out\", \"checked_out_time\"], \"convertToInt\":[], \"displayLookup\":[]}'),(12,'User Notes','com_users.note','{\"special\":{\"dbtable\":\"#__user_notes\",\"key\":\"id\",\"type\":\"NoteTable\",\"prefix\":\"Joomla\\\\Component\\\\Users\\\\Administrator\\\\Table\\\\\"}}','','','','{\"formFile\":\"administrator\\/components\\/com_users\\/forms\\/note.xml\", \"hideFields\":[\"checked_out\",\"checked_out_time\", \"publish_up\", \"publish_down\"],\"ignoreChanges\":[\"modified_user_id\", \"modified_time\", \"checked_out\", \"checked_out_time\"], \"convertToInt\":[\"publish_up\", \"publish_down\"],\"displayLookup\":[{\"sourceColumn\":\"catid\",\"targetTable\":\"#__categories\",\"targetColumn\":\"id\",\"displayColumn\":\"title\"}, {\"sourceColumn\":\"created_user_id\",\"targetTable\":\"#__users\",\"targetColumn\":\"id\",\"displayColumn\":\"name\"}, {\"sourceColumn\":\"user_id\",\"targetTable\":\"#__users\",\"targetColumn\":\"id\",\"displayColumn\":\"name\"}, {\"sourceColumn\":\"modified_user_id\",\"targetTable\":\"#__users\",\"targetColumn\":\"id\",\"displayColumn\":\"name\"}]}'),(13,'User Notes Category','com_users.category','{\"special\":{\"dbtable\":\"#__categories\",\"key\":\"id\",\"type\":\"CategoryTable\",\"prefix\":\"Joomla\\\\Component\\\\Categories\\\\Administrator\\\\Table\\\\\",\"config\":\"array()\"},\"common\":{\"dbtable\":\"#__ucm_content\",\"key\":\"ucm_id\",\"type\":\"Corecontent\",\"prefix\":\"Joomla\\\\CMS\\\\Table\\\\\",\"config\":\"array()\"}}','','{\"common\":{\"core_content_item_id\":\"id\",\"core_title\":\"title\",\"core_state\":\"published\",\"core_alias\":\"alias\",\"core_created_time\":\"created_time\",\"core_modified_time\":\"modified_time\",\"core_body\":\"description\", \"core_hits\":\"hits\",\"core_publish_up\":\"null\",\"core_publish_down\":\"null\",\"core_access\":\"access\", \"core_params\":\"params\", \"core_featured\":\"null\", \"core_metadata\":\"metadata\", \"core_language\":\"language\", \"core_images\":\"null\", \"core_urls\":\"null\", \"core_version\":\"version\", \"core_ordering\":\"null\", \"core_metakey\":\"metakey\", \"core_metadesc\":\"metadesc\", \"core_catid\":\"parent_id\", \"asset_id\":\"asset_id\"}, \"special\":{\"parent_id\":\"parent_id\",\"lft\":\"lft\",\"rgt\":\"rgt\",\"level\":\"level\",\"path\":\"path\",\"extension\":\"extension\",\"note\":\"note\"}}','','{\"formFile\":\"administrator\\/components\\/com_categories\\/forms\\/category.xml\", \"hideFields\":[\"checked_out\",\"checked_out_time\",\"version\",\"lft\",\"rgt\",\"level\",\"path\",\"extension\"], \"ignoreChanges\":[\"modified_user_id\", \"modified_time\", \"checked_out\", \"checked_out_time\", \"version\", \"hits\", \"path\"], \"convertToInt\":[\"publish_up\", \"publish_down\"], \"displayLookup\":[{\"sourceColumn\":\"created_user_id\",\"targetTable\":\"#__users\",\"targetColumn\":\"id\",\"displayColumn\":\"name\"}, {\"sourceColumn\":\"access\",\"targetTable\":\"#__viewlevels\",\"targetColumn\":\"id\",\"displayColumn\":\"title\"},{\"sourceColumn\":\"modified_user_id\",\"targetTable\":\"#__users\",\"targetColumn\":\"id\",\"displayColumn\":\"name\"},{\"sourceColumn\":\"parent_id\",\"targetTable\":\"#__categories\",\"targetColumn\":\"id\",\"displayColumn\":\"title\"},{\"sourceColumn\":\"tags\",\"targetTable\":\"#__tags\",\"targetColumn\":\"id\",\"displayColumn\":\"title\"}]}');
/*!40000 ALTER TABLE `lcoa2_content_types` ENABLE KEYS */;
UNLOCK TABLES;

--
-- Table structure for table `lcoa2_contentitem_tag_map`
--

DROP TABLE IF EXISTS `lcoa2_contentitem_tag_map`;
/*!40101 SET @saved_cs_client     = @@character_set_client */;
/*!50503 SET character_set_client = utf8mb4 */;
CREATE TABLE `lcoa2_contentitem_tag_map` (
  `type_alias` varchar(255) CHARACTER SET utf8mb4 COLLATE utf8mb4_unicode_ci NOT NULL DEFAULT '',
  `core_content_id` int unsigned NOT NULL COMMENT 'PK from the core content table',
  `content_item_id` int NOT NULL COMMENT 'PK from the content type table',
  `tag_id` int unsigned NOT NULL COMMENT 'PK from the tag table',
  `tag_date` timestamp NOT NULL DEFAULT CURRENT_TIMESTAMP ON UPDATE CURRENT_TIMESTAMP COMMENT 'Date of most recent save for this tag-item',
  `type_id` mediumint NOT NULL COMMENT 'PK from the content_type table',
  UNIQUE KEY `uc_ItemnameTagid` (`type_id`,`content_item_id`,`tag_id`),
  KEY `idx_tag_type` (`tag_id`,`type_id`),
  KEY `idx_date_id` (`tag_date`,`tag_id`),
  KEY `idx_core_content_id` (`core_content_id`)
) ENGINE=InnoDB DEFAULT CHARSET=utf8mb4 COLLATE=utf8mb4_unicode_ci COMMENT='Maps items from content tables to tags';
/*!40101 SET character_set_client = @saved_cs_client */;

--
-- Dumping data for table `lcoa2_contentitem_tag_map`
--

LOCK TABLES `lcoa2_contentitem_tag_map` WRITE;
/*!40000 ALTER TABLE `lcoa2_contentitem_tag_map` DISABLE KEYS */;
/*!40000 ALTER TABLE `lcoa2_contentitem_tag_map` ENABLE KEYS */;
UNLOCK TABLES;

--
-- Table structure for table `lcoa2_extensions`
--

DROP TABLE IF EXISTS `lcoa2_extensions`;
/*!40101 SET @saved_cs_client     = @@character_set_client */;
/*!50503 SET character_set_client = utf8mb4 */;
CREATE TABLE `lcoa2_extensions` (
  `extension_id` int NOT NULL AUTO_INCREMENT,
  `package_id` int NOT NULL DEFAULT '0' COMMENT 'Parent package ID for extensions installed as a package.',
  `name` varchar(100) CHARACTER SET utf8mb4 COLLATE utf8mb4_unicode_ci NOT NULL,
  `type` varchar(20) CHARACTER SET utf8mb4 COLLATE utf8mb4_unicode_ci NOT NULL,
  `element` varchar(100) CHARACTER SET utf8mb4 COLLATE utf8mb4_unicode_ci NOT NULL,
  `changelogurl` text CHARACTER SET utf8mb4 COLLATE utf8mb4_unicode_ci,
  `folder` varchar(100) CHARACTER SET utf8mb4 COLLATE utf8mb4_unicode_ci NOT NULL,
  `client_id` tinyint NOT NULL,
  `enabled` tinyint NOT NULL DEFAULT '0',
  `access` int unsigned NOT NULL DEFAULT '1',
  `protected` tinyint NOT NULL DEFAULT '0' COMMENT 'Flag to indicate if the extension is protected. Protected extensions cannot be disabled.',
  `locked` tinyint NOT NULL DEFAULT '0' COMMENT 'Flag to indicate if the extension is locked. Locked extensions cannot be uninstalled.',
  `manifest_cache` text CHARACTER SET utf8mb4 COLLATE utf8mb4_unicode_ci NOT NULL,
  `params` text CHARACTER SET utf8mb4 COLLATE utf8mb4_unicode_ci NOT NULL,
  `custom_data` text CHARACTER SET utf8mb4 COLLATE utf8mb4_unicode_ci NOT NULL,
  `checked_out` int unsigned DEFAULT NULL,
  `checked_out_time` datetime DEFAULT NULL,
  `ordering` int DEFAULT '0',
  `state` int DEFAULT '0',
  `note` varchar(255) CHARACTER SET utf8mb4 COLLATE utf8mb4_unicode_ci DEFAULT NULL,
  PRIMARY KEY (`extension_id`),
  KEY `element_clientid` (`element`,`client_id`),
  KEY `element_folder_clientid` (`element`,`folder`,`client_id`),
  KEY `extension` (`type`,`element`,`folder`,`client_id`)
) ENGINE=InnoDB AUTO_INCREMENT=251 DEFAULT CHARSET=utf8mb4 COLLATE=utf8mb4_unicode_ci;
/*!40101 SET character_set_client = @saved_cs_client */;

--
-- Dumping data for table `lcoa2_extensions`
--

LOCK TABLES `lcoa2_extensions` WRITE;
/*!40000 ALTER TABLE `lcoa2_extensions` DISABLE KEYS */;
INSERT INTO `lcoa2_extensions` VALUES (1,0,'com_wrapper','component','com_wrapper','','',1,1,1,0,1,'{\"name\":\"com_wrapper\",\"type\":\"component\",\"creationDate\":\"2006-04\",\"author\":\"Joomla! Project\",\"copyright\":\"(C) 2007 Open Source Matters, Inc.\\n\\t\",\"authorEmail\":\"admin@joomla.org\",\"authorUrl\":\"www.joomla.org\",\"version\":\"4.0.0\",\"description\":\"COM_WRAPPER_XML_DESCRIPTION\",\"group\":\"\",\"changelogurl\":\"\",\"namespace\":\"Joomla\\\\Component\\\\Wrapper\",\"filename\":\"wrapper\"}','','',NULL,NULL,0,0,NULL),(2,0,'com_admin','component','com_admin','','',1,1,1,1,1,'{\"name\":\"com_admin\",\"type\":\"component\",\"creationDate\":\"2006-04\",\"author\":\"Joomla! Project\",\"copyright\":\"(C) 2006 Open Source Matters, Inc.\",\"authorEmail\":\"admin@joomla.org\",\"authorUrl\":\"www.joomla.org\",\"version\":\"4.0.0\",\"description\":\"COM_ADMIN_XML_DESCRIPTION\",\"group\":\"\",\"changelogurl\":\"\",\"namespace\":\"Joomla\\\\Component\\\\Admin\"}','','',NULL,NULL,0,0,NULL),(3,0,'com_banners','component','com_banners','','',1,1,1,0,1,'{\"name\":\"com_banners\",\"type\":\"component\",\"creationDate\":\"2006-04\",\"author\":\"Joomla! Project\",\"copyright\":\"(C) 2006 Open Source Matters, Inc.\",\"authorEmail\":\"admin@joomla.org\",\"authorUrl\":\"www.joomla.org\",\"version\":\"4.0.0\",\"description\":\"COM_BANNERS_XML_DESCRIPTION\",\"group\":\"\",\"changelogurl\":\"\",\"namespace\":\"Joomla\\\\Component\\\\Banners\",\"filename\":\"banners\"}','{\"purchase_type\":\"3\",\"track_impressions\":\"0\",\"track_clicks\":\"0\",\"metakey_prefix\":\"\",\"save_history\":\"1\",\"history_limit\":10}','',NULL,NULL,0,0,NULL),(4,0,'com_cache','component','com_cache','','',1,1,1,1,1,'{\"name\":\"com_cache\",\"type\":\"component\",\"creationDate\":\"2006-04\",\"author\":\"Joomla! Project\",\"copyright\":\"(C) 2006 Open Source Matters, Inc.\",\"authorEmail\":\"admin@joomla.org\",\"authorUrl\":\"www.joomla.org\",\"version\":\"4.0.0\",\"description\":\"COM_CACHE_XML_DESCRIPTION\",\"group\":\"\",\"changelogurl\":\"\",\"namespace\":\"Joomla\\\\Component\\\\Cache\"}','','',NULL,NULL,0,0,NULL),(5,0,'com_categories','component','com_categories','','',1,1,1,1,1,'{\"name\":\"com_categories\",\"type\":\"component\",\"creationDate\":\"2007-12\",\"author\":\"Joomla! Project\",\"copyright\":\"(C) 2007 Open Source Matters, Inc.\",\"authorEmail\":\"admin@joomla.org\",\"authorUrl\":\"www.joomla.org\",\"version\":\"4.0.0\",\"description\":\"COM_CATEGORIES_XML_DESCRIPTION\",\"group\":\"\",\"changelogurl\":\"\",\"namespace\":\"Joomla\\\\Component\\\\Categories\"}','','',NULL,NULL,0,0,NULL),(6,0,'com_checkin','component','com_checkin','','',1,1,1,1,1,'{\"name\":\"com_checkin\",\"type\":\"component\",\"creationDate\":\"2006-04\",\"author\":\"Joomla! Project\",\"copyright\":\"(C) 2006 Open Source Matters, Inc.\",\"authorEmail\":\"admin@joomla.org\",\"authorUrl\":\"www.joomla.org\",\"version\":\"4.0.0\",\"description\":\"COM_CHECKIN_XML_DESCRIPTION\",\"group\":\"\",\"changelogurl\":\"\",\"namespace\":\"Joomla\\\\Component\\\\Checkin\"}','','',NULL,NULL,0,0,NULL),(7,0,'com_contact','component','com_contact','','',1,1,1,0,1,'{\"name\":\"com_contact\",\"type\":\"component\",\"creationDate\":\"2006-04\",\"author\":\"Joomla! Project\",\"copyright\":\"(C) 2006 Open Source Matters, Inc.\",\"authorEmail\":\"admin@joomla.org\",\"authorUrl\":\"www.joomla.org\",\"version\":\"4.0.0\",\"description\":\"COM_CONTACT_XML_DESCRIPTION\",\"group\":\"\",\"changelogurl\":\"\",\"namespace\":\"Joomla\\\\Component\\\\Contact\",\"filename\":\"contact\"}','{\"contact_layout\":\"_:default\",\"show_contact_category\":\"hide\",\"save_history\":\"1\",\"history_limit\":10,\"show_contact_list\":\"0\",\"presentation_style\":\"sliders\",\"show_tags\":\"1\",\"show_info\":\"1\",\"show_name\":\"1\",\"show_position\":\"1\",\"show_email\":\"0\",\"show_street_address\":\"1\",\"show_suburb\":\"1\",\"show_state\":\"1\",\"show_postcode\":\"1\",\"show_country\":\"1\",\"show_telephone\":\"1\",\"show_mobile\":\"1\",\"show_fax\":\"1\",\"show_webpage\":\"1\",\"show_image\":\"1\",\"show_misc\":\"1\",\"image\":\"\",\"allow_vcard\":\"0\",\"show_articles\":\"0\",\"articles_display_num\":\"10\",\"show_profile\":\"0\",\"show_user_custom_fields\":[\"-1\"],\"show_links\":\"0\",\"linka_name\":\"\",\"linkb_name\":\"\",\"linkc_name\":\"\",\"linkd_name\":\"\",\"linke_name\":\"\",\"contact_icons\":\"0\",\"icon_address\":\"\",\"icon_email\":\"\",\"icon_telephone\":\"\",\"icon_mobile\":\"\",\"icon_fax\":\"\",\"icon_misc\":\"\",\"category_layout\":\"_:default\",\"show_category_title\":\"1\",\"show_description\":\"1\",\"show_description_image\":\"0\",\"maxLevel\":\"-1\",\"show_subcat_desc\":\"1\",\"show_empty_categories\":\"0\",\"show_cat_items\":\"1\",\"show_cat_tags\":\"1\",\"show_base_description\":\"1\",\"maxLevelcat\":\"-1\",\"show_subcat_desc_cat\":\"1\",\"show_empty_categories_cat\":\"0\",\"show_cat_items_cat\":\"1\",\"filter_field\":\"0\",\"show_pagination_limit\":\"0\",\"show_headings\":\"1\",\"show_image_heading\":\"0\",\"show_position_headings\":\"1\",\"show_email_headings\":\"0\",\"show_telephone_headings\":\"1\",\"show_mobile_headings\":\"0\",\"show_fax_headings\":\"0\",\"show_suburb_headings\":\"1\",\"show_state_headings\":\"1\",\"show_country_headings\":\"1\",\"show_pagination\":\"2\",\"show_pagination_results\":\"1\",\"initial_sort\":\"ordering\",\"captcha\":\"\",\"show_email_form\":\"1\",\"show_email_copy\":\"0\",\"banned_email\":\"\",\"banned_subject\":\"\",\"banned_text\":\"\",\"validate_session\":\"1\",\"custom_reply\":\"0\",\"redirect\":\"\",\"show_feed_link\":\"1\",\"sef_ids\":1,\"custom_fields_enable\":\"1\"}','',NULL,NULL,0,0,NULL),(8,0,'com_cpanel','component','com_cpanel','','',1,1,1,1,1,'{\"name\":\"com_cpanel\",\"type\":\"component\",\"creationDate\":\"2007-06\",\"author\":\"Joomla! Project\",\"copyright\":\"(C) 2007 Open Source Matters, Inc.\",\"authorEmail\":\"admin@joomla.org\",\"authorUrl\":\"www.joomla.org\",\"version\":\"4.0.0\",\"description\":\"COM_CPANEL_XML_DESCRIPTION\",\"group\":\"\",\"changelogurl\":\"\",\"namespace\":\"Joomla\\\\Component\\\\Cpanel\"}','','',NULL,NULL,0,0,NULL),(9,0,'com_installer','component','com_installer','','',1,1,1,1,1,'{\"name\":\"com_installer\",\"type\":\"component\",\"creationDate\":\"2006-04\",\"author\":\"Joomla! Project\",\"copyright\":\"(C) 2006 Open Source Matters, Inc.\",\"authorEmail\":\"admin@joomla.org\",\"authorUrl\":\"www.joomla.org\",\"version\":\"4.0.0\",\"description\":\"COM_INSTALLER_XML_DESCRIPTION\",\"group\":\"\",\"changelogurl\":\"\",\"namespace\":\"Joomla\\\\Component\\\\Installer\"}','{\"cachetimeout\":\"6\",\"minimum_stability\":\"4\"}','',NULL,NULL,0,0,NULL),(10,0,'com_languages','component','com_languages','','',1,1,1,1,1,'{\"name\":\"com_languages\",\"type\":\"component\",\"creationDate\":\"2006-04\",\"author\":\"Joomla! Project\",\"copyright\":\"(C) 2006 Open Source Matters, Inc.\",\"authorEmail\":\"admin@joomla.org\",\"authorUrl\":\"www.joomla.org\",\"version\":\"4.0.0\",\"description\":\"COM_LANGUAGES_XML_DESCRIPTION\",\"group\":\"\",\"changelogurl\":\"\",\"namespace\":\"Joomla\\\\Component\\\\Languages\"}','{\"administrator\":\"en-GB\",\"site\":\"en-GB\"}','',NULL,NULL,0,0,NULL),(11,0,'com_login','component','com_login','','',1,1,1,1,1,'{\"name\":\"com_login\",\"type\":\"component\",\"creationDate\":\"2006-04\",\"author\":\"Joomla! Project\",\"copyright\":\"(C) 2006 Open Source Matters, Inc.\",\"authorEmail\":\"admin@joomla.org\",\"authorUrl\":\"www.joomla.org\",\"version\":\"4.0.0\",\"description\":\"COM_LOGIN_XML_DESCRIPTION\",\"group\":\"\",\"changelogurl\":\"\",\"namespace\":\"Joomla\\\\Component\\\\Login\"}','','',NULL,NULL,0,0,NULL),(12,0,'com_media','component','com_media','','',1,1,0,1,1,'{\"name\":\"com_media\",\"type\":\"component\",\"creationDate\":\"2006-04\",\"author\":\"Joomla! Project\",\"copyright\":\"(C) 2006 Open Source Matters, Inc.\",\"authorEmail\":\"admin@joomla.org\",\"authorUrl\":\"www.joomla.org\",\"version\":\"3.0.0\",\"description\":\"COM_MEDIA_XML_DESCRIPTION\",\"group\":\"\",\"changelogurl\":\"\",\"namespace\":\"Joomla\\\\Component\\\\Media\",\"filename\":\"media\"}','{\"upload_maxsize\":\"10\",\"file_path\":\"files\",\"image_path\":\"images\",\"restrict_uploads\":\"1\",\"allowed_media_usergroup\":\"3\",\"restrict_uploads_extensions\":\"bmp,gif,jpg,jpeg,png,webp,avif,ico,mp3,m4a,mp4a,ogg,mp4,mp4v,mpeg,mov,odg,odp,ods,odt,pdf,ppt,txt,xcf,xls,csv\",\"check_mime\":\"1\",\"image_extensions\":\"bmp,gif,jpg,png,jpeg,webp,avif\",\"audio_extensions\":\"mp3,m4a,mp4a,ogg\",\"video_extensions\":\"mp4,mp4v,mpeg,mov,webm\",\"doc_extensions\":\"odg,odp,ods,odt,pdf,ppt,txt,xcf,xls,csv\",\"ignore_extensions\":\"\",\"upload_mime\":\"image\\/jpeg,image\\/gif,image\\/png,image\\/bmp,image\\/webp,image\\/avif,audio\\/ogg,audio\\/mpeg,audio\\/mp4,video\\/mp4,video\\/webm,video\\/mpeg,video\\/quicktime,application\\/msword,application\\/excel,application\\/pdf,application\\/powerpoint,text\\/plain,application\\/x-zip\"}','',NULL,NULL,0,0,NULL),(13,0,'com_menus','component','com_menus','','',1,1,1,1,1,'{\"name\":\"com_menus\",\"type\":\"component\",\"creationDate\":\"2006-04\",\"author\":\"Joomla! Project\",\"copyright\":\"(C) 2006 Open Source Matters, Inc.\",\"authorEmail\":\"admin@joomla.org\",\"authorUrl\":\"www.joomla.org\",\"version\":\"4.0.0\",\"description\":\"COM_MENUS_XML_DESCRIPTION\",\"group\":\"\",\"changelogurl\":\"\",\"namespace\":\"Joomla\\\\Component\\\\Menus\",\"filename\":\"menus\"}','{\"page_title\":\"\",\"show_page_heading\":0,\"page_heading\":\"\",\"pageclass_sfx\":\"\"}','',NULL,NULL,0,0,NULL),(14,0,'com_messages','component','com_messages','','',1,1,1,1,1,'{\"name\":\"com_messages\",\"type\":\"component\",\"creationDate\":\"2006-04\",\"author\":\"Joomla! Project\",\"copyright\":\"(C) 2006 Open Source Matters, Inc.\",\"authorEmail\":\"admin@joomla.org\",\"authorUrl\":\"www.joomla.org\",\"version\":\"4.0.0\",\"description\":\"COM_MESSAGES_XML_DESCRIPTION\",\"group\":\"\",\"changelogurl\":\"\",\"namespace\":\"Joomla\\\\Component\\\\Messages\"}','','',NULL,NULL,0,0,NULL),(15,0,'com_modules','component','com_modules','','',1,1,1,1,1,'{\"name\":\"com_modules\",\"type\":\"component\",\"creationDate\":\"2006-04\",\"author\":\"Joomla! Project\",\"copyright\":\"(C) 2006 Open Source Matters, Inc.\",\"authorEmail\":\"admin@joomla.org\",\"authorUrl\":\"www.joomla.org\",\"version\":\"4.0.0\",\"description\":\"COM_MODULES_XML_DESCRIPTION\",\"group\":\"\",\"changelogurl\":\"\",\"namespace\":\"Joomla\\\\Component\\\\Modules\",\"filename\":\"modules\"}','','',NULL,NULL,0,0,NULL),(16,0,'com_newsfeeds','component','com_newsfeeds','','',1,1,1,0,1,'{\"name\":\"com_newsfeeds\",\"type\":\"component\",\"creationDate\":\"2006-04\",\"author\":\"Joomla! Project\",\"copyright\":\"(C) 2006 Open Source Matters, Inc.\",\"authorEmail\":\"admin@joomla.org\",\"authorUrl\":\"www.joomla.org\",\"version\":\"4.0.0\",\"description\":\"COM_NEWSFEEDS_XML_DESCRIPTION\",\"group\":\"\",\"changelogurl\":\"\",\"namespace\":\"Joomla\\\\Component\\\\Newsfeeds\",\"filename\":\"newsfeeds\"}','{\"newsfeed_layout\":\"_:default\",\"save_history\":\"1\",\"history_limit\":5,\"show_feed_image\":\"1\",\"show_feed_description\":\"1\",\"show_item_description\":\"1\",\"feed_character_count\":\"0\",\"feed_display_order\":\"des\",\"float_first\":\"right\",\"float_second\":\"right\",\"show_tags\":\"1\",\"category_layout\":\"_:default\",\"show_category_title\":\"1\",\"show_description\":\"1\",\"show_description_image\":\"1\",\"maxLevel\":\"-1\",\"show_empty_categories\":\"0\",\"show_subcat_desc\":\"1\",\"show_cat_items\":\"1\",\"show_cat_tags\":\"1\",\"show_base_description\":\"1\",\"maxLevelcat\":\"-1\",\"show_empty_categories_cat\":\"0\",\"show_subcat_desc_cat\":\"1\",\"show_cat_items_cat\":\"1\",\"filter_field\":\"1\",\"show_pagination_limit\":\"1\",\"show_headings\":\"1\",\"show_articles\":\"0\",\"show_link\":\"1\",\"show_pagination\":\"1\",\"show_pagination_results\":\"1\",\"sef_ids\":1}','',NULL,NULL,0,0,NULL),(17,0,'com_plugins','component','com_plugins','','',1,1,1,1,1,'{\"name\":\"com_plugins\",\"type\":\"component\",\"creationDate\":\"2006-04\",\"author\":\"Joomla! Project\",\"copyright\":\"(C) 2006 Open Source Matters, Inc.\",\"authorEmail\":\"admin@joomla.org\",\"authorUrl\":\"www.joomla.org\",\"version\":\"4.0.0\",\"description\":\"COM_PLUGINS_XML_DESCRIPTION\",\"group\":\"\",\"changelogurl\":\"\",\"namespace\":\"Joomla\\\\Component\\\\Plugins\"}','','',NULL,NULL,0,0,NULL),(18,0,'com_templates','component','com_templates','','',1,1,1,1,1,'{\"name\":\"com_templates\",\"type\":\"component\",\"creationDate\":\"2006-04\",\"author\":\"Joomla! Project\",\"copyright\":\"(C) 2006 Open Source Matters, Inc.\",\"authorEmail\":\"admin@joomla.org\",\"authorUrl\":\"www.joomla.org\",\"version\":\"4.0.0\",\"description\":\"COM_TEMPLATES_XML_DESCRIPTION\",\"group\":\"\",\"changelogurl\":\"\",\"namespace\":\"Joomla\\\\Component\\\\Templates\"}','{\"template_positions_display\":\"0\",\"upload_limit\":\"10\",\"image_formats\":\"gif,bmp,jpg,jpeg,png,webp\",\"source_formats\":\"txt,less,ini,xml,js,php,css,scss,sass,json\",\"font_formats\":\"woff,woff2,ttf,otf\",\"compressed_formats\":\"zip\",\"difference\":\"SideBySide\"}','',NULL,NULL,0,0,NULL),(19,0,'com_content','component','com_content','','',1,1,0,1,1,'{\"name\":\"com_content\",\"type\":\"component\",\"creationDate\":\"2006-04\",\"author\":\"Joomla! Project\",\"copyright\":\"(C) 2006 Open Source Matters, Inc.\",\"authorEmail\":\"admin@joomla.org\",\"authorUrl\":\"www.joomla.org\",\"version\":\"4.0.0\",\"description\":\"COM_CONTENT_XML_DESCRIPTION\",\"group\":\"\",\"changelogurl\":\"\",\"namespace\":\"Joomla\\\\Component\\\\Content\",\"filename\":\"content\"}','{\"article_layout\":\"_:default\",\"show_title\":\"1\",\"link_titles\":\"1\",\"show_intro\":\"1\",\"info_block_position\":\"0\",\"info_block_show_title\":\"1\",\"show_category\":\"1\",\"link_category\":\"1\",\"show_parent_category\":\"0\",\"link_parent_category\":\"0\",\"show_associations\":\"0\",\"flags\":\"1\",\"show_author\":\"1\",\"link_author\":\"0\",\"show_create_date\":\"0\",\"show_modify_date\":\"0\",\"show_publish_date\":\"1\",\"show_item_navigation\":\"1\",\"show_readmore\":\"1\",\"show_readmore_title\":\"1\",\"readmore_limit\":100,\"show_tags\":\"1\",\"record_hits\":\"1\",\"show_hits\":\"1\",\"show_noauth\":\"0\",\"urls_position\":0,\"captcha\":\"\",\"show_publishing_options\":\"1\",\"show_article_options\":\"1\",\"show_configure_edit_options\":\"1\",\"show_permissions\":\"1\",\"show_associations_edit\":\"1\",\"save_history\":\"1\",\"history_limit\":10,\"show_urls_images_frontend\":\"0\",\"show_urls_images_backend\":\"1\",\"targeta\":0,\"targetb\":0,\"targetc\":0,\"float_intro\":\"left\",\"float_fulltext\":\"left\",\"category_layout\":\"_:blog\",\"show_category_title\":\"0\",\"show_description\":\"0\",\"show_description_image\":\"0\",\"maxLevel\":\"1\",\"show_empty_categories\":\"0\",\"show_no_articles\":\"1\",\"show_category_heading_title_text\":\"1\",\"show_subcat_desc\":\"1\",\"show_cat_num_articles\":\"0\",\"show_cat_tags\":\"1\",\"show_base_description\":\"1\",\"maxLevelcat\":\"-1\",\"show_empty_categories_cat\":\"0\",\"show_subcat_desc_cat\":\"1\",\"show_cat_num_articles_cat\":\"1\",\"num_leading_articles\":1,\"blog_class_leading\":\"\",\"num_intro_articles\":4,\"blog_class\":\"\",\"num_columns\":1,\"multi_column_order\":\"0\",\"num_links\":4,\"show_subcategory_content\":\"0\",\"link_intro_image\":\"0\",\"show_pagination_limit\":\"1\",\"filter_field\":\"hide\",\"show_headings\":\"1\",\"list_show_date\":\"0\",\"date_format\":\"\",\"list_show_hits\":\"1\",\"list_show_author\":\"1\",\"display_num\":\"10\",\"orderby_pri\":\"order\",\"orderby_sec\":\"rdate\",\"order_date\":\"published\",\"show_pagination\":\"2\",\"show_pagination_results\":\"1\",\"show_featured\":\"show\",\"show_feed_link\":\"1\",\"feed_summary\":\"0\",\"feed_show_readmore\":\"0\",\"sef_ids\":1,\"custom_fields_enable\":\"1\",\"workflow_enabled\":\"0\"}','',NULL,NULL,0,0,NULL),(20,0,'com_config','component','com_config','','',1,1,0,1,1,'{\"name\":\"com_config\",\"type\":\"component\",\"creationDate\":\"2006-04\",\"author\":\"Joomla! Project\",\"copyright\":\"(C) 2006 Open Source Matters, Inc.\",\"authorEmail\":\"admin@joomla.org\",\"authorUrl\":\"www.joomla.org\",\"version\":\"4.0.0\",\"description\":\"COM_CONFIG_XML_DESCRIPTION\",\"group\":\"\",\"changelogurl\":\"\",\"namespace\":\"Joomla\\\\Component\\\\Config\",\"filename\":\"config\"}','{\"filters\":{\"1\":{\"filter_type\":\"NH\",\"filter_tags\":\"\",\"filter_attributes\":\"\"},\"10\":{\"filter_type\":\"BL\",\"filter_tags\":\"\",\"filter_attributes\":\"\"},\"9\":{\"filter_type\":\"NH\",\"filter_tags\":\"\",\"filter_attributes\":\"\"},\"6\":{\"filter_type\":\"BL\",\"filter_tags\":\"\",\"filter_attributes\":\"\"},\"7\":{\"filter_type\":\"BL\",\"filter_tags\":\"\",\"filter_attributes\":\"\"},\"11\":{\"filter_type\":\"BL\",\"filter_tags\":\"\",\"filter_attributes\":\"\"},\"2\":{\"filter_type\":\"NH\",\"filter_tags\":\"\",\"filter_attributes\":\"\"},\"3\":{\"filter_type\":\"BL\",\"filter_tags\":\"\",\"filter_attributes\":\"\"},\"4\":{\"filter_type\":\"BL\",\"filter_tags\":\"\",\"filter_attributes\":\"\"},\"5\":{\"filter_type\":\"BL\",\"filter_tags\":\"\",\"filter_attributes\":\"\"},\"8\":{\"filter_type\":\"NONE\",\"filter_tags\":\"\",\"filter_attributes\":\"\"}}}','',NULL,NULL,0,0,NULL),(21,0,'com_redirect','component','com_redirect','','',1,1,0,0,1,'{\"name\":\"com_redirect\",\"type\":\"component\",\"creationDate\":\"2006-04\",\"author\":\"Joomla! Project\",\"copyright\":\"(C) 2006 Open Source Matters, Inc.\",\"authorEmail\":\"admin@joomla.org\",\"authorUrl\":\"www.joomla.org\",\"version\":\"4.0.0\",\"description\":\"COM_REDIRECT_XML_DESCRIPTION\",\"group\":\"\",\"changelogurl\":\"\",\"namespace\":\"Joomla\\\\Component\\\\Redirect\"}','','',NULL,NULL,0,0,NULL),(22,0,'com_users','component','com_users','','',1,1,0,1,1,'{\"name\":\"com_users\",\"type\":\"component\",\"creationDate\":\"2006-04\",\"author\":\"Joomla! Project\",\"copyright\":\"(C) 2006 Open Source Matters, Inc.\",\"authorEmail\":\"admin@joomla.org\",\"authorUrl\":\"www.joomla.org\",\"version\":\"4.0.0\",\"description\":\"COM_USERS_XML_DESCRIPTION\",\"group\":\"\",\"changelogurl\":\"\",\"namespace\":\"Joomla\\\\Component\\\\Users\",\"filename\":\"users\"}','{\"allowUserRegistration\":\"0\",\"new_usertype\":\"2\",\"guest_usergroup\":\"9\",\"sendpassword\":\"0\",\"useractivation\":\"2\",\"mail_to_admin\":\"1\",\"captcha\":\"\",\"frontend_userparams\":\"1\",\"site_language\":\"0\",\"change_login_name\":\"0\",\"domains\":[],\"reset_count\":10,\"reset_time\":1,\"minimum_length\":12,\"minimum_integers\":0,\"minimum_symbols\":0,\"minimum_uppercase\":0,\"minimum_lowercase\":0,\"frontend_show_title\":\"1\",\"captive_template\":\"\",\"mfaonsilent\":\"0\",\"silentresponses\":\"cookie, passwordless\",\"mfaredirectonlogin\":\"0\",\"mfaredirecturl\":\"\",\"mfatrycount\":10,\"mfatrytime\":1,\"save_history\":\"1\",\"history_limit\":5,\"mailSubjectPrefix\":\"\",\"mailBodySuffix\":\"\",\"custom_fields_enable\":\"1\"}','',NULL,NULL,0,0,NULL),(23,0,'com_finder','component','com_finder','','',1,1,0,0,1,'{\"name\":\"com_finder\",\"type\":\"component\",\"creationDate\":\"2011-08\",\"author\":\"Joomla! Project\",\"copyright\":\"(C) 2011 Open Source Matters, Inc.\",\"authorEmail\":\"admin@joomla.org\",\"authorUrl\":\"www.joomla.org\",\"version\":\"4.0.0\",\"description\":\"COM_FINDER_XML_DESCRIPTION\",\"group\":\"\",\"changelogurl\":\"\",\"namespace\":\"Joomla\\\\Component\\\\Finder\",\"filename\":\"finder\"}','{\"enabled\":\"0\",\"show_description\":\"1\",\"description_length\":255,\"allow_empty_query\":\"0\",\"show_url\":\"1\",\"show_autosuggest\":\"1\",\"show_suggested_query\":\"1\",\"show_explained_query\":\"1\",\"show_advanced\":\"1\",\"show_advanced_tips\":\"1\",\"expand_advanced\":\"0\",\"show_date_filters\":\"0\",\"sort_order\":\"relevance\",\"sort_direction\":\"desc\",\"highlight_terms\":\"1\",\"opensearch_name\":\"\",\"opensearch_description\":\"\",\"batch_size\":\"50\",\"title_multiplier\":\"1.7\",\"text_multiplier\":\"0.7\",\"meta_multiplier\":\"1.2\",\"path_multiplier\":\"2.0\",\"misc_multiplier\":\"0.3\",\"stem\":\"1\",\"stemmer\":\"snowball\",\"enable_logging\":\"0\"}','',NULL,NULL,0,0,NULL),(24,0,'com_joomlaupdate','component','com_joomlaupdate','','',1,1,0,1,1,'{\"name\":\"com_joomlaupdate\",\"type\":\"component\",\"creationDate\":\"2021-08\",\"author\":\"Joomla! Project\",\"copyright\":\"(C) 2012 Open Source Matters, Inc.\",\"authorEmail\":\"admin@joomla.org\",\"authorUrl\":\"www.joomla.org\",\"version\":\"4.0.3\",\"description\":\"COM_JOOMLAUPDATE_XML_DESCRIPTION\",\"group\":\"\",\"changelogurl\":\"\",\"namespace\":\"Joomla\\\\Component\\\\Joomlaupdate\"}','{\"updatesource\":\"default\",\"minimum_stability\":\"4\",\"customurl\":\"\",\"versioncheck\":\"1\",\"backupcheck\":\"1\",\"autoupdate\":0,\"autoupdate_status\":0,\"update_token\":\"Yk54yFUQafSY77MvQxWudf7VWPBElcZ0PsONCogm\",\"update_last_check\":\"\",\"automated_updates_email_groups\":[\"11\"]}','',NULL,NULL,0,0,NULL),(25,0,'com_tags','component','com_tags','','',1,1,1,0,1,'{\"name\":\"com_tags\",\"type\":\"component\",\"creationDate\":\"2013-12\",\"author\":\"Joomla! Project\",\"copyright\":\"(C) 2013 Open Source Matters, Inc.\",\"authorEmail\":\"admin@joomla.org\",\"authorUrl\":\"www.joomla.org\",\"version\":\"4.0.0\",\"description\":\"COM_TAGS_XML_DESCRIPTION\",\"group\":\"\",\"changelogurl\":\"\",\"namespace\":\"Joomla\\\\Component\\\\Tags\",\"filename\":\"tags\"}','{\"tag_layout\":\"_:default\",\"save_history\":\"1\",\"history_limit\":5,\"show_tag_title\":\"0\",\"tag_list_show_tag_image\":\"0\",\"tag_list_show_tag_description\":\"0\",\"tag_list_image\":\"\",\"tag_list_orderby\":\"title\",\"tag_list_orderby_direction\":\"ASC\",\"show_headings\":\"0\",\"tag_list_show_date\":\"0\",\"tag_list_show_item_image\":\"0\",\"tag_list_show_item_description\":\"0\",\"tag_list_item_maximum_characters\":0,\"return_any_or_all\":\"1\",\"include_children\":\"0\",\"maximum\":200,\"tag_list_language_filter\":\"all\",\"tags_layout\":\"_:default\",\"all_tags_orderby\":\"title\",\"all_tags_orderby_direction\":\"ASC\",\"all_tags_show_tag_image\":\"0\",\"all_tags_show_tag_description\":\"0\",\"all_tags_tag_maximum_characters\":20,\"all_tags_show_tag_hits\":\"0\",\"filter_field\":\"1\",\"show_pagination_limit\":\"1\",\"show_pagination\":\"2\",\"show_pagination_results\":\"1\",\"tag_field_ajax_mode\":\"1\",\"show_feed_link\":\"1\"}','',NULL,NULL,0,0,NULL),(26,0,'com_contenthistory','component','com_contenthistory','','',1,1,1,0,1,'{\"name\":\"com_contenthistory\",\"type\":\"component\",\"creationDate\":\"2013-05\",\"author\":\"Joomla! Project\",\"copyright\":\"(C) 2013 Open Source Matters, Inc.\",\"authorEmail\":\"admin@joomla.org\",\"authorUrl\":\"www.joomla.org\",\"version\":\"4.0.0\",\"description\":\"COM_CONTENTHISTORY_XML_DESCRIPTION\",\"group\":\"\",\"changelogurl\":\"\",\"namespace\":\"Joomla\\\\Component\\\\Contenthistory\",\"filename\":\"contenthistory\"}','','',NULL,NULL,0,0,NULL),(27,0,'com_ajax','component','com_ajax','','',1,1,1,1,1,'{\"name\":\"com_ajax\",\"type\":\"component\",\"creationDate\":\"2013-08\",\"author\":\"Joomla! Project\",\"copyright\":\"(C) 2013 Open Source Matters, Inc.\",\"authorEmail\":\"admin@joomla.org\",\"authorUrl\":\"www.joomla.org\",\"version\":\"4.0.0\",\"description\":\"COM_AJAX_XML_DESCRIPTION\",\"group\":\"\",\"changelogurl\":\"\",\"filename\":\"ajax\"}','','',NULL,NULL,0,0,NULL),(28,0,'com_postinstall','component','com_postinstall','','',1,1,1,1,1,'{\"name\":\"com_postinstall\",\"type\":\"component\",\"creationDate\":\"2013-09\",\"author\":\"Joomla! Project\",\"copyright\":\"(C) 2013 Open Source Matters, Inc.\",\"authorEmail\":\"admin@joomla.org\",\"authorUrl\":\"www.joomla.org\",\"version\":\"4.0.0\",\"description\":\"COM_POSTINSTALL_XML_DESCRIPTION\",\"group\":\"\",\"changelogurl\":\"\",\"namespace\":\"Joomla\\\\Component\\\\Postinstall\"}','','',NULL,NULL,0,0,NULL),(29,0,'com_fields','component','com_fields','','',1,1,1,0,1,'{\"name\":\"com_fields\",\"type\":\"component\",\"creationDate\":\"2016-03\",\"author\":\"Joomla! Project\",\"copyright\":\"(C) 2016 Open Source Matters, Inc.\",\"authorEmail\":\"admin@joomla.org\",\"authorUrl\":\"www.joomla.org\",\"version\":\"4.0.0\",\"description\":\"COM_FIELDS_XML_DESCRIPTION\",\"group\":\"\",\"changelogurl\":\"\",\"namespace\":\"Joomla\\\\Component\\\\Fields\",\"filename\":\"fields\"}','','',NULL,NULL,0,0,NULL),(30,0,'com_associations','component','com_associations','','',1,1,1,0,1,'{\"name\":\"com_associations\",\"type\":\"component\",\"creationDate\":\"2017-01\",\"author\":\"Joomla! Project\",\"copyright\":\"(C) 2017 Open Source Matters, Inc.\",\"authorEmail\":\"admin@joomla.org\",\"authorUrl\":\"www.joomla.org\",\"version\":\"4.0.0\",\"description\":\"COM_ASSOCIATIONS_XML_DESCRIPTION\",\"group\":\"\",\"changelogurl\":\"\",\"namespace\":\"Joomla\\\\Component\\\\Associations\"}','','',NULL,NULL,0,0,NULL),(31,0,'com_privacy','component','com_privacy','','',1,1,1,0,1,'{\"name\":\"com_privacy\",\"type\":\"component\",\"creationDate\":\"2018-05\",\"author\":\"Joomla! Project\",\"copyright\":\"(C) 2018 Open Source Matters, Inc.\",\"authorEmail\":\"admin@joomla.org\",\"authorUrl\":\"www.joomla.org\",\"version\":\"3.9.0\",\"description\":\"COM_PRIVACY_XML_DESCRIPTION\",\"group\":\"\",\"changelogurl\":\"\",\"namespace\":\"Joomla\\\\Component\\\\Privacy\",\"filename\":\"privacy\"}','','',NULL,NULL,0,0,NULL),(32,0,'com_actionlogs','component','com_actionlogs','','',1,1,1,0,1,'{\"name\":\"com_actionlogs\",\"type\":\"component\",\"creationDate\":\"2018-05\",\"author\":\"Joomla! Project\",\"copyright\":\"(C) 2018 Open Source Matters, Inc.\",\"authorEmail\":\"admin@joomla.org\",\"authorUrl\":\"www.joomla.org\",\"version\":\"3.9.0\",\"description\":\"COM_ACTIONLOGS_XML_DESCRIPTION\",\"group\":\"\",\"changelogurl\":\"\",\"namespace\":\"Joomla\\\\Component\\\\Actionlogs\"}','{\"ip_logging\":0,\"csv_delimiter\":\",\",\"loggable_extensions\":[\"com_banners\",\"com_cache\",\"com_categories\",\"com_checkin\",\"com_config\",\"com_contact\",\"com_content\",\"com_fields\",\"com_guidedtours\",\"com_installer\",\"com_media\",\"com_menus\",\"com_messages\",\"com_modules\",\"com_newsfeeds\",\"com_plugins\",\"com_redirect\",\"com_scheduler\",\"com_tags\",\"com_templates\",\"com_users\"]}','',NULL,NULL,0,0,NULL),(33,0,'com_workflow','component','com_workflow','','',1,1,0,1,1,'{\"name\":\"com_workflow\",\"type\":\"component\",\"creationDate\":\"2017-06\",\"author\":\"Joomla! Project\",\"copyright\":\"(C) 2018 Open Source Matters, Inc.\",\"authorEmail\":\"admin@joomla.org\",\"authorUrl\":\"www.joomla.org\",\"version\":\"4.0.0\",\"description\":\"COM_WORKFLOW_XML_DESCRIPTION\",\"group\":\"\",\"changelogurl\":\"\",\"namespace\":\"Joomla\\\\Component\\\\Workflow\"}','{}','',NULL,NULL,0,0,NULL),(34,0,'com_mails','component','com_mails','','',1,1,1,1,1,'{\"name\":\"com_mails\",\"type\":\"component\",\"creationDate\":\"2019-01\",\"author\":\"Joomla! Project\",\"copyright\":\"(C) 2019 Open Source Matters, Inc.\",\"authorEmail\":\"admin@joomla.org\",\"authorUrl\":\"www.joomla.org\",\"version\":\"4.0.0\",\"description\":\"COM_MAILS_XML_DESCRIPTION\",\"group\":\"\",\"changelogurl\":\"\",\"namespace\":\"Joomla\\\\Component\\\\Mails\"}','','',NULL,NULL,0,0,NULL),(35,0,'com_scheduler','component','com_scheduler','','',1,1,1,0,1,'{\"name\":\"com_scheduler\",\"type\":\"component\",\"creationDate\":\"2021-07\",\"author\":\"Joomla! Project\",\"copyright\":\"(C) 2021 Open Source Matters, Inc.\",\"authorEmail\":\"admin@joomla.org\",\"authorUrl\":\"www.joomla.org\",\"version\":\"4.1.0\",\"description\":\"COM_SCHEDULER_XML_DESCRIPTION\",\"group\":\"\",\"changelogurl\":\"\",\"namespace\":\"Joomla\\\\Component\\\\Scheduler\"}','{}','',NULL,NULL,0,0,NULL),(36,0,'com_guidedtours','component','com_guidedtours','','',1,1,0,0,1,'{\"name\":\"com_guidedtours\",\"type\":\"component\",\"creationDate\":\"2023-02\",\"author\":\"Joomla! Project\",\"copyright\":\"(C) 2023 Open Source Matters, Inc.\",\"authorEmail\":\"admin@joomla.org\",\"authorUrl\":\"www.joomla.org\",\"version\":\"4.3.0\",\"description\":\"COM_GUIDEDTOURS_XML_DESCRIPTION\",\"group\":\"\",\"changelogurl\":\"\",\"namespace\":\"Joomla\\\\Component\\\\Guidedtours\"}','{}','',NULL,NULL,0,0,NULL),(37,0,'lib_joomla','library','joomla','','',0,1,1,1,1,'{\"name\":\"lib_joomla\",\"type\":\"library\",\"creationDate\":\"2008-01\",\"author\":\"Joomla! Project\",\"copyright\":\"(C) 2008 Open Source Matters, Inc.\",\"authorEmail\":\"admin@joomla.org\",\"authorUrl\":\"https:\\/\\/www.joomla.org\",\"version\":\"13.1\",\"description\":\"LIB_JOOMLA_XML_DESCRIPTION\",\"group\":\"\",\"changelogurl\":\"\",\"filename\":\"joomla\"}','','',NULL,NULL,0,0,NULL),(38,0,'lib_phpass','library','phpass','','',0,1,1,1,1,'{\"name\":\"lib_phpass\",\"type\":\"library\",\"creationDate\":\"2004-01\",\"author\":\"Solar Designer\",\"copyright\":\"\",\"authorEmail\":\"solar@openwall.com\",\"authorUrl\":\"https:\\/\\/www.openwall.com\\/phpass\\/\",\"version\":\"0.5.1\",\"description\":\"LIB_PHPASS_XML_DESCRIPTION\",\"group\":\"\",\"changelogurl\":\"\",\"filename\":\"phpass\"}','','',NULL,NULL,0,0,NULL),(39,0,'mod_articles_archive','module','mod_articles_archive','','',0,1,1,0,1,'{\"name\":\"mod_articles_archive\",\"type\":\"module\",\"creationDate\":\"2006-07\",\"author\":\"Joomla! Project\",\"copyright\":\"(C) 2006 Open Source Matters, Inc.\",\"authorEmail\":\"admin@joomla.org\",\"authorUrl\":\"www.joomla.org\",\"version\":\"3.0.0\",\"description\":\"MOD_ARTICLES_ARCHIVE_XML_DESCRIPTION\",\"group\":\"\",\"changelogurl\":\"\",\"namespace\":\"Joomla\\\\Module\\\\ArticlesArchive\",\"filename\":\"mod_articles_archive\"}','','',NULL,NULL,0,0,NULL),(40,0,'mod_articles_latest','module','mod_articles_latest','','',0,1,1,0,1,'{\"name\":\"mod_articles_latest\",\"type\":\"module\",\"creationDate\":\"2004-07\",\"author\":\"Joomla! Project\",\"copyright\":\"(C) 2005 Open Source Matters, Inc.\",\"authorEmail\":\"admin@joomla.org\",\"authorUrl\":\"www.joomla.org\",\"version\":\"3.0.0\",\"description\":\"MOD_LATEST_NEWS_XML_DESCRIPTION\",\"group\":\"\",\"changelogurl\":\"\",\"namespace\":\"Joomla\\\\Module\\\\ArticlesLatest\",\"filename\":\"mod_articles_latest\"}','','',NULL,NULL,0,0,NULL),(41,0,'mod_articles_popular','module','mod_articles_popular','','',0,1,1,0,1,'{\"name\":\"mod_articles_popular\",\"type\":\"module\",\"creationDate\":\"2006-07\",\"author\":\"Joomla! Project\",\"copyright\":\"(C) 2006 Open Source Matters, Inc.\",\"authorEmail\":\"admin@joomla.org\",\"authorUrl\":\"www.joomla.org\",\"version\":\"3.0.0\",\"description\":\"MOD_POPULAR_XML_DESCRIPTION\",\"group\":\"\",\"changelogurl\":\"\",\"namespace\":\"Joomla\\\\Module\\\\ArticlesPopular\",\"filename\":\"mod_articles_popular\"}','','',NULL,NULL,0,0,NULL),(42,0,'mod_banners','module','mod_banners','','',0,1,1,0,1,'{\"name\":\"mod_banners\",\"type\":\"module\",\"creationDate\":\"2006-07\",\"author\":\"Joomla! Project\",\"copyright\":\"(C) 2006 Open Source Matters, Inc.\",\"authorEmail\":\"admin@joomla.org\",\"authorUrl\":\"www.joomla.org\",\"version\":\"3.0.0\",\"description\":\"MOD_BANNERS_XML_DESCRIPTION\",\"group\":\"\",\"changelogurl\":\"\",\"namespace\":\"Joomla\\\\Module\\\\Banners\",\"filename\":\"mod_banners\"}','','',NULL,NULL,0,0,NULL),(43,0,'mod_breadcrumbs','module','mod_breadcrumbs','','',0,1,1,0,1,'{\"name\":\"mod_breadcrumbs\",\"type\":\"module\",\"creationDate\":\"2006-07\",\"author\":\"Joomla! Project\",\"copyright\":\"(C) 2006 Open Source Matters, Inc.\",\"authorEmail\":\"admin@joomla.org\",\"authorUrl\":\"www.joomla.org\",\"version\":\"3.0.0\",\"description\":\"MOD_BREADCRUMBS_XML_DESCRIPTION\",\"group\":\"\",\"changelogurl\":\"\",\"namespace\":\"Joomla\\\\Module\\\\Breadcrumbs\",\"filename\":\"mod_breadcrumbs\"}','','',NULL,NULL,0,0,NULL),(44,0,'mod_custom','module','mod_custom','','',0,1,1,0,1,'{\"name\":\"mod_custom\",\"type\":\"module\",\"creationDate\":\"2004-07\",\"author\":\"Joomla! Project\",\"copyright\":\"(C) 2005 Open Source Matters, Inc.\",\"authorEmail\":\"admin@joomla.org\",\"authorUrl\":\"www.joomla.org\",\"version\":\"3.0.0\",\"description\":\"MOD_CUSTOM_XML_DESCRIPTION\",\"group\":\"\",\"changelogurl\":\"\",\"namespace\":\"Joomla\\\\Module\\\\Custom\",\"filename\":\"mod_custom\"}','','',NULL,NULL,0,0,NULL),(45,0,'mod_feed','module','mod_feed','','',0,1,1,0,1,'{\"name\":\"mod_feed\",\"type\":\"module\",\"creationDate\":\"2005-07\",\"author\":\"Joomla! Project\",\"copyright\":\"(C) 2005 Open Source Matters, Inc.\",\"authorEmail\":\"admin@joomla.org\",\"authorUrl\":\"www.joomla.org\",\"version\":\"3.0.0\",\"description\":\"MOD_FEED_XML_DESCRIPTION\",\"group\":\"\",\"changelogurl\":\"\",\"namespace\":\"Joomla\\\\Module\\\\Feed\",\"filename\":\"mod_feed\"}','','',NULL,NULL,0,0,NULL),(46,0,'mod_footer','module','mod_footer','','',0,1,1,0,1,'{\"name\":\"mod_footer\",\"type\":\"module\",\"creationDate\":\"2006-07\",\"author\":\"Joomla! Project\",\"copyright\":\"(C) 2006 Open Source Matters, Inc.\",\"authorEmail\":\"admin@joomla.org\",\"authorUrl\":\"www.joomla.org\",\"version\":\"3.0.0\",\"description\":\"MOD_FOOTER_XML_DESCRIPTION\",\"group\":\"\",\"changelogurl\":\"\",\"namespace\":\"Joomla\\\\Module\\\\Footer\",\"filename\":\"mod_footer\"}','','',NULL,NULL,0,0,NULL),(47,0,'mod_login','module','mod_login','','',0,1,1,0,1,'{\"name\":\"mod_login\",\"type\":\"module\",\"creationDate\":\"2006-07\",\"author\":\"Joomla! Project\",\"copyright\":\"(C) 2006 Open Source Matters, Inc.\",\"authorEmail\":\"admin@joomla.org\",\"authorUrl\":\"www.joomla.org\",\"version\":\"3.0.0\",\"description\":\"MOD_LOGIN_XML_DESCRIPTION\",\"group\":\"\",\"changelogurl\":\"\",\"namespace\":\"Joomla\\\\Module\\\\Login\",\"filename\":\"mod_login\"}','','',NULL,NULL,0,0,NULL),(48,0,'mod_menu','module','mod_menu','','',0,1,1,0,1,'{\"name\":\"mod_menu\",\"type\":\"module\",\"creationDate\":\"2004-07\",\"author\":\"Joomla! Project\",\"copyright\":\"(C) 2005 Open Source Matters, Inc.\",\"authorEmail\":\"admin@joomla.org\",\"authorUrl\":\"www.joomla.org\",\"version\":\"3.0.0\",\"description\":\"MOD_MENU_XML_DESCRIPTION\",\"group\":\"\",\"changelogurl\":\"\",\"namespace\":\"Joomla\\\\Module\\\\Menu\",\"filename\":\"mod_menu\"}','','',NULL,NULL,0,0,NULL),(49,0,'mod_articles_news','module','mod_articles_news','','',0,1,1,0,1,'{\"name\":\"mod_articles_news\",\"type\":\"module\",\"creationDate\":\"2006-07\",\"author\":\"Joomla! Project\",\"copyright\":\"(C) 2006 Open Source Matters, Inc.\",\"authorEmail\":\"admin@joomla.org\",\"authorUrl\":\"www.joomla.org\",\"version\":\"3.0.0\",\"description\":\"MOD_ARTICLES_NEWS_XML_DESCRIPTION\",\"group\":\"\",\"changelogurl\":\"\",\"namespace\":\"Joomla\\\\Module\\\\ArticlesNews\",\"filename\":\"mod_articles_news\"}','','',NULL,NULL,0,0,NULL),(50,0,'mod_random_image','module','mod_random_image','','',0,1,1,0,1,'{\"name\":\"mod_random_image\",\"type\":\"module\",\"creationDate\":\"2006-07\",\"author\":\"Joomla! Project\",\"copyright\":\"(C) 2006 Open Source Matters, Inc.\",\"authorEmail\":\"admin@joomla.org\",\"authorUrl\":\"www.joomla.org\",\"version\":\"3.0.0\",\"description\":\"MOD_RANDOM_IMAGE_XML_DESCRIPTION\",\"group\":\"\",\"changelogurl\":\"\",\"namespace\":\"Joomla\\\\Module\\\\RandomImage\",\"filename\":\"mod_random_image\"}','','',NULL,NULL,0,0,NULL),(51,0,'mod_related_items','module','mod_related_items','','',0,1,1,0,1,'{\"name\":\"mod_related_items\",\"type\":\"module\",\"creationDate\":\"2004-07\",\"author\":\"Joomla! Project\",\"copyright\":\"(C) 2005 Open Source Matters, Inc.\",\"authorEmail\":\"admin@joomla.org\",\"authorUrl\":\"www.joomla.org\",\"version\":\"3.0.0\",\"description\":\"MOD_RELATED_XML_DESCRIPTION\",\"group\":\"\",\"changelogurl\":\"\",\"namespace\":\"Joomla\\\\Module\\\\RelatedItems\",\"filename\":\"mod_related_items\"}','','',NULL,NULL,0,0,NULL),(52,0,'mod_stats','module','mod_stats','','',0,1,1,0,1,'{\"name\":\"mod_stats\",\"type\":\"module\",\"creationDate\":\"2004-07\",\"author\":\"Joomla! Project\",\"copyright\":\"(C) 2005 Open Source Matters, Inc.\",\"authorEmail\":\"admin@joomla.org\",\"authorUrl\":\"www.joomla.org\",\"version\":\"3.0.0\",\"description\":\"MOD_STATS_XML_DESCRIPTION\",\"group\":\"\",\"changelogurl\":\"\",\"namespace\":\"Joomla\\\\Module\\\\Stats\",\"filename\":\"mod_stats\"}','','',NULL,NULL,0,0,NULL),(53,0,'mod_syndicate','module','mod_syndicate','','',0,1,1,0,1,'{\"name\":\"mod_syndicate\",\"type\":\"module\",\"creationDate\":\"2006-05\",\"author\":\"Joomla! Project\",\"copyright\":\"(C) 2006 Open Source Matters, Inc.\",\"authorEmail\":\"admin@joomla.org\",\"authorUrl\":\"www.joomla.org\",\"version\":\"3.0.0\",\"description\":\"MOD_SYNDICATE_XML_DESCRIPTION\",\"group\":\"\",\"changelogurl\":\"\",\"namespace\":\"Joomla\\\\Module\\\\Syndicate\",\"filename\":\"mod_syndicate\"}','','',NULL,NULL,0,0,NULL),(54,0,'mod_users_latest','module','mod_users_latest','','',0,1,1,0,1,'{\"name\":\"mod_users_latest\",\"type\":\"module\",\"creationDate\":\"2009-12\",\"author\":\"Joomla! Project\",\"copyright\":\"(C) 2009 Open Source Matters, Inc.\",\"authorEmail\":\"admin@joomla.org\",\"authorUrl\":\"www.joomla.org\",\"version\":\"3.0.0\",\"description\":\"MOD_USERS_LATEST_XML_DESCRIPTION\",\"group\":\"\",\"changelogurl\":\"\",\"namespace\":\"Joomla\\\\Module\\\\UsersLatest\",\"filename\":\"mod_users_latest\"}','','',NULL,NULL,0,0,NULL),(55,0,'mod_whosonline','module','mod_whosonline','','',0,1,1,0,1,'{\"name\":\"mod_whosonline\",\"type\":\"module\",\"creationDate\":\"2004-07\",\"author\":\"Joomla! Project\",\"copyright\":\"(C) 2005 Open Source Matters, Inc.\",\"authorEmail\":\"admin@joomla.org\",\"authorUrl\":\"www.joomla.org\",\"version\":\"3.0.0\",\"description\":\"MOD_WHOSONLINE_XML_DESCRIPTION\",\"group\":\"\",\"changelogurl\":\"\",\"namespace\":\"Joomla\\\\Module\\\\Whosonline\",\"filename\":\"mod_whosonline\"}','','',NULL,NULL,0,0,NULL),(56,0,'mod_wrapper','module','mod_wrapper','','',0,1,1,0,1,'{\"name\":\"mod_wrapper\",\"type\":\"module\",\"creationDate\":\"2004-10\",\"author\":\"Joomla! Project\",\"copyright\":\"(C) 2005 Open Source Matters, Inc.\",\"authorEmail\":\"admin@joomla.org\",\"authorUrl\":\"www.joomla.org\",\"version\":\"3.0.0\",\"description\":\"MOD_WRAPPER_XML_DESCRIPTION\",\"group\":\"\",\"changelogurl\":\"\",\"namespace\":\"Joomla\\\\Module\\\\Wrapper\",\"filename\":\"mod_wrapper\"}','','',NULL,NULL,0,0,NULL),(57,0,'mod_articles_category','module','mod_articles_category','','',0,1,1,0,1,'{\"name\":\"mod_articles_category\",\"type\":\"module\",\"creationDate\":\"2010-02\",\"author\":\"Joomla! Project\",\"copyright\":\"(C) 2010 Open Source Matters, Inc.\",\"authorEmail\":\"admin@joomla.org\",\"authorUrl\":\"www.joomla.org\",\"version\":\"3.0.0\",\"description\":\"MOD_ARTICLES_CATEGORY_XML_DESCRIPTION\",\"group\":\"\",\"changelogurl\":\"\",\"namespace\":\"Joomla\\\\Module\\\\ArticlesCategory\",\"filename\":\"mod_articles_category\"}','','',NULL,NULL,0,0,NULL),(58,0,'mod_articles_categories','module','mod_articles_categories','','',0,1,1,0,1,'{\"name\":\"mod_articles_categories\",\"type\":\"module\",\"creationDate\":\"2010-02\",\"author\":\"Joomla! Project\",\"copyright\":\"(C) 2010 Open Source Matters, Inc.\",\"authorEmail\":\"admin@joomla.org\",\"authorUrl\":\"www.joomla.org\",\"version\":\"3.0.0\",\"description\":\"MOD_ARTICLES_CATEGORIES_XML_DESCRIPTION\",\"group\":\"\",\"changelogurl\":\"\",\"namespace\":\"Joomla\\\\Module\\\\ArticlesCategories\",\"filename\":\"mod_articles_categories\"}','','',NULL,NULL,0,0,NULL),(59,0,'mod_languages','module','mod_languages','','',0,1,1,0,1,'{\"name\":\"mod_languages\",\"type\":\"module\",\"creationDate\":\"2010-02\",\"author\":\"Joomla! Project\",\"copyright\":\"(C) 2010 Open Source Matters, Inc.\",\"authorEmail\":\"admin@joomla.org\",\"authorUrl\":\"www.joomla.org\",\"version\":\"3.5.0\",\"description\":\"MOD_LANGUAGES_XML_DESCRIPTION\",\"group\":\"\",\"changelogurl\":\"\",\"namespace\":\"Joomla\\\\Module\\\\Languages\",\"filename\":\"mod_languages\"}','','',NULL,NULL,0,0,NULL),(60,0,'mod_finder','module','mod_finder','','',0,1,0,0,1,'{\"name\":\"mod_finder\",\"type\":\"module\",\"creationDate\":\"2011-08\",\"author\":\"Joomla! Project\",\"copyright\":\"(C) 2011 Open Source Matters, Inc.\",\"authorEmail\":\"admin@joomla.org\",\"authorUrl\":\"www.joomla.org\",\"version\":\"3.0.0\",\"description\":\"MOD_FINDER_XML_DESCRIPTION\",\"group\":\"\",\"changelogurl\":\"\",\"namespace\":\"Joomla\\\\Module\\\\Finder\",\"filename\":\"mod_finder\"}','','',NULL,NULL,0,0,NULL),(61,0,'MOD_ARTICLES','module','mod_articles','','',0,1,0,0,1,'{\"name\":\"MOD_ARTICLES\",\"type\":\"module\",\"creationDate\":\"2024-07\",\"author\":\"Joomla! Project\",\"copyright\":\"(C) 2024 Open Source Matters, Inc.\",\"authorEmail\":\"admin@joomla.org\",\"authorUrl\":\"www.joomla.org\",\"version\":\"5.2.0\",\"description\":\"MOD_ARTICLES_XML_DESCRIPTION\",\"group\":\"\",\"changelogurl\":\"\",\"namespace\":\"Joomla\\\\Module\\\\Articles\",\"filename\":\"mod_articles\"}','','',NULL,NULL,0,0,NULL),(62,0,'mod_custom','module','mod_custom','','',1,1,1,0,1,'{\"name\":\"mod_custom\",\"type\":\"module\",\"creationDate\":\"2004-07\",\"author\":\"Joomla! Project\",\"copyright\":\"(C) 2005 Open Source Matters, Inc.\",\"authorEmail\":\"admin@joomla.org\",\"authorUrl\":\"www.joomla.org\",\"version\":\"3.0.0\",\"description\":\"MOD_CUSTOM_XML_DESCRIPTION\",\"group\":\"\",\"changelogurl\":\"\",\"namespace\":\"Joomla\\\\Module\\\\Custom\",\"filename\":\"mod_custom\"}','','',NULL,NULL,0,0,NULL),(63,0,'mod_feed','module','mod_feed','','',1,1,1,0,1,'{\"name\":\"mod_feed\",\"type\":\"module\",\"creationDate\":\"2005-07\",\"author\":\"Joomla! Project\",\"copyright\":\"(C) 2005 Open Source Matters, Inc.\",\"authorEmail\":\"admin@joomla.org\",\"authorUrl\":\"www.joomla.org\",\"version\":\"3.0.0\",\"description\":\"MOD_FEED_XML_DESCRIPTION\",\"group\":\"\",\"changelogurl\":\"\",\"namespace\":\"Joomla\\\\Module\\\\Feed\",\"filename\":\"mod_feed\"}','','',NULL,NULL,0,0,NULL),(64,0,'mod_latest','module','mod_latest','','',1,1,1,0,1,'{\"name\":\"mod_latest\",\"type\":\"module\",\"creationDate\":\"2004-07\",\"author\":\"Joomla! Project\",\"copyright\":\"(C) 2005 Open Source Matters, Inc.\",\"authorEmail\":\"admin@joomla.org\",\"authorUrl\":\"www.joomla.org\",\"version\":\"3.0.0\",\"description\":\"MOD_LATEST_XML_DESCRIPTION\",\"group\":\"\",\"changelogurl\":\"\",\"namespace\":\"Joomla\\\\Module\\\\Latest\",\"filename\":\"mod_latest\"}','','',NULL,NULL,0,0,NULL),(65,0,'mod_logged','module','mod_logged','','',1,1,1,0,1,'{\"name\":\"mod_logged\",\"type\":\"module\",\"creationDate\":\"2005-01\",\"author\":\"Joomla! Project\",\"copyright\":\"(C) 2005 Open Source Matters, Inc.\",\"authorEmail\":\"admin@joomla.org\",\"authorUrl\":\"www.joomla.org\",\"version\":\"3.0.0\",\"description\":\"MOD_LOGGED_XML_DESCRIPTION\",\"group\":\"\",\"changelogurl\":\"\",\"namespace\":\"Joomla\\\\Module\\\\Logged\",\"filename\":\"mod_logged\"}','','',NULL,NULL,0,0,NULL),(66,0,'mod_login','module','mod_login','','',1,1,1,0,1,'{\"name\":\"mod_login\",\"type\":\"module\",\"creationDate\":\"2005-03\",\"author\":\"Joomla! Project\",\"copyright\":\"(C) 2005 Open Source Matters, Inc.\",\"authorEmail\":\"admin@joomla.org\",\"authorUrl\":\"www.joomla.org\",\"version\":\"3.0.0\",\"description\":\"MOD_LOGIN_XML_DESCRIPTION\",\"group\":\"\",\"changelogurl\":\"\",\"namespace\":\"Joomla\\\\Module\\\\Login\",\"filename\":\"mod_login\"}','','',NULL,NULL,0,0,NULL),(67,0,'mod_loginsupport','module','mod_loginsupport','','',1,1,1,0,1,'{\"name\":\"mod_loginsupport\",\"type\":\"module\",\"creationDate\":\"2019-06\",\"author\":\"Joomla! Project\",\"copyright\":\"(C) 2019 Open Source Matters, Inc.\",\"authorEmail\":\"admin@joomla.org\",\"authorUrl\":\"www.joomla.org\",\"version\":\"4.0.0\",\"description\":\"MOD_LOGINSUPPORT_XML_DESCRIPTION\",\"group\":\"\",\"changelogurl\":\"\",\"namespace\":\"Joomla\\\\Module\\\\Loginsupport\",\"filename\":\"mod_loginsupport\"}','','',NULL,NULL,0,0,NULL),(68,0,'mod_menu','module','mod_menu','','',1,1,1,0,1,'{\"name\":\"mod_menu\",\"type\":\"module\",\"creationDate\":\"2006-03\",\"author\":\"Joomla! Project\",\"copyright\":\"(C) 2006 Open Source Matters, Inc.\",\"authorEmail\":\"admin@joomla.org\",\"authorUrl\":\"www.joomla.org\",\"version\":\"3.0.0\",\"description\":\"MOD_MENU_XML_DESCRIPTION\",\"group\":\"\",\"changelogurl\":\"\",\"namespace\":\"Joomla\\\\Module\\\\Menu\",\"filename\":\"mod_menu\"}','','',NULL,NULL,0,0,NULL),(69,0,'mod_popular','module','mod_popular','','',1,1,1,0,1,'{\"name\":\"mod_popular\",\"type\":\"module\",\"creationDate\":\"2004-07\",\"author\":\"Joomla! Project\",\"copyright\":\"(C) 2005 Open Source Matters, Inc.\",\"authorEmail\":\"admin@joomla.org\",\"authorUrl\":\"www.joomla.org\",\"version\":\"3.0.0\",\"description\":\"MOD_POPULAR_XML_DESCRIPTION\",\"group\":\"\",\"changelogurl\":\"\",\"namespace\":\"Joomla\\\\Module\\\\Popular\",\"filename\":\"mod_popular\"}','','',NULL,NULL,0,0,NULL),(70,0,'mod_quickicon','module','mod_quickicon','','',1,1,1,0,1,'{\"name\":\"mod_quickicon\",\"type\":\"module\",\"creationDate\":\"2005-11\",\"author\":\"Joomla! Project\",\"copyright\":\"(C) 2005 Open Source Matters, Inc.\",\"authorEmail\":\"admin@joomla.org\",\"authorUrl\":\"www.joomla.org\",\"version\":\"3.0.0\",\"description\":\"MOD_QUICKICON_XML_DESCRIPTION\",\"group\":\"\",\"changelogurl\":\"\",\"namespace\":\"Joomla\\\\Module\\\\Quickicon\",\"filename\":\"mod_quickicon\"}','','',NULL,NULL,0,0,NULL),(71,0,'mod_frontend','module','mod_frontend','','',1,1,1,0,1,'{\"name\":\"mod_frontend\",\"type\":\"module\",\"creationDate\":\"2019-07\",\"author\":\"Joomla! Project\",\"copyright\":\"(C) 2019 Open Source Matters, Inc.\",\"authorEmail\":\"admin@joomla.org\",\"authorUrl\":\"www.joomla.org\",\"version\":\"4.0.0\",\"description\":\"MOD_FRONTEND_XML_DESCRIPTION\",\"group\":\"\",\"changelogurl\":\"\",\"namespace\":\"Joomla\\\\Module\\\\Frontend\",\"filename\":\"mod_frontend\"}','','',NULL,NULL,0,0,NULL),(72,0,'mod_messages','module','mod_messages','','',1,1,1,0,1,'{\"name\":\"mod_messages\",\"type\":\"module\",\"creationDate\":\"2019-07\",\"author\":\"Joomla! Project\",\"copyright\":\"(C) 2019 Open Source Matters, Inc.\",\"authorEmail\":\"admin@joomla.org\",\"authorUrl\":\"www.joomla.org\",\"version\":\"4.0.0\",\"description\":\"MOD_MESSAGES_XML_DESCRIPTION\",\"group\":\"\",\"changelogurl\":\"\",\"namespace\":\"Joomla\\\\Module\\\\Messages\",\"filename\":\"mod_messages\"}','','',NULL,NULL,0,0,NULL),(73,0,'mod_post_installation_messages','module','mod_post_installation_messages','','',1,1,1,0,1,'{\"name\":\"mod_post_installation_messages\",\"type\":\"module\",\"creationDate\":\"2019-07\",\"author\":\"Joomla! Project\",\"copyright\":\"(C) 2019 Open Source Matters, Inc.\",\"authorEmail\":\"admin@joomla.org\",\"authorUrl\":\"www.joomla.org\",\"version\":\"4.0.0\",\"description\":\"MOD_POST_INSTALLATION_MESSAGES_XML_DESCRIPTION\",\"group\":\"\",\"changelogurl\":\"\",\"namespace\":\"Joomla\\\\Module\\\\PostInstallationMessages\",\"filename\":\"mod_post_installation_messages\"}','','',NULL,NULL,0,0,NULL),(74,0,'mod_user','module','mod_user','','',1,1,1,0,1,'{\"name\":\"mod_user\",\"type\":\"module\",\"creationDate\":\"2019-07\",\"author\":\"Joomla! Project\",\"copyright\":\"(C) 2019 Open Source Matters, Inc.\",\"authorEmail\":\"admin@joomla.org\",\"authorUrl\":\"www.joomla.org\",\"version\":\"4.0.0\",\"description\":\"MOD_USER_XML_DESCRIPTION\",\"group\":\"\",\"changelogurl\":\"\",\"namespace\":\"Joomla\\\\Module\\\\User\",\"filename\":\"mod_user\"}','','',NULL,NULL,0,0,NULL),(75,0,'mod_title','module','mod_title','','',1,1,1,0,1,'{\"name\":\"mod_title\",\"type\":\"module\",\"creationDate\":\"2005-11\",\"author\":\"Joomla! Project\",\"copyright\":\"(C) 2005 Open Source Matters, Inc.\",\"authorEmail\":\"admin@joomla.org\",\"authorUrl\":\"www.joomla.org\",\"version\":\"3.0.0\",\"description\":\"MOD_TITLE_XML_DESCRIPTION\",\"group\":\"\",\"changelogurl\":\"\",\"namespace\":\"Joomla\\\\Module\\\\Title\",\"filename\":\"mod_title\"}','','',NULL,NULL,0,0,NULL),(76,0,'mod_toolbar','module','mod_toolbar','','',1,1,1,0,1,'{\"name\":\"mod_toolbar\",\"type\":\"module\",\"creationDate\":\"2005-11\",\"author\":\"Joomla! Project\",\"copyright\":\"(C) 2005 Open Source Matters, Inc.\",\"authorEmail\":\"admin@joomla.org\",\"authorUrl\":\"www.joomla.org\",\"version\":\"3.0.0\",\"description\":\"MOD_TOOLBAR_XML_DESCRIPTION\",\"group\":\"\",\"changelogurl\":\"\",\"namespace\":\"Joomla\\\\Module\\\\Toolbar\",\"filename\":\"mod_toolbar\"}','','',NULL,NULL,0,0,NULL),(77,0,'mod_multilangstatus','module','mod_multilangstatus','','',1,1,1,0,1,'{\"name\":\"mod_multilangstatus\",\"type\":\"module\",\"creationDate\":\"2011-09\",\"author\":\"Joomla! Project\",\"copyright\":\"(C) 2011 Open Source Matters, Inc.\",\"authorEmail\":\"admin@joomla.org\",\"authorUrl\":\"www.joomla.org\",\"version\":\"3.0.0\",\"description\":\"MOD_MULTILANGSTATUS_XML_DESCRIPTION\",\"group\":\"\",\"changelogurl\":\"\",\"namespace\":\"Joomla\\\\Module\\\\MultilangStatus\",\"filename\":\"mod_multilangstatus\"}','{\"cache\":\"0\"}','',NULL,NULL,0,0,NULL),(78,0,'mod_version','module','mod_version','','',1,1,1,0,1,'{\"name\":\"mod_version\",\"type\":\"module\",\"creationDate\":\"2012-01\",\"author\":\"Joomla! Project\",\"copyright\":\"(C) 2012 Open Source Matters, Inc.\",\"authorEmail\":\"admin@joomla.org\",\"authorUrl\":\"www.joomla.org\",\"version\":\"3.0.0\",\"description\":\"MOD_VERSION_XML_DESCRIPTION\",\"group\":\"\",\"changelogurl\":\"\",\"namespace\":\"Joomla\\\\Module\\\\Version\",\"filename\":\"mod_version\"}','{\"cache\":\"0\"}','',NULL,NULL,0,0,NULL),(79,0,'mod_stats_admin','module','mod_stats_admin','','',1,1,1,0,1,'{\"name\":\"mod_stats_admin\",\"type\":\"module\",\"creationDate\":\"2004-07\",\"author\":\"Joomla! Project\",\"copyright\":\"(C) 2005 Open Source Matters, Inc.\",\"authorEmail\":\"admin@joomla.org\",\"authorUrl\":\"www.joomla.org\",\"version\":\"3.0.0\",\"description\":\"MOD_STATS_XML_DESCRIPTION\",\"group\":\"\",\"changelogurl\":\"\",\"namespace\":\"Joomla\\\\Module\\\\StatsAdmin\",\"filename\":\"mod_stats_admin\"}','{\"serverinfo\":\"0\",\"siteinfo\":\"0\",\"counter\":\"0\",\"increase\":\"0\",\"cache\":\"1\",\"cache_time\":\"900\",\"cachemode\":\"static\"}','',NULL,NULL,0,0,NULL),(80,0,'mod_tags_popular','module','mod_tags_popular','','',0,1,1,0,1,'{\"name\":\"mod_tags_popular\",\"type\":\"module\",\"creationDate\":\"2013-01\",\"author\":\"Joomla! Project\",\"copyright\":\"(C) 2013 Open Source Matters, Inc.\",\"authorEmail\":\"admin@joomla.org\",\"authorUrl\":\"www.joomla.org\",\"version\":\"3.1.0\",\"description\":\"MOD_TAGS_POPULAR_XML_DESCRIPTION\",\"group\":\"\",\"changelogurl\":\"\",\"namespace\":\"Joomla\\\\Module\\\\TagsPopular\",\"filename\":\"mod_tags_popular\"}','{\"maximum\":\"5\",\"timeframe\":\"alltime\",\"owncache\":\"1\"}','',NULL,NULL,0,0,NULL),(81,0,'mod_tags_similar','module','mod_tags_similar','','',0,1,1,0,1,'{\"name\":\"mod_tags_similar\",\"type\":\"module\",\"creationDate\":\"2013-01\",\"author\":\"Joomla! Project\",\"copyright\":\"(C) 2013 Open Source Matters, Inc.\",\"authorEmail\":\"admin@joomla.org\",\"authorUrl\":\"www.joomla.org\",\"version\":\"3.1.0\",\"description\":\"MOD_TAGS_SIMILAR_XML_DESCRIPTION\",\"group\":\"\",\"changelogurl\":\"\",\"namespace\":\"Joomla\\\\Module\\\\TagsSimilar\",\"filename\":\"mod_tags_similar\"}','{\"maximum\":\"5\",\"matchtype\":\"any\",\"owncache\":\"1\"}','',NULL,NULL,0,0,NULL),(82,0,'mod_sampledata','module','mod_sampledata','','',1,1,1,0,1,'{\"name\":\"mod_sampledata\",\"type\":\"module\",\"creationDate\":\"2017-07\",\"author\":\"Joomla! Project\",\"copyright\":\"(C) 2017 Open Source Matters, Inc.\",\"authorEmail\":\"admin@joomla.org\",\"authorUrl\":\"www.joomla.org\",\"version\":\"3.8.0\",\"description\":\"MOD_SAMPLEDATA_XML_DESCRIPTION\",\"group\":\"\",\"changelogurl\":\"\",\"namespace\":\"Joomla\\\\Module\\\\Sampledata\",\"filename\":\"mod_sampledata\"}','{}','',NULL,NULL,0,0,NULL),(83,0,'mod_latestactions','module','mod_latestactions','','',1,1,1,0,1,'{\"name\":\"mod_latestactions\",\"type\":\"module\",\"creationDate\":\"2018-05\",\"author\":\"Joomla! Project\",\"copyright\":\"(C) 2018 Open Source Matters, Inc.\",\"authorEmail\":\"admin@joomla.org\",\"authorUrl\":\"www.joomla.org\",\"version\":\"3.9.0\",\"description\":\"MOD_LATESTACTIONS_XML_DESCRIPTION\",\"group\":\"\",\"changelogurl\":\"\",\"namespace\":\"Joomla\\\\Module\\\\LatestActions\",\"filename\":\"mod_latestactions\"}','{}','',NULL,NULL,0,0,NULL),(84,0,'mod_privacy_dashboard','module','mod_privacy_dashboard','','',1,1,1,0,1,'{\"name\":\"mod_privacy_dashboard\",\"type\":\"module\",\"creationDate\":\"2018-06\",\"author\":\"Joomla! Project\",\"copyright\":\"(C) 2018 Open Source Matters, Inc.\",\"authorEmail\":\"admin@joomla.org\",\"authorUrl\":\"www.joomla.org\",\"version\":\"3.9.0\",\"description\":\"MOD_PRIVACY_DASHBOARD_XML_DESCRIPTION\",\"group\":\"\",\"changelogurl\":\"\",\"namespace\":\"Joomla\\\\Module\\\\PrivacyDashboard\",\"filename\":\"mod_privacy_dashboard\"}','{}','',NULL,NULL,0,0,NULL),(85,0,'mod_submenu','module','mod_submenu','','',1,1,1,0,1,'{\"name\":\"mod_submenu\",\"type\":\"module\",\"creationDate\":\"2006-02\",\"author\":\"Joomla! Project\",\"copyright\":\"(C) 2006 Open Source Matters, Inc.\",\"authorEmail\":\"admin@joomla.org\",\"authorUrl\":\"www.joomla.org\",\"version\":\"3.0.0\",\"description\":\"MOD_SUBMENU_XML_DESCRIPTION\",\"group\":\"\",\"changelogurl\":\"\",\"namespace\":\"Joomla\\\\Module\\\\Submenu\",\"filename\":\"mod_submenu\"}','{}','',NULL,NULL,0,0,NULL),(86,0,'mod_privacy_status','module','mod_privacy_status','','',1,1,1,0,1,'{\"name\":\"mod_privacy_status\",\"type\":\"module\",\"creationDate\":\"2019-07\",\"author\":\"Joomla! Project\",\"copyright\":\"(C) 2019 Open Source Matters, Inc.\",\"authorEmail\":\"admin@joomla.org\",\"authorUrl\":\"www.joomla.org\",\"version\":\"4.0.0\",\"description\":\"MOD_PRIVACY_STATUS_XML_DESCRIPTION\",\"group\":\"\",\"changelogurl\":\"\",\"namespace\":\"Joomla\\\\Module\\\\PrivacyStatus\",\"filename\":\"mod_privacy_status\"}','{}','',NULL,NULL,0,0,NULL),(87,0,'mod_guidedtours','module','mod_guidedtours','','',1,1,1,0,1,'{\"name\":\"mod_guidedtours\",\"type\":\"module\",\"creationDate\":\"2023-02\",\"author\":\"Joomla! Project\",\"copyright\":\"(C) 2023 Open Source Matters, Inc.\",\"authorEmail\":\"admin@joomla.org\",\"authorUrl\":\"www.joomla.org\",\"version\":\"4.3.0\",\"description\":\"MOD_GUIDEDTOURS_XML_DESCRIPTION\",\"group\":\"\",\"changelogurl\":\"\",\"namespace\":\"Joomla\\\\Module\\\\GuidedTours\",\"filename\":\"mod_guidedtours\"}','{}','',NULL,NULL,0,0,NULL),(88,0,'plg_actionlog_joomla','plugin','joomla','','actionlog',0,1,1,0,1,'{\"name\":\"plg_actionlog_joomla\",\"type\":\"plugin\",\"creationDate\":\"2018-05\",\"author\":\"Joomla! Project\",\"copyright\":\"(C) 2018 Open Source Matters, Inc.\",\"authorEmail\":\"admin@joomla.org\",\"authorUrl\":\"www.joomla.org\",\"version\":\"3.9.0\",\"description\":\"PLG_ACTIONLOG_JOOMLA_XML_DESCRIPTION\",\"group\":\"\",\"changelogurl\":\"\",\"namespace\":\"Joomla\\\\Plugin\\\\Actionlog\\\\Joomla\",\"filename\":\"joomla\"}','{}','',NULL,NULL,1,0,NULL),(89,0,'plg_api-authentication_basic','plugin','basic','','api-authentication',0,0,1,0,1,'{\"name\":\"plg_api-authentication_basic\",\"type\":\"plugin\",\"creationDate\":\"2005-11\",\"author\":\"Joomla! Project\",\"copyright\":\"(C) 2019 Open Source Matters, Inc.\",\"authorEmail\":\"admin@joomla.org\",\"authorUrl\":\"www.joomla.org\",\"version\":\"4.0.0\",\"description\":\"PLG_API-AUTHENTICATION_BASIC_XML_DESCRIPTION\",\"group\":\"\",\"changelogurl\":\"\",\"namespace\":\"Joomla\\\\Plugin\\\\ApiAuthentication\\\\Basic\",\"filename\":\"basic\"}','{}','',NULL,NULL,1,0,NULL),(90,0,'plg_api-authentication_token','plugin','token','','api-authentication',0,1,1,0,1,'{\"name\":\"plg_api-authentication_token\",\"type\":\"plugin\",\"creationDate\":\"2019-11\",\"author\":\"Joomla! Project\",\"copyright\":\"(C) 2020 Open Source Matters, Inc.\",\"authorEmail\":\"admin@joomla.org\",\"authorUrl\":\"www.joomla.org\",\"version\":\"4.0.0\",\"description\":\"PLG_API-AUTHENTICATION_TOKEN_XML_DESCRIPTION\",\"group\":\"\",\"changelogurl\":\"\",\"namespace\":\"Joomla\\\\Plugin\\\\ApiAuthentication\\\\Token\",\"filename\":\"token\"}','{}','',NULL,NULL,2,0,NULL),(91,0,'plg_authentication_cookie','plugin','cookie','','authentication',0,1,1,0,1,'{\"name\":\"plg_authentication_cookie\",\"type\":\"plugin\",\"creationDate\":\"2013-07\",\"author\":\"Joomla! Project\",\"copyright\":\"(C) 2013 Open Source Matters, Inc.\",\"authorEmail\":\"admin@joomla.org\",\"authorUrl\":\"www.joomla.org\",\"version\":\"3.0.0\",\"description\":\"PLG_AUTHENTICATION_COOKIE_XML_DESCRIPTION\",\"group\":\"\",\"changelogurl\":\"\",\"namespace\":\"Joomla\\\\Plugin\\\\Authentication\\\\Cookie\",\"filename\":\"cookie\"}','','',NULL,NULL,1,0,NULL),(92,0,'plg_authentication_joomla','plugin','joomla','','authentication',0,1,1,1,1,'{\"name\":\"plg_authentication_joomla\",\"type\":\"plugin\",\"creationDate\":\"2005-11\",\"author\":\"Joomla! Project\",\"copyright\":\"(C) 2005 Open Source Matters, Inc.\",\"authorEmail\":\"admin@joomla.org\",\"authorUrl\":\"www.joomla.org\",\"version\":\"3.0.0\",\"description\":\"PLG_AUTHENTICATION_JOOMLA_XML_DESCRIPTION\",\"group\":\"\",\"changelogurl\":\"\",\"namespace\":\"Joomla\\\\Plugin\\\\Authentication\\\\Joomla\",\"filename\":\"joomla\"}','','',NULL,NULL,2,0,NULL),(93,0,'plg_authentication_ldap','plugin','ldap','','authentication',0,0,1,0,1,'{\"name\":\"plg_authentication_ldap\",\"type\":\"plugin\",\"creationDate\":\"2005-11\",\"author\":\"Joomla! Project\",\"copyright\":\"(C) 2005 Open Source Matters, Inc.\",\"authorEmail\":\"admin@joomla.org\",\"authorUrl\":\"www.joomla.org\",\"version\":\"3.0.0\",\"description\":\"PLG_LDAP_XML_DESCRIPTION\",\"group\":\"\",\"changelogurl\":\"\",\"namespace\":\"Joomla\\\\Plugin\\\\Authentication\\\\Ldap\",\"filename\":\"ldap\"}','{\"host\":\"\",\"port\":\"389\",\"use_ldapV3\":\"0\",\"negotiate_tls\":\"0\",\"no_referrals\":\"0\",\"auth_method\":\"bind\",\"base_dn\":\"\",\"search_string\":\"\",\"users_dn\":\"\",\"username\":\"admin\",\"password\":\"bobby7\",\"ldap_fullname\":\"fullName\",\"ldap_email\":\"mail\",\"ldap_uid\":\"uid\"}','',NULL,NULL,3,0,NULL),(94,0,'plg_behaviour_compat6','plugin','compat6','','behaviour',0,0,1,0,1,'{\"name\":\"plg_behaviour_compat6\",\"type\":\"plugin\",\"creationDate\":\"2025-04\",\"author\":\"Joomla! Project\",\"copyright\":\"(C) 2025 Open Source Matters, Inc.\",\"authorEmail\":\"admin@joomla.org\",\"authorUrl\":\"www.joomla.org\",\"version\":\"6.0.0\",\"description\":\"PLG_COMPAT6_XML_DESCRIPTION\",\"group\":\"\",\"changelogurl\":\"\",\"namespace\":\"Joomla\\\\Plugin\\\\Behaviour\\\\Compat6\",\"filename\":\"compat6\"}','{\"classes_aliases\":\"0\",\"legacy_classes\":\"1\"}','',NULL,NULL,1,0,NULL),(95,0,'plg_behaviour_taggable','plugin','taggable','','behaviour',0,1,1,0,1,'{\"name\":\"plg_behaviour_taggable\",\"type\":\"plugin\",\"creationDate\":\"2015-08\",\"author\":\"Joomla! Project\",\"copyright\":\"(C) 2016 Open Source Matters, Inc.\",\"authorEmail\":\"admin@joomla.org\",\"authorUrl\":\"www.joomla.org\",\"version\":\"4.0.0\",\"description\":\"PLG_BEHAVIOUR_TAGGABLE_XML_DESCRIPTION\",\"group\":\"\",\"changelogurl\":\"\",\"namespace\":\"Joomla\\\\Plugin\\\\Behaviour\\\\Taggable\",\"filename\":\"taggable\"}','{}','',NULL,NULL,2,0,NULL),(96,0,'plg_behaviour_versionable','plugin','versionable','','behaviour',0,1,1,0,1,'{\"name\":\"plg_behaviour_versionable\",\"type\":\"plugin\",\"creationDate\":\"2015-08\",\"author\":\"Joomla! Project\",\"copyright\":\"(C) 2016 Open Source Matters, Inc.\",\"authorEmail\":\"admin@joomla.org\",\"authorUrl\":\"www.joomla.org\",\"version\":\"4.0.0\",\"description\":\"PLG_BEHAVIOUR_VERSIONABLE_XML_DESCRIPTION\",\"group\":\"\",\"changelogurl\":\"\",\"namespace\":\"Joomla\\\\Plugin\\\\Behaviour\\\\Versionable\",\"filename\":\"versionable\"}','{}','',NULL,NULL,3,0,NULL),(97,0,'plg_content_confirmconsent','plugin','confirmconsent','','content',0,0,1,0,1,'{\"name\":\"plg_content_confirmconsent\",\"type\":\"plugin\",\"creationDate\":\"2018-05\",\"author\":\"Joomla! Project\",\"copyright\":\"(C) 2018 Open Source Matters, Inc.\",\"authorEmail\":\"admin@joomla.org\",\"authorUrl\":\"www.joomla.org\",\"version\":\"3.9.0\",\"description\":\"PLG_CONTENT_CONFIRMCONSENT_XML_DESCRIPTION\",\"group\":\"\",\"changelogurl\":\"\",\"namespace\":\"Joomla\\\\Plugin\\\\Content\\\\ConfirmConsent\",\"filename\":\"confirmconsent\"}','{}','',NULL,NULL,1,0,NULL),(98,0,'plg_content_contact','plugin','contact','','content',0,1,1,0,1,'{\"name\":\"plg_content_contact\",\"type\":\"plugin\",\"creationDate\":\"2014-01\",\"author\":\"Joomla! Project\",\"copyright\":\"(C) 2014 Open Source Matters, Inc.\",\"authorEmail\":\"admin@joomla.org\",\"authorUrl\":\"www.joomla.org\",\"version\":\"3.2.2\",\"description\":\"PLG_CONTENT_CONTACT_XML_DESCRIPTION\",\"group\":\"\",\"changelogurl\":\"\",\"namespace\":\"Joomla\\\\Plugin\\\\Content\\\\Contact\",\"filename\":\"contact\"}','','',NULL,NULL,2,0,NULL),(99,0,'plg_content_emailcloak','plugin','emailcloak','','content',0,1,1,0,1,'{\"name\":\"plg_content_emailcloak\",\"type\":\"plugin\",\"creationDate\":\"2005-11\",\"author\":\"Joomla! Project\",\"copyright\":\"(C) 2005 Open Source Matters, Inc.\",\"authorEmail\":\"admin@joomla.org\",\"authorUrl\":\"www.joomla.org\",\"version\":\"3.0.0\",\"description\":\"PLG_CONTENT_EMAILCLOAK_XML_DESCRIPTION\",\"group\":\"\",\"changelogurl\":\"\",\"namespace\":\"Joomla\\\\Plugin\\\\Content\\\\EmailCloak\",\"filename\":\"emailcloak\"}','{\"mode\":\"1\"}','',NULL,NULL,3,0,NULL),(100,0,'plg_content_fields','plugin','fields','','content',0,1,1,0,1,'{\"name\":\"plg_content_fields\",\"type\":\"plugin\",\"creationDate\":\"2017-02\",\"author\":\"Joomla! Project\",\"copyright\":\"(C) 2017 Open Source Matters, Inc.\",\"authorEmail\":\"admin@joomla.org\",\"authorUrl\":\"www.joomla.org\",\"version\":\"3.7.0\",\"description\":\"PLG_CONTENT_FIELDS_XML_DESCRIPTION\",\"group\":\"\",\"changelogurl\":\"\",\"namespace\":\"Joomla\\\\Plugin\\\\Content\\\\Fields\",\"filename\":\"fields\"}','','',NULL,NULL,4,0,NULL),(101,0,'plg_content_finder','plugin','finder','','content',0,1,1,0,1,'{\"name\":\"plg_content_finder\",\"type\":\"plugin\",\"creationDate\":\"2011-12\",\"author\":\"Joomla! Project\",\"copyright\":\"(C) 2011 Open Source Matters, Inc.\",\"authorEmail\":\"admin@joomla.org\",\"authorUrl\":\"www.joomla.org\",\"version\":\"3.0.0\",\"description\":\"PLG_CONTENT_FINDER_XML_DESCRIPTION\",\"group\":\"\",\"changelogurl\":\"\",\"namespace\":\"Joomla\\\\Plugin\\\\Content\\\\Finder\",\"filename\":\"finder\"}','','',NULL,NULL,5,0,NULL),(102,0,'plg_content_joomla','plugin','joomla','','content',0,1,1,0,1,'{\"name\":\"plg_content_joomla\",\"type\":\"plugin\",\"creationDate\":\"2010-11\",\"author\":\"Joomla! Project\",\"copyright\":\"(C) 2010 Open Source Matters, Inc.\",\"authorEmail\":\"admin@joomla.org\",\"authorUrl\":\"www.joomla.org\",\"version\":\"3.0.0\",\"description\":\"PLG_CONTENT_JOOMLA_XML_DESCRIPTION\",\"group\":\"\",\"changelogurl\":\"\",\"namespace\":\"Joomla\\\\Plugin\\\\Content\\\\Joomla\",\"filename\":\"joomla\"}','','',NULL,NULL,6,0,NULL),(103,0,'plg_content_loadmodule','plugin','loadmodule','','content',0,1,1,0,1,'{\"name\":\"plg_content_loadmodule\",\"type\":\"plugin\",\"creationDate\":\"2005-11\",\"author\":\"Joomla! Project\",\"copyright\":\"(C) 2005 Open Source Matters, Inc.\",\"authorEmail\":\"admin@joomla.org\",\"authorUrl\":\"www.joomla.org\",\"version\":\"3.0.0\",\"description\":\"PLG_LOADMODULE_XML_DESCRIPTION\",\"group\":\"\",\"changelogurl\":\"\",\"namespace\":\"Joomla\\\\Plugin\\\\Content\\\\LoadModule\",\"filename\":\"loadmodule\"}','{\"style\":\"xhtml\"}','',NULL,NULL,7,0,NULL),(104,0,'plg_content_pagebreak','plugin','pagebreak','','content',0,1,1,0,1,'{\"name\":\"plg_content_pagebreak\",\"type\":\"plugin\",\"creationDate\":\"2005-11\",\"author\":\"Joomla! Project\",\"copyright\":\"(C) 2005 Open Source Matters, Inc.\",\"authorEmail\":\"admin@joomla.org\",\"authorUrl\":\"www.joomla.org\",\"version\":\"3.0.0\",\"description\":\"PLG_CONTENT_PAGEBREAK_XML_DESCRIPTION\",\"group\":\"\",\"changelogurl\":\"\",\"namespace\":\"Joomla\\\\Plugin\\\\Content\\\\PageBreak\",\"filename\":\"pagebreak\"}','{\"title\":\"1\",\"multipage_toc\":\"1\",\"showall\":\"1\"}','',NULL,NULL,8,0,NULL),(105,0,'plg_content_pagenavigation','plugin','pagenavigation','','content',0,1,1,0,1,'{\"name\":\"plg_content_pagenavigation\",\"type\":\"plugin\",\"creationDate\":\"2006-01\",\"author\":\"Joomla! Project\",\"copyright\":\"(C) 2006 Open Source Matters, Inc.\",\"authorEmail\":\"admin@joomla.org\",\"authorUrl\":\"www.joomla.org\",\"version\":\"3.0.0\",\"description\":\"PLG_PAGENAVIGATION_XML_DESCRIPTION\",\"group\":\"\",\"changelogurl\":\"\",\"namespace\":\"Joomla\\\\Plugin\\\\Content\\\\PageNavigation\",\"filename\":\"pagenavigation\"}','{\"position\":\"1\"}','',NULL,NULL,9,0,NULL),(106,0,'plg_content_vote','plugin','vote','','content',0,0,1,0,1,'{\"name\":\"plg_content_vote\",\"type\":\"plugin\",\"creationDate\":\"2005-11\",\"author\":\"Joomla! Project\",\"copyright\":\"(C) 2005 Open Source Matters, Inc.\",\"authorEmail\":\"admin@joomla.org\",\"authorUrl\":\"www.joomla.org\",\"version\":\"3.0.0\",\"description\":\"PLG_VOTE_XML_DESCRIPTION\",\"group\":\"\",\"changelogurl\":\"\",\"namespace\":\"Joomla\\\\Plugin\\\\Content\\\\Vote\",\"filename\":\"vote\"}','','',NULL,NULL,10,0,NULL),(107,0,'plg_editors-xtd_article','plugin','article','','editors-xtd',0,1,1,0,1,'{\"name\":\"plg_editors-xtd_article\",\"type\":\"plugin\",\"creationDate\":\"2009-10\",\"author\":\"Joomla! Project\",\"copyright\":\"(C) 2009 Open Source Matters, Inc.\",\"authorEmail\":\"admin@joomla.org\",\"authorUrl\":\"www.joomla.org\",\"version\":\"3.0.0\",\"description\":\"PLG_ARTICLE_XML_DESCRIPTION\",\"group\":\"\",\"changelogurl\":\"\",\"namespace\":\"Joomla\\\\Plugin\\\\EditorsXtd\\\\Article\",\"filename\":\"article\"}','','',NULL,NULL,1,0,NULL),(108,0,'plg_editors-xtd_contact','plugin','contact','','editors-xtd',0,1,1,0,1,'{\"name\":\"plg_editors-xtd_contact\",\"type\":\"plugin\",\"creationDate\":\"2016-10\",\"author\":\"Joomla! Project\",\"copyright\":\"(C) 2016 Open Source Matters, Inc.\",\"authorEmail\":\"admin@joomla.org\",\"authorUrl\":\"www.joomla.org\",\"version\":\"3.7.0\",\"description\":\"PLG_EDITORS-XTD_CONTACT_XML_DESCRIPTION\",\"group\":\"\",\"changelogurl\":\"\",\"namespace\":\"Joomla\\\\Plugin\\\\EditorsXtd\\\\Contact\",\"filename\":\"contact\"}','','',NULL,NULL,2,0,NULL),(109,0,'plg_editors-xtd_fields','plugin','fields','','editors-xtd',0,1,1,0,1,'{\"name\":\"plg_editors-xtd_fields\",\"type\":\"plugin\",\"creationDate\":\"2017-02\",\"author\":\"Joomla! Project\",\"copyright\":\"(C) 2017 Open Source Matters, Inc.\",\"authorEmail\":\"admin@joomla.org\",\"authorUrl\":\"www.joomla.org\",\"version\":\"3.7.0\",\"description\":\"PLG_EDITORS-XTD_FIELDS_XML_DESCRIPTION\",\"group\":\"\",\"changelogurl\":\"\",\"namespace\":\"Joomla\\\\Plugin\\\\EditorsXtd\\\\Fields\",\"filename\":\"fields\"}','','',NULL,NULL,3,0,NULL),(110,0,'plg_editors-xtd_image','plugin','image','','editors-xtd',0,1,1,0,1,'{\"name\":\"plg_editors-xtd_image\",\"type\":\"plugin\",\"creationDate\":\"2004-08\",\"author\":\"Joomla! Project\",\"copyright\":\"(C) 2005 Open Source Matters, Inc.\",\"authorEmail\":\"admin@joomla.org\",\"authorUrl\":\"www.joomla.org\",\"version\":\"3.0.0\",\"description\":\"PLG_IMAGE_XML_DESCRIPTION\",\"group\":\"\",\"changelogurl\":\"\",\"namespace\":\"Joomla\\\\Plugin\\\\EditorsXtd\\\\Image\",\"filename\":\"image\"}','','',NULL,NULL,4,0,NULL),(111,0,'plg_editors-xtd_menu','plugin','menu','','editors-xtd',0,1,1,0,1,'{\"name\":\"plg_editors-xtd_menu\",\"type\":\"plugin\",\"creationDate\":\"2016-08\",\"author\":\"Joomla! Project\",\"copyright\":\"(C) 2016 Open Source Matters, Inc.\",\"authorEmail\":\"admin@joomla.org\",\"authorUrl\":\"www.joomla.org\",\"version\":\"3.7.0\",\"description\":\"PLG_EDITORS-XTD_MENU_XML_DESCRIPTION\",\"group\":\"\",\"changelogurl\":\"\",\"namespace\":\"Joomla\\\\Plugin\\\\EditorsXtd\\\\Menu\",\"filename\":\"menu\"}','','',NULL,NULL,5,0,NULL),(112,0,'plg_editors-xtd_module','plugin','module','','editors-xtd',0,1,1,0,1,'{\"name\":\"plg_editors-xtd_module\",\"type\":\"plugin\",\"creationDate\":\"2015-10\",\"author\":\"Joomla! Project\",\"copyright\":\"(C) 2015 Open Source Matters, Inc.\",\"authorEmail\":\"admin@joomla.org\",\"authorUrl\":\"www.joomla.org\",\"version\":\"3.5.0\",\"description\":\"PLG_MODULE_XML_DESCRIPTION\",\"group\":\"\",\"changelogurl\":\"\",\"namespace\":\"Joomla\\\\Plugin\\\\EditorsXtd\\\\Module\",\"filename\":\"module\"}','','',NULL,NULL,6,0,NULL),(113,0,'plg_editors-xtd_pagebreak','plugin','pagebreak','','editors-xtd',0,1,1,0,1,'{\"name\":\"plg_editors-xtd_pagebreak\",\"type\":\"plugin\",\"creationDate\":\"2004-08\",\"author\":\"Joomla! Project\",\"copyright\":\"(C) 2005 Open Source Matters, Inc.\",\"authorEmail\":\"admin@joomla.org\",\"authorUrl\":\"www.joomla.org\",\"version\":\"3.0.0\",\"description\":\"PLG_EDITORSXTD_PAGEBREAK_XML_DESCRIPTION\",\"group\":\"\",\"changelogurl\":\"\",\"namespace\":\"Joomla\\\\Plugin\\\\EditorsXtd\\\\PageBreak\",\"filename\":\"pagebreak\"}','','',NULL,NULL,7,0,NULL),(114,0,'plg_editors-xtd_readmore','plugin','readmore','','editors-xtd',0,1,1,0,1,'{\"name\":\"plg_editors-xtd_readmore\",\"type\":\"plugin\",\"creationDate\":\"2006-03\",\"author\":\"Joomla! Project\",\"copyright\":\"(C) 2006 Open Source Matters, Inc.\",\"authorEmail\":\"admin@joomla.org\",\"authorUrl\":\"www.joomla.org\",\"version\":\"3.0.0\",\"description\":\"PLG_READMORE_XML_DESCRIPTION\",\"group\":\"\",\"changelogurl\":\"\",\"namespace\":\"Joomla\\\\Plugin\\\\EditorsXtd\\\\ReadMore\",\"filename\":\"readmore\"}','','',NULL,NULL,8,0,NULL),(115,0,'plg_editors_codemirror','plugin','codemirror','','editors',0,1,1,0,1,'{\"name\":\"plg_editors_codemirror\",\"type\":\"plugin\",\"creationDate\":\"28 March 2011\",\"author\":\"Marijn Haverbeke\",\"copyright\":\"Copyright (C) 2014 - 2021 by Marijn Haverbeke <marijnh@gmail.com> and others\",\"authorEmail\":\"marijnh@gmail.com\",\"authorUrl\":\"https:\\/\\/codemirror.net\\/\",\"version\":\"6.0.0\",\"description\":\"PLG_CODEMIRROR_XML_DESCRIPTION\",\"group\":\"\",\"changelogurl\":\"\",\"namespace\":\"Joomla\\\\Plugin\\\\Editors\\\\CodeMirror\",\"filename\":\"codemirror\"}','{\"lineNumbers\":\"1\",\"lineWrapping\":\"1\",\"matchTags\":\"1\",\"matchBrackets\":\"1\",\"marker-gutter\":\"1\",\"autoCloseTags\":\"1\",\"autoCloseBrackets\":\"1\",\"autoFocus\":\"1\",\"theme\":\"default\",\"tabmode\":\"indent\"}','',NULL,NULL,1,0,NULL),(116,0,'plg_editors_none','plugin','none','','editors',0,1,1,1,1,'{\"name\":\"plg_editors_none\",\"type\":\"plugin\",\"creationDate\":\"2005-09\",\"author\":\"Joomla! Project\",\"copyright\":\"(C) 2005 Open Source Matters, Inc.\",\"authorEmail\":\"admin@joomla.org\",\"authorUrl\":\"www.joomla.org\",\"version\":\"3.0.0\",\"description\":\"PLG_NONE_XML_DESCRIPTION\",\"group\":\"\",\"changelogurl\":\"\",\"namespace\":\"Joomla\\\\Plugin\\\\Editors\\\\None\",\"filename\":\"none\"}','','',NULL,NULL,2,0,NULL),(117,0,'plg_editors_tinymce','plugin','tinymce','','editors',0,1,1,0,1,'{\"name\":\"plg_editors_tinymce\",\"type\":\"plugin\",\"creationDate\":\"2005-08\",\"author\":\"Tiny Technologies, Inc\",\"copyright\":\"Tiny Technologies, Inc\",\"authorEmail\":\"N\\/A\",\"authorUrl\":\"https:\\/\\/www.tiny.cloud\",\"version\":\"8.1.2\",\"description\":\"PLG_TINY_XML_DESCRIPTION\",\"group\":\"\",\"changelogurl\":\"\",\"namespace\":\"Joomla\\\\Plugin\\\\Editors\\\\TinyMCE\",\"filename\":\"tinymce\"}','{\"configuration\":{\"toolbars\":{\"2\":{\"toolbar1\":[\"bold\",\"underline\",\"strikethrough\",\"|\",\"undo\",\"redo\",\"|\",\"bullist\",\"numlist\",\"|\",\"pastetext\"]},\"1\":{\"menu\":[\"edit\",\"insert\",\"view\",\"format\",\"table\",\"tools\"],\"toolbar1\":[\"bold\",\"italic\",\"underline\",\"strikethrough\",\"|\",\"alignleft\",\"aligncenter\",\"alignright\",\"alignjustify\",\"|\",\"blocks\",\"|\",\"bullist\",\"numlist\",\"|\",\"outdent\",\"indent\",\"|\",\"undo\",\"redo\",\"|\",\"link\",\"unlink\",\"anchor\",\"code\",\"|\",\"hr\",\"table\",\"|\",\"subscript\",\"superscript\",\"|\",\"charmap\",\"pastetext\",\"preview\"]},\"0\":{\"menu\":[\"edit\",\"insert\",\"view\",\"format\",\"table\",\"tools\"],\"toolbar1\":[\"bold\",\"italic\",\"underline\",\"strikethrough\",\"|\",\"alignleft\",\"aligncenter\",\"alignright\",\"alignjustify\",\"|\",\"styles\",\"|\",\"blocks\",\"fontfamily\",\"fontsize\",\"|\",\"searchreplace\",\"|\",\"bullist\",\"numlist\",\"|\",\"outdent\",\"indent\",\"|\",\"undo\",\"redo\",\"|\",\"link\",\"unlink\",\"anchor\",\"image\",\"|\",\"code\",\"|\",\"forecolor\",\"backcolor\",\"|\",\"fullscreen\",\"|\",\"table\",\"|\",\"subscript\",\"superscript\",\"|\",\"charmap\",\"emoticons\",\"media\",\"hr\",\"ltr\",\"rtl\",\"|\",\"cut\",\"copy\",\"paste\",\"pastetext\",\"|\",\"visualchars\",\"visualblocks\",\"nonbreaking\",\"blockquote\",\"jtemplate\",\"|\",\"print\",\"preview\",\"codesample\",\"insertdatetime\",\"removeformat\"]}},\"setoptions\":{\"2\":{\"access\":[\"1\"],\"skin\":\"0\",\"skin_admin\":\"0\",\"mobile\":\"0\",\"drag_drop\":\"1\",\"path\":\"\",\"entity_encoding\":\"raw\",\"lang_mode\":\"1\",\"text_direction\":\"ltr\",\"content_css\":\"1\",\"content_css_custom\":\"\",\"relative_urls\":\"1\",\"newlines\":\"0\",\"use_config_textfilters\":\"0\",\"invalid_elements\":\"script,applet,iframe\",\"valid_elements\":\"\",\"extended_elements\":\"\",\"resizing\":\"1\",\"resize_horizontal\":\"1\",\"element_path\":\"1\",\"wordcount\":\"1\",\"image_advtab\":\"0\",\"advlist\":\"1\",\"autosave\":\"1\",\"contextmenu\":\"1\",\"custom_plugin\":\"\",\"custom_button\":\"\"},\"1\":{\"access\":[\"6\",\"2\"],\"skin\":\"0\",\"skin_admin\":\"0\",\"mobile\":\"0\",\"drag_drop\":\"1\",\"path\":\"\",\"entity_encoding\":\"raw\",\"lang_mode\":\"1\",\"text_direction\":\"ltr\",\"content_css\":\"1\",\"content_css_custom\":\"\",\"relative_urls\":\"1\",\"newlines\":\"0\",\"use_config_textfilters\":\"0\",\"invalid_elements\":\"script,applet,iframe\",\"valid_elements\":\"\",\"extended_elements\":\"\",\"resizing\":\"1\",\"resize_horizontal\":\"1\",\"element_path\":\"1\",\"wordcount\":\"1\",\"image_advtab\":\"0\",\"advlist\":\"1\",\"autosave\":\"1\",\"contextmenu\":\"1\",\"custom_plugin\":\"\",\"custom_button\":\"\"},\"0\":{\"access\":[\"7\",\"4\",\"8\"],\"skin\":\"0\",\"skin_admin\":\"0\",\"mobile\":\"0\",\"drag_drop\":\"1\",\"path\":\"\",\"entity_encoding\":\"raw\",\"lang_mode\":\"1\",\"text_direction\":\"ltr\",\"content_css\":\"1\",\"content_css_custom\":\"\",\"relative_urls\":\"1\",\"newlines\":\"0\",\"use_config_textfilters\":\"0\",\"invalid_elements\":\"script,applet,iframe\",\"valid_elements\":\"\",\"extended_elements\":\"\",\"resizing\":\"1\",\"resize_horizontal\":\"1\",\"element_path\":\"1\",\"wordcount\":\"1\",\"image_advtab\":\"1\",\"advlist\":\"1\",\"autosave\":\"1\",\"contextmenu\":\"1\",\"custom_plugin\":\"\",\"custom_button\":\"\"}}},\"sets_amount\":3,\"html_height\":\"550\",\"html_width\":\"750\"}','',NULL,NULL,3,0,NULL),(118,0,'plg_extension_finder','plugin','finder','','extension',0,1,1,0,1,'{\"name\":\"plg_extension_finder\",\"type\":\"plugin\",\"creationDate\":\"2018-06\",\"author\":\"Joomla! Project\",\"copyright\":\"(C) 2019 Open Source Matters, Inc.\",\"authorEmail\":\"admin@joomla.org\",\"authorUrl\":\"www.joomla.org\",\"version\":\"4.0.0\",\"description\":\"PLG_EXTENSION_FINDER_XML_DESCRIPTION\",\"group\":\"\",\"changelogurl\":\"\",\"namespace\":\"Joomla\\\\Plugin\\\\Extension\\\\Finder\",\"filename\":\"finder\"}','','',NULL,NULL,1,0,NULL),(119,0,'plg_extension_joomla','plugin','joomla','','extension',0,1,1,0,1,'{\"name\":\"plg_extension_joomla\",\"type\":\"plugin\",\"creationDate\":\"2010-05\",\"author\":\"Joomla! Project\",\"copyright\":\"(C) 2010 Open Source Matters, Inc.\",\"authorEmail\":\"admin@joomla.org\",\"authorUrl\":\"www.joomla.org\",\"version\":\"3.0.0\",\"description\":\"PLG_EXTENSION_JOOMLA_XML_DESCRIPTION\",\"group\":\"\",\"changelogurl\":\"\",\"namespace\":\"Joomla\\\\Plugin\\\\Extension\\\\Joomla\",\"filename\":\"joomla\"}','','',NULL,NULL,2,0,NULL),(120,0,'plg_extension_joomlaupdate','plugin','joomlaupdate','','extension',0,1,1,0,1,'{\"name\":\"plg_extension_joomlaupdate\",\"type\":\"plugin\",\"creationDate\":\"2025-02\",\"author\":\"Joomla! Project\",\"copyright\":\"(C) 2025 Open Source Matters, Inc.\",\"authorEmail\":\"admin@joomla.org\",\"authorUrl\":\"www.joomla.org\",\"version\":\"1.0.0\",\"description\":\"PLG_EXTENSION_JOOMLAUPDATE_XML_DESCRIPTION\",\"group\":\"\",\"changelogurl\":\"\",\"namespace\":\"Joomla\\\\Plugin\\\\Extension\\\\Joomlaupdate\",\"filename\":\"joomlaupdate\"}','','',NULL,NULL,3,0,NULL),(121,0,'plg_extension_namespacemap','plugin','namespacemap','','extension',0,1,1,1,1,'{\"name\":\"plg_extension_namespacemap\",\"type\":\"plugin\",\"creationDate\":\"2017-05\",\"author\":\"Joomla! Project\",\"copyright\":\"(C) 2017 Open Source Matters, Inc.\",\"authorEmail\":\"admin@joomla.org\",\"authorUrl\":\"www.joomla.org\",\"version\":\"4.0.0\",\"description\":\"PLG_EXTENSION_NAMESPACEMAP_XML_DESCRIPTION\",\"group\":\"\",\"changelogurl\":\"\",\"namespace\":\"Joomla\\\\Plugin\\\\Extension\\\\NamespaceMap\",\"filename\":\"namespacemap\"}','{}','',NULL,NULL,4,0,NULL),(122,0,'plg_fields_calendar','plugin','calendar','','fields',0,1,1,0,1,'{\"name\":\"plg_fields_calendar\",\"type\":\"plugin\",\"creationDate\":\"2016-03\",\"author\":\"Joomla! Project\",\"copyright\":\"(C) 2016 Open Source Matters, Inc.\",\"authorEmail\":\"admin@joomla.org\",\"authorUrl\":\"www.joomla.org\",\"version\":\"3.7.0\",\"description\":\"PLG_FIELDS_CALENDAR_XML_DESCRIPTION\",\"group\":\"\",\"changelogurl\":\"\",\"namespace\":\"Joomla\\\\Plugin\\\\Fields\\\\Calendar\",\"filename\":\"calendar\"}','','',NULL,NULL,1,0,NULL),(123,0,'plg_fields_checkboxes','plugin','checkboxes','','fields',0,1,1,0,1,'{\"name\":\"plg_fields_checkboxes\",\"type\":\"plugin\",\"creationDate\":\"2016-03\",\"author\":\"Joomla! Project\",\"copyright\":\"(C) 2016 Open Source Matters, Inc.\",\"authorEmail\":\"admin@joomla.org\",\"authorUrl\":\"www.joomla.org\",\"version\":\"3.7.0\",\"description\":\"PLG_FIELDS_CHECKBOXES_XML_DESCRIPTION\",\"group\":\"\",\"changelogurl\":\"\",\"namespace\":\"Joomla\\\\Plugin\\\\Fields\\\\Checkboxes\",\"filename\":\"checkboxes\"}','','',NULL,NULL,2,0,NULL),(124,0,'plg_fields_color','plugin','color','','fields',0,1,1,0,1,'{\"name\":\"plg_fields_color\",\"type\":\"plugin\",\"creationDate\":\"2016-03\",\"author\":\"Joomla! Project\",\"copyright\":\"(C) 2016 Open Source Matters, Inc.\",\"authorEmail\":\"admin@joomla.org\",\"authorUrl\":\"www.joomla.org\",\"version\":\"3.7.0\",\"description\":\"PLG_FIELDS_COLOR_XML_DESCRIPTION\",\"group\":\"\",\"changelogurl\":\"\",\"namespace\":\"Joomla\\\\Plugin\\\\Fields\\\\Color\",\"filename\":\"color\"}','','',NULL,NULL,3,0,NULL),(125,0,'plg_fields_editor','plugin','editor','','fields',0,1,1,0,1,'{\"name\":\"plg_fields_editor\",\"type\":\"plugin\",\"creationDate\":\"2016-03\",\"author\":\"Joomla! Project\",\"copyright\":\"(C) 2016 Open Source Matters, Inc.\",\"authorEmail\":\"admin@joomla.org\",\"authorUrl\":\"www.joomla.org\",\"version\":\"3.7.0\",\"description\":\"PLG_FIELDS_EDITOR_XML_DESCRIPTION\",\"group\":\"\",\"changelogurl\":\"\",\"namespace\":\"Joomla\\\\Plugin\\\\Fields\\\\Editor\",\"filename\":\"editor\"}','{\"buttons\":0,\"width\":\"100%\",\"height\":\"250px\",\"filter\":\"\\\\Joomla\\\\CMS\\\\Component\\\\ComponentHelper::filterText\"}','',NULL,NULL,4,0,NULL),(126,0,'plg_fields_imagelist','plugin','imagelist','','fields',0,1,1,0,1,'{\"name\":\"plg_fields_imagelist\",\"type\":\"plugin\",\"creationDate\":\"2016-03\",\"author\":\"Joomla! Project\",\"copyright\":\"(C) 2016 Open Source Matters, Inc.\",\"authorEmail\":\"admin@joomla.org\",\"authorUrl\":\"www.joomla.org\",\"version\":\"3.7.0\",\"description\":\"PLG_FIELDS_IMAGELIST_XML_DESCRIPTION\",\"group\":\"\",\"changelogurl\":\"\",\"namespace\":\"Joomla\\\\Plugin\\\\Fields\\\\Imagelist\",\"filename\":\"imagelist\"}','','',NULL,NULL,5,0,NULL),(127,0,'plg_fields_integer','plugin','integer','','fields',0,1,1,0,1,'{\"name\":\"plg_fields_integer\",\"type\":\"plugin\",\"creationDate\":\"2016-03\",\"author\":\"Joomla! Project\",\"copyright\":\"(C) 2016 Open Source Matters, Inc.\",\"authorEmail\":\"admin@joomla.org\",\"authorUrl\":\"www.joomla.org\",\"version\":\"3.7.0\",\"description\":\"PLG_FIELDS_INTEGER_XML_DESCRIPTION\",\"group\":\"\",\"changelogurl\":\"\",\"namespace\":\"Joomla\\\\Plugin\\\\Fields\\\\Integer\",\"filename\":\"integer\"}','{\"multiple\":\"0\",\"first\":\"1\",\"last\":\"100\",\"step\":\"1\"}','',NULL,NULL,6,0,NULL),(128,0,'plg_fields_list','plugin','list','','fields',0,1,1,0,1,'{\"name\":\"plg_fields_list\",\"type\":\"plugin\",\"creationDate\":\"2016-03\",\"author\":\"Joomla! Project\",\"copyright\":\"(C) 2016 Open Source Matters, Inc.\",\"authorEmail\":\"admin@joomla.org\",\"authorUrl\":\"www.joomla.org\",\"version\":\"3.7.0\",\"description\":\"PLG_FIELDS_LIST_XML_DESCRIPTION\",\"group\":\"\",\"changelogurl\":\"\",\"namespace\":\"Joomla\\\\Plugin\\\\Fields\\\\ListField\",\"filename\":\"list\"}','','',NULL,NULL,7,0,NULL),(129,0,'plg_fields_media','plugin','media','','fields',0,1,1,0,1,'{\"name\":\"plg_fields_media\",\"type\":\"plugin\",\"creationDate\":\"2016-03\",\"author\":\"Joomla! Project\",\"copyright\":\"(C) 2016 Open Source Matters, Inc.\",\"authorEmail\":\"admin@joomla.org\",\"authorUrl\":\"www.joomla.org\",\"version\":\"3.7.0\",\"description\":\"PLG_FIELDS_MEDIA_XML_DESCRIPTION\",\"group\":\"\",\"changelogurl\":\"\",\"namespace\":\"Joomla\\\\Plugin\\\\Fields\\\\Media\",\"filename\":\"media\"}','','',NULL,NULL,8,0,NULL),(130,0,'plg_fields_note','plugin','note','','fields',0,1,1,0,1,'{\"name\":\"plg_fields_note\",\"type\":\"plugin\",\"creationDate\":\"2025-03\",\"author\":\"Joomla! Project\",\"copyright\":\"(C) 2025 Open Source Matters, Inc.\",\"authorEmail\":\"admin@joomla.org\",\"authorUrl\":\"www.joomla.org\",\"version\":\"6.0.0\",\"description\":\"PLG_FIELDS_NOTE_XML_DESCRIPTION\",\"group\":\"\",\"changelogurl\":\"\",\"namespace\":\"Joomla\\\\Plugin\\\\Fields\\\\Note\",\"filename\":\"note\"}','{\"class\":\"alert alert-info\",\"heading\":\"h4\"}','',NULL,NULL,9,0,NULL),(131,0,'plg_fields_number','plugin','number','','fields',0,1,1,0,1,'{\"name\":\"plg_fields_number\",\"type\":\"plugin\",\"creationDate\":\"2025-03\",\"author\":\"Joomla! Project\",\"copyright\":\"(C) 2025 Open Source Matters, Inc.\",\"authorEmail\":\"admin@joomla.org\",\"authorUrl\":\"www.joomla.org\",\"version\":\"6.0.0\",\"description\":\"PLG_FIELDS_NUMBER_XML_DESCRIPTION\",\"group\":\"\",\"changelogurl\":\"\",\"namespace\":\"Joomla\\\\Plugin\\\\Fields\\\\Number\",\"filename\":\"number\"}','{\"min\":\"1.0\",\"max\":\"100.0\",\"step\":\"0.1\",\"currency\":\"0\",\"symbol\":\"\",\"position\":\"0\",\"decimals\":\"2\"}','',NULL,NULL,10,0,NULL),(132,0,'plg_fields_radio','plugin','radio','','fields',0,1,1,0,1,'{\"name\":\"plg_fields_radio\",\"type\":\"plugin\",\"creationDate\":\"2016-03\",\"author\":\"Joomla! Project\",\"copyright\":\"(C) 2016 Open Source Matters, Inc.\",\"authorEmail\":\"admin@joomla.org\",\"authorUrl\":\"www.joomla.org\",\"version\":\"3.7.0\",\"description\":\"PLG_FIELDS_RADIO_XML_DESCRIPTION\",\"group\":\"\",\"changelogurl\":\"\",\"namespace\":\"Joomla\\\\Plugin\\\\Fields\\\\Radio\",\"filename\":\"radio\"}','','',NULL,NULL,11,0,NULL),(133,0,'plg_fields_sql','plugin','sql','','fields',0,1,1,0,1,'{\"name\":\"plg_fields_sql\",\"type\":\"plugin\",\"creationDate\":\"2016-03\",\"author\":\"Joomla! Project\",\"copyright\":\"(C) 2016 Open Source Matters, Inc.\",\"authorEmail\":\"admin@joomla.org\",\"authorUrl\":\"www.joomla.org\",\"version\":\"3.7.0\",\"description\":\"PLG_FIELDS_SQL_XML_DESCRIPTION\",\"group\":\"\",\"changelogurl\":\"\",\"namespace\":\"Joomla\\\\Plugin\\\\Fields\\\\SQL\",\"filename\":\"sql\"}','','',NULL,NULL,12,0,NULL),(134,0,'plg_fields_subform','plugin','subform','','fields',0,1,1,0,1,'{\"name\":\"plg_fields_subform\",\"type\":\"plugin\",\"creationDate\":\"2017-06\",\"author\":\"Joomla! Project\",\"copyright\":\"(C) 2019 Open Source Matters, Inc.\",\"authorEmail\":\"admin@joomla.org\",\"authorUrl\":\"www.joomla.org\",\"version\":\"4.0.0\",\"description\":\"PLG_FIELDS_SUBFORM_XML_DESCRIPTION\",\"group\":\"\",\"changelogurl\":\"\",\"namespace\":\"Joomla\\\\Plugin\\\\Fields\\\\Subform\",\"filename\":\"subform\"}','','',NULL,NULL,13,0,NULL),(135,0,'plg_fields_text','plugin','text','','fields',0,1,1,0,1,'{\"name\":\"plg_fields_text\",\"type\":\"plugin\",\"creationDate\":\"2016-03\",\"author\":\"Joomla! Project\",\"copyright\":\"(C) 2016 Open Source Matters, Inc.\",\"authorEmail\":\"admin@joomla.org\",\"authorUrl\":\"www.joomla.org\",\"version\":\"3.7.0\",\"description\":\"PLG_FIELDS_TEXT_XML_DESCRIPTION\",\"group\":\"\",\"changelogurl\":\"\",\"namespace\":\"Joomla\\\\Plugin\\\\Fields\\\\Text\",\"filename\":\"text\"}','','',NULL,NULL,14,0,NULL),(136,0,'plg_fields_textarea','plugin','textarea','','fields',0,1,1,0,1,'{\"name\":\"plg_fields_textarea\",\"type\":\"plugin\",\"creationDate\":\"2016-03\",\"author\":\"Joomla! Project\",\"copyright\":\"(C) 2016 Open Source Matters, Inc.\",\"authorEmail\":\"admin@joomla.org\",\"authorUrl\":\"www.joomla.org\",\"version\":\"3.7.0\",\"description\":\"PLG_FIELDS_TEXTAREA_XML_DESCRIPTION\",\"group\":\"\",\"changelogurl\":\"\",\"namespace\":\"Joomla\\\\Plugin\\\\Fields\\\\Textarea\",\"filename\":\"textarea\"}','{\"rows\":10,\"cols\":10,\"maxlength\":\"\",\"filter\":\"\\\\Joomla\\\\CMS\\\\Component\\\\ComponentHelper::filterText\"}','',NULL,NULL,15,0,NULL),(137,0,'plg_fields_url','plugin','url','','fields',0,1,1,0,1,'{\"name\":\"plg_fields_url\",\"type\":\"plugin\",\"creationDate\":\"2016-03\",\"author\":\"Joomla! Project\",\"copyright\":\"(C) 2016 Open Source Matters, Inc.\",\"authorEmail\":\"admin@joomla.org\",\"authorUrl\":\"www.joomla.org\",\"version\":\"3.7.0\",\"description\":\"PLG_FIELDS_URL_XML_DESCRIPTION\",\"group\":\"\",\"changelogurl\":\"\",\"namespace\":\"Joomla\\\\Plugin\\\\Fields\\\\Url\",\"filename\":\"url\"}','','',NULL,NULL,16,0,NULL),(138,0,'plg_fields_user','plugin','user','','fields',0,1,1,0,1,'{\"name\":\"plg_fields_user\",\"type\":\"plugin\",\"creationDate\":\"2016-03\",\"author\":\"Joomla! Project\",\"copyright\":\"(C) 2016 Open Source Matters, Inc.\",\"authorEmail\":\"admin@joomla.org\",\"authorUrl\":\"www.joomla.org\",\"version\":\"3.7.0\",\"description\":\"PLG_FIELDS_USER_XML_DESCRIPTION\",\"group\":\"\",\"changelogurl\":\"\",\"namespace\":\"Joomla\\\\Plugin\\\\Fields\\\\User\",\"filename\":\"user\"}','','',NULL,NULL,17,0,NULL),(139,0,'plg_fields_usergrouplist','plugin','usergrouplist','','fields',0,1,1,0,1,'{\"name\":\"plg_fields_usergrouplist\",\"type\":\"plugin\",\"creationDate\":\"2016-03\",\"author\":\"Joomla! Project\",\"copyright\":\"(C) 2016 Open Source Matters, Inc.\",\"authorEmail\":\"admin@joomla.org\",\"authorUrl\":\"www.joomla.org\",\"version\":\"3.7.0\",\"description\":\"PLG_FIELDS_USERGROUPLIST_XML_DESCRIPTION\",\"group\":\"\",\"changelogurl\":\"\",\"namespace\":\"Joomla\\\\Plugin\\\\Fields\\\\UsergroupList\",\"filename\":\"usergrouplist\"}','','',NULL,NULL,18,0,NULL),(140,0,'plg_filesystem_local','plugin','local','','filesystem',0,1,1,0,1,'{\"name\":\"plg_filesystem_local\",\"type\":\"plugin\",\"creationDate\":\"2017-04\",\"author\":\"Joomla! Project\",\"copyright\":\"(C) 2017 Open Source Matters, Inc.\",\"authorEmail\":\"admin@joomla.org\",\"authorUrl\":\"www.joomla.org\",\"version\":\"4.0.0\",\"description\":\"PLG_FILESYSTEM_LOCAL_XML_DESCRIPTION\",\"group\":\"\",\"changelogurl\":\"\",\"namespace\":\"Joomla\\\\Plugin\\\\Filesystem\\\\Local\",\"filename\":\"local\"}','{}','',NULL,NULL,1,0,NULL),(141,0,'plg_finder_categories','plugin','categories','','finder',0,1,1,0,1,'{\"name\":\"plg_finder_categories\",\"type\":\"plugin\",\"creationDate\":\"2011-08\",\"author\":\"Joomla! Project\",\"copyright\":\"(C) 2011 Open Source Matters, Inc.\",\"authorEmail\":\"admin@joomla.org\",\"authorUrl\":\"www.joomla.org\",\"version\":\"3.0.0\",\"description\":\"PLG_FINDER_CATEGORIES_XML_DESCRIPTION\",\"group\":\"\",\"changelogurl\":\"\",\"namespace\":\"Joomla\\\\Plugin\\\\Finder\\\\Categories\",\"filename\":\"categories\"}','','',NULL,NULL,1,0,NULL),(142,0,'plg_finder_contacts','plugin','contacts','','finder',0,1,1,0,1,'{\"name\":\"plg_finder_contacts\",\"type\":\"plugin\",\"creationDate\":\"2011-08\",\"author\":\"Joomla! Project\",\"copyright\":\"(C) 2011 Open Source Matters, Inc.\",\"authorEmail\":\"admin@joomla.org\",\"authorUrl\":\"www.joomla.org\",\"version\":\"3.0.0\",\"description\":\"PLG_FINDER_CONTACTS_XML_DESCRIPTION\",\"group\":\"\",\"changelogurl\":\"\",\"namespace\":\"Joomla\\\\Plugin\\\\Finder\\\\Contacts\",\"filename\":\"contacts\"}','','',NULL,NULL,2,0,NULL),(143,0,'plg_finder_content','plugin','content','','finder',0,1,1,0,1,'{\"name\":\"plg_finder_content\",\"type\":\"plugin\",\"creationDate\":\"2011-08\",\"author\":\"Joomla! Project\",\"copyright\":\"(C) 2011 Open Source Matters, Inc.\",\"authorEmail\":\"admin@joomla.org\",\"authorUrl\":\"www.joomla.org\",\"version\":\"3.0.0\",\"description\":\"PLG_FINDER_CONTENT_XML_DESCRIPTION\",\"group\":\"\",\"changelogurl\":\"\",\"namespace\":\"Joomla\\\\Plugin\\\\Finder\\\\Content\",\"filename\":\"content\"}','','',NULL,NULL,3,0,NULL),(144,0,'plg_finder_newsfeeds','plugin','newsfeeds','','finder',0,1,1,0,1,'{\"name\":\"plg_finder_newsfeeds\",\"type\":\"plugin\",\"creationDate\":\"2011-08\",\"author\":\"Joomla! Project\",\"copyright\":\"(C) 2011 Open Source Matters, Inc.\",\"authorEmail\":\"admin@joomla.org\",\"authorUrl\":\"www.joomla.org\",\"version\":\"3.0.0\",\"description\":\"PLG_FINDER_NEWSFEEDS_XML_DESCRIPTION\",\"group\":\"\",\"changelogurl\":\"\",\"namespace\":\"Joomla\\\\Plugin\\\\Finder\\\\Newsfeeds\",\"filename\":\"newsfeeds\"}','','',NULL,NULL,4,0,NULL),(145,0,'plg_finder_tags','plugin','tags','','finder',0,1,1,0,1,'{\"name\":\"plg_finder_tags\",\"type\":\"plugin\",\"creationDate\":\"2013-02\",\"author\":\"Joomla! Project\",\"copyright\":\"(C) 2013 Open Source Matters, Inc.\",\"authorEmail\":\"admin@joomla.org\",\"authorUrl\":\"www.joomla.org\",\"version\":\"3.0.0\",\"description\":\"PLG_FINDER_TAGS_XML_DESCRIPTION\",\"group\":\"\",\"changelogurl\":\"\",\"namespace\":\"Joomla\\\\Plugin\\\\Finder\\\\Tags\",\"filename\":\"tags\"}','','',NULL,NULL,5,0,NULL),(146,0,'plg_installer_folderinstaller','plugin','folderinstaller','','installer',0,1,1,0,1,'{\"name\":\"plg_installer_folderinstaller\",\"type\":\"plugin\",\"creationDate\":\"2016-05\",\"author\":\"Joomla! Project\",\"copyright\":\"(C) 2016 Open Source Matters, Inc.\",\"authorEmail\":\"admin@joomla.org\",\"authorUrl\":\"www.joomla.org\",\"version\":\"3.6.0\",\"description\":\"PLG_INSTALLER_FOLDERINSTALLER_PLUGIN_XML_DESCRIPTION\",\"group\":\"\",\"changelogurl\":\"\",\"namespace\":\"Joomla\\\\Plugin\\\\Installer\\\\Folder\",\"filename\":\"folderinstaller\"}','','',NULL,NULL,2,0,NULL),(147,0,'plg_installer_override','plugin','override','','installer',0,1,1,0,1,'{\"name\":\"plg_installer_override\",\"type\":\"plugin\",\"creationDate\":\"2018-06\",\"author\":\"Joomla! Project\",\"copyright\":\"(C) 2018 Open Source Matters, Inc.\",\"authorEmail\":\"admin@joomla.org\",\"authorUrl\":\"www.joomla.org\",\"version\":\"4.0.0\",\"description\":\"PLG_INSTALLER_OVERRIDE_PLUGIN_XML_DESCRIPTION\",\"group\":\"\",\"changelogurl\":\"\",\"namespace\":\"Joomla\\\\Plugin\\\\Installer\\\\Override\",\"filename\":\"override\"}','','',NULL,NULL,4,0,NULL),(148,0,'plg_installer_packageinstaller','plugin','packageinstaller','','installer',0,1,1,0,1,'{\"name\":\"plg_installer_packageinstaller\",\"type\":\"plugin\",\"creationDate\":\"2016-05\",\"author\":\"Joomla! Project\",\"copyright\":\"(C) 2016 Open Source Matters, Inc.\",\"authorEmail\":\"admin@joomla.org\",\"authorUrl\":\"www.joomla.org\",\"version\":\"3.6.0\",\"description\":\"PLG_INSTALLER_PACKAGEINSTALLER_PLUGIN_XML_DESCRIPTION\",\"group\":\"\",\"changelogurl\":\"\",\"namespace\":\"Joomla\\\\Plugin\\\\Installer\\\\Package\",\"filename\":\"packageinstaller\"}','','',NULL,NULL,1,0,NULL),(149,0,'plg_installer_urlinstaller','plugin','urlinstaller','','installer',0,1,1,0,1,'{\"name\":\"plg_installer_urlinstaller\",\"type\":\"plugin\",\"creationDate\":\"2016-05\",\"author\":\"Joomla! Project\",\"copyright\":\"(C) 2016 Open Source Matters, Inc.\",\"authorEmail\":\"admin@joomla.org\",\"authorUrl\":\"www.joomla.org\",\"version\":\"3.6.0\",\"description\":\"PLG_INSTALLER_URLINSTALLER_PLUGIN_XML_DESCRIPTION\",\"group\":\"\",\"changelogurl\":\"\",\"namespace\":\"Joomla\\\\Plugin\\\\Installer\\\\Url\",\"filename\":\"urlinstaller\"}','','',NULL,NULL,3,0,NULL),(150,0,'plg_installer_webinstaller','plugin','webinstaller','','installer',0,1,1,0,1,'{\"name\":\"plg_installer_webinstaller\",\"type\":\"plugin\",\"creationDate\":\"2017-04\",\"author\":\"Joomla! Project\",\"copyright\":\"(C) 2018 Open Source Matters, Inc.\",\"authorEmail\":\"admin@joomla.org\",\"authorUrl\":\"www.joomla.org\",\"version\":\"4.0.0\",\"description\":\"PLG_INSTALLER_WEBINSTALLER_XML_DESCRIPTION\",\"group\":\"\",\"changelogurl\":\"\",\"namespace\":\"Joomla\\\\Plugin\\\\Installer\\\\Web\",\"filename\":\"webinstaller\"}','{\"tab_position\":\"1\"}','',NULL,NULL,5,0,NULL),(151,0,'plg_media-action_crop','plugin','crop','','media-action',0,1,1,0,1,'{\"name\":\"plg_media-action_crop\",\"type\":\"plugin\",\"creationDate\":\"2017-01\",\"author\":\"Joomla! Project\",\"copyright\":\"(C) 2017 Open Source Matters, Inc.\",\"authorEmail\":\"admin@joomla.org\",\"authorUrl\":\"www.joomla.org\",\"version\":\"4.0.0\",\"description\":\"PLG_MEDIA-ACTION_CROP_XML_DESCRIPTION\",\"group\":\"\",\"changelogurl\":\"\",\"namespace\":\"Joomla\\\\Plugin\\\\MediaAction\\\\Crop\",\"filename\":\"crop\"}','{}','',NULL,NULL,1,0,NULL),(152,0,'plg_media-action_resize','plugin','resize','','media-action',0,1,1,0,1,'{\"name\":\"plg_media-action_resize\",\"type\":\"plugin\",\"creationDate\":\"2017-01\",\"author\":\"Joomla! Project\",\"copyright\":\"(C) 2017 Open Source Matters, Inc.\",\"authorEmail\":\"admin@joomla.org\",\"authorUrl\":\"www.joomla.org\",\"version\":\"4.0.0\",\"description\":\"PLG_MEDIA-ACTION_RESIZE_XML_DESCRIPTION\",\"group\":\"\",\"changelogurl\":\"\",\"namespace\":\"Joomla\\\\Plugin\\\\MediaAction\\\\Resize\",\"filename\":\"resize\"}','{}','',NULL,NULL,2,0,NULL),(153,0,'plg_media-action_rotate','plugin','rotate','','media-action',0,1,1,0,1,'{\"name\":\"plg_media-action_rotate\",\"type\":\"plugin\",\"creationDate\":\"2017-01\",\"author\":\"Joomla! Project\",\"copyright\":\"(C) 2017 Open Source Matters, Inc.\",\"authorEmail\":\"admin@joomla.org\",\"authorUrl\":\"www.joomla.org\",\"version\":\"4.0.0\",\"description\":\"PLG_MEDIA-ACTION_ROTATE_XML_DESCRIPTION\",\"group\":\"\",\"changelogurl\":\"\",\"namespace\":\"Joomla\\\\Plugin\\\\MediaAction\\\\Rotate\",\"filename\":\"rotate\"}','{}','',NULL,NULL,3,0,NULL),(154,0,'plg_privacy_actionlogs','plugin','actionlogs','','privacy',0,1,1,0,1,'{\"name\":\"plg_privacy_actionlogs\",\"type\":\"plugin\",\"creationDate\":\"2018-07\",\"author\":\"Joomla! Project\",\"copyright\":\"(C) 2018 Open Source Matters, Inc.\",\"authorEmail\":\"admin@joomla.org\",\"authorUrl\":\"www.joomla.org\",\"version\":\"3.9.0\",\"description\":\"PLG_PRIVACY_ACTIONLOGS_XML_DESCRIPTION\",\"group\":\"\",\"changelogurl\":\"\",\"namespace\":\"Joomla\\\\Plugin\\\\Privacy\\\\Actionlogs\",\"filename\":\"actionlogs\"}','{}','',NULL,NULL,1,0,NULL),(155,0,'plg_privacy_consents','plugin','consents','','privacy',0,1,1,0,1,'{\"name\":\"plg_privacy_consents\",\"type\":\"plugin\",\"creationDate\":\"2018-07\",\"author\":\"Joomla! Project\",\"copyright\":\"(C) 2018 Open Source Matters, Inc.\",\"authorEmail\":\"admin@joomla.org\",\"authorUrl\":\"www.joomla.org\",\"version\":\"3.9.0\",\"description\":\"PLG_PRIVACY_CONSENTS_XML_DESCRIPTION\",\"group\":\"\",\"changelogurl\":\"\",\"namespace\":\"Joomla\\\\Plugin\\\\Privacy\\\\Consents\",\"filename\":\"consents\"}','{}','',NULL,NULL,2,0,NULL),(156,0,'plg_privacy_contact','plugin','contact','','privacy',0,1,1,0,1,'{\"name\":\"plg_privacy_contact\",\"type\":\"plugin\",\"creationDate\":\"2018-07\",\"author\":\"Joomla! Project\",\"copyright\":\"(C) 2018 Open Source Matters, Inc.\",\"authorEmail\":\"admin@joomla.org\",\"authorUrl\":\"www.joomla.org\",\"version\":\"3.9.0\",\"description\":\"PLG_PRIVACY_CONTACT_XML_DESCRIPTION\",\"group\":\"\",\"changelogurl\":\"\",\"namespace\":\"Joomla\\\\Plugin\\\\Privacy\\\\Contact\",\"filename\":\"contact\"}','{}','',NULL,NULL,3,0,NULL),(157,0,'plg_privacy_content','plugin','content','','privacy',0,1,1,0,1,'{\"name\":\"plg_privacy_content\",\"type\":\"plugin\",\"creationDate\":\"2018-07\",\"author\":\"Joomla! Project\",\"copyright\":\"(C) 2018 Open Source Matters, Inc.\",\"authorEmail\":\"admin@joomla.org\",\"authorUrl\":\"www.joomla.org\",\"version\":\"3.9.0\",\"description\":\"PLG_PRIVACY_CONTENT_XML_DESCRIPTION\",\"group\":\"\",\"changelogurl\":\"\",\"namespace\":\"Joomla\\\\Plugin\\\\Privacy\\\\Content\",\"filename\":\"content\"}','{}','',NULL,NULL,4,0,NULL),(158,0,'plg_privacy_message','plugin','message','','privacy',0,1,1,0,1,'{\"name\":\"plg_privacy_message\",\"type\":\"plugin\",\"creationDate\":\"2018-07\",\"author\":\"Joomla! Project\",\"copyright\":\"(C) 2018 Open Source Matters, Inc.\",\"authorEmail\":\"admin@joomla.org\",\"authorUrl\":\"www.joomla.org\",\"version\":\"3.9.0\",\"description\":\"PLG_PRIVACY_MESSAGE_XML_DESCRIPTION\",\"group\":\"\",\"changelogurl\":\"\",\"namespace\":\"Joomla\\\\Plugin\\\\Privacy\\\\Message\",\"filename\":\"message\"}','{}','',NULL,NULL,5,0,NULL),(159,0,'plg_privacy_user','plugin','user','','privacy',0,1,1,0,1,'{\"name\":\"plg_privacy_user\",\"type\":\"plugin\",\"creationDate\":\"2018-05\",\"author\":\"Joomla! Project\",\"copyright\":\"(C) 2018 Open Source Matters, Inc.\",\"authorEmail\":\"admin@joomla.org\",\"authorUrl\":\"www.joomla.org\",\"version\":\"3.9.0\",\"description\":\"PLG_PRIVACY_USER_XML_DESCRIPTION\",\"group\":\"\",\"changelogurl\":\"\",\"namespace\":\"Joomla\\\\Plugin\\\\Privacy\\\\User\",\"filename\":\"user\"}','{}','',NULL,NULL,6,0,NULL),(160,0,'plg_quickicon_autoupdate','plugin','autoupdate','','quickicon',0,1,1,0,1,'{\"name\":\"plg_quickicon_autoupdate\",\"type\":\"plugin\",\"creationDate\":\"2025-03\",\"author\":\"Joomla! Project\",\"copyright\":\"(C) 2025 Open Source Matters, Inc.\",\"authorEmail\":\"admin@joomla.org\",\"authorUrl\":\"www.joomla.org\",\"version\":\"5.4.0\",\"description\":\"PLG_QUICKICON_AUTOUPDATE_XML_DESCRIPTION\",\"group\":\"\",\"changelogurl\":\"\",\"namespace\":\"Joomla\\\\Plugin\\\\Quickicon\\\\Autoupdate\",\"filename\":\"autoupdate\"}','','',NULL,NULL,1,0,NULL),(161,0,'plg_quickicon_joomlaupdate','plugin','joomlaupdate','','quickicon',0,1,1,0,1,'{\"name\":\"plg_quickicon_joomlaupdate\",\"type\":\"plugin\",\"creationDate\":\"2011-08\",\"author\":\"Joomla! Project\",\"copyright\":\"(C) 2011 Open Source Matters, Inc.\",\"authorEmail\":\"admin@joomla.org\",\"authorUrl\":\"www.joomla.org\",\"version\":\"3.0.0\",\"description\":\"PLG_QUICKICON_JOOMLAUPDATE_XML_DESCRIPTION\",\"group\":\"\",\"changelogurl\":\"\",\"namespace\":\"Joomla\\\\Plugin\\\\Quickicon\\\\Joomlaupdate\",\"filename\":\"joomlaupdate\"}','','',NULL,NULL,2,0,NULL),(162,0,'plg_quickicon_extensionupdate','plugin','extensionupdate','','quickicon',0,1,1,0,1,'{\"name\":\"plg_quickicon_extensionupdate\",\"type\":\"plugin\",\"creationDate\":\"2011-08\",\"author\":\"Joomla! Project\",\"copyright\":\"(C) 2011 Open Source Matters, Inc.\",\"authorEmail\":\"admin@joomla.org\",\"authorUrl\":\"www.joomla.org\",\"version\":\"3.0.0\",\"description\":\"PLG_QUICKICON_EXTENSIONUPDATE_XML_DESCRIPTION\",\"group\":\"\",\"changelogurl\":\"\",\"namespace\":\"Joomla\\\\Plugin\\\\Quickicon\\\\Extensionupdate\",\"filename\":\"extensionupdate\"}','','',NULL,NULL,3,0,NULL),(163,0,'plg_quickicon_overridecheck','plugin','overridecheck','','quickicon',0,1,1,0,1,'{\"name\":\"plg_quickicon_overridecheck\",\"type\":\"plugin\",\"creationDate\":\"2018-06\",\"author\":\"Joomla! Project\",\"copyright\":\"(C) 2018 Open Source Matters, Inc.\",\"authorEmail\":\"admin@joomla.org\",\"authorUrl\":\"www.joomla.org\",\"version\":\"4.0.0\",\"description\":\"PLG_QUICKICON_OVERRIDECHECK_XML_DESCRIPTION\",\"group\":\"\",\"changelogurl\":\"\",\"namespace\":\"Joomla\\\\Plugin\\\\Quickicon\\\\OverrideCheck\",\"filename\":\"overridecheck\"}','','',NULL,NULL,4,0,NULL),(164,0,'plg_quickicon_downloadkey','plugin','downloadkey','','quickicon',0,1,1,0,1,'{\"name\":\"plg_quickicon_downloadkey\",\"type\":\"plugin\",\"creationDate\":\"2019-10\",\"author\":\"Joomla! Project\",\"copyright\":\"(C) 2019 Open Source Matters, Inc.\",\"authorEmail\":\"admin@joomla.org\",\"authorUrl\":\"www.joomla.org\",\"version\":\"4.0.0\",\"description\":\"PLG_QUICKICON_DOWNLOADKEY_XML_DESCRIPTION\",\"group\":\"\",\"changelogurl\":\"\",\"namespace\":\"Joomla\\\\Plugin\\\\Quickicon\\\\Downloadkey\",\"filename\":\"downloadkey\"}','','',NULL,NULL,5,0,NULL),(165,0,'plg_quickicon_privacycheck','plugin','privacycheck','','quickicon',0,1,1,0,1,'{\"name\":\"plg_quickicon_privacycheck\",\"type\":\"plugin\",\"creationDate\":\"2018-06\",\"author\":\"Joomla! Project\",\"copyright\":\"(C) 2018 Open Source Matters, Inc.\",\"authorEmail\":\"admin@joomla.org\",\"authorUrl\":\"www.joomla.org\",\"version\":\"3.9.0\",\"description\":\"PLG_QUICKICON_PRIVACYCHECK_XML_DESCRIPTION\",\"group\":\"\",\"changelogurl\":\"\",\"namespace\":\"Joomla\\\\Plugin\\\\Quickicon\\\\PrivacyCheck\",\"filename\":\"privacycheck\"}','{}','',NULL,NULL,6,0,NULL),(166,0,'plg_quickicon_phpversioncheck','plugin','phpversioncheck','','quickicon',0,1,1,0,1,'{\"name\":\"plg_quickicon_phpversioncheck\",\"type\":\"plugin\",\"creationDate\":\"2016-08\",\"author\":\"Joomla! Project\",\"copyright\":\"(C) 2016 Open Source Matters, Inc.\",\"authorEmail\":\"admin@joomla.org\",\"authorUrl\":\"www.joomla.org\",\"version\":\"3.7.0\",\"description\":\"PLG_QUICKICON_PHPVERSIONCHECK_XML_DESCRIPTION\",\"group\":\"\",\"changelogurl\":\"\",\"namespace\":\"Joomla\\\\Plugin\\\\Quickicon\\\\PhpVersionCheck\",\"filename\":\"phpversioncheck\"}','','',NULL,NULL,7,0,NULL),(167,0,'plg_quickicon_eos','plugin','eos','','quickicon',0,1,1,0,1,'{\"name\":\"plg_quickicon_eos\",\"type\":\"plugin\",\"creationDate\":\"2023-05\",\"author\":\"Joomla! Project\",\"copyright\":\"(C) 2023 Open Source Matters, Inc.\",\"authorEmail\":\"admin@joomla.org\",\"authorUrl\":\"www.joomla.org\",\"version\":\"4.4.0\",\"description\":\"PLG_QUICKICON_EOS_XML_DESCRIPTION\",\"group\":\"\",\"changelogurl\":\"\",\"namespace\":\"Joomla\\\\Plugin\\\\Quickicon\\\\Eos\",\"filename\":\"eos\"}','','',NULL,NULL,8,0,NULL),(168,0,'plg_sampledata_blog','plugin','blog','','sampledata',0,1,1,0,1,'{\"name\":\"plg_sampledata_blog\",\"type\":\"plugin\",\"creationDate\":\"2017-07\",\"author\":\"Joomla! Project\",\"copyright\":\"(C) 2017 Open Source Matters, Inc.\",\"authorEmail\":\"admin@joomla.org\",\"authorUrl\":\"www.joomla.org\",\"version\":\"3.8.0\",\"description\":\"PLG_SAMPLEDATA_BLOG_XML_DESCRIPTION\",\"group\":\"\",\"changelogurl\":\"\",\"namespace\":\"Joomla\\\\Plugin\\\\SampleData\\\\Blog\",\"filename\":\"blog\"}','','',NULL,NULL,1,0,NULL),(169,0,'plg_sampledata_multilang','plugin','multilang','','sampledata',0,1,1,0,1,'{\"name\":\"plg_sampledata_multilang\",\"type\":\"plugin\",\"creationDate\":\"2018-07\",\"author\":\"Joomla! Project\",\"copyright\":\"(C) 2018 Open Source Matters, Inc.\",\"authorEmail\":\"admin@joomla.org\",\"authorUrl\":\"www.joomla.org\",\"version\":\"4.0.0\",\"description\":\"PLG_SAMPLEDATA_MULTILANG_XML_DESCRIPTION\",\"group\":\"\",\"changelogurl\":\"\",\"namespace\":\"Joomla\\\\Plugin\\\\SampleData\\\\MultiLanguage\",\"filename\":\"multilang\"}','','',NULL,NULL,2,0,NULL),(170,0,'plg_schemaorg_article','plugin','article','','schemaorg',0,1,1,0,1,'{\"name\":\"plg_schemaorg_article\",\"type\":\"plugin\",\"creationDate\":\"2024-01\",\"author\":\"Joomla! Project\",\"copyright\":\"(C) 2024 Open Source Matters, Inc.\",\"authorEmail\":\"admin@joomla.org\",\"authorUrl\":\"www.joomla.org\",\"version\":\"5.1.0\",\"description\":\"PLG_SCHEMAORG_ARTICLE_XML_DESCRIPTION\",\"group\":\"\",\"changelogurl\":\"\",\"namespace\":\"Joomla\\\\Plugin\\\\Schemaorg\\\\Article\",\"filename\":\"article\"}','{}','',NULL,NULL,1,0,NULL),(171,0,'plg_schemaorg_blogposting','plugin','blogposting','','schemaorg',0,1,1,0,1,'{\"name\":\"plg_schemaorg_blogposting\",\"type\":\"plugin\",\"creationDate\":\"2023-07\",\"author\":\"Joomla! Project\",\"copyright\":\"(C) 2023 Open Source Matters, Inc.\",\"authorEmail\":\"admin@joomla.org\",\"authorUrl\":\"www.joomla.org\",\"version\":\"5.0.0\",\"description\":\"PLG_SCHEMAORG_BLOGPOSTING_XML_DESCRIPTION\",\"group\":\"\",\"changelogurl\":\"\",\"namespace\":\"Joomla\\\\Plugin\\\\Schemaorg\\\\BlogPosting\",\"filename\":\"blogposting\"}','{}','',NULL,NULL,2,0,NULL),(172,0,'plg_schemaorg_book','plugin','book','','schemaorg',0,1,1,0,1,'{\"name\":\"plg_schemaorg_book\",\"type\":\"plugin\",\"creationDate\":\"2023-07\",\"author\":\"Joomla! Project\",\"copyright\":\"(C) 2023 Open Source Matters, Inc.\",\"authorEmail\":\"admin@joomla.org\",\"authorUrl\":\"www.joomla.org\",\"version\":\"5.0.0\",\"description\":\"PLG_SCHEMAORG_BOOK_XML_DESCRIPTION\",\"group\":\"\",\"changelogurl\":\"\",\"namespace\":\"Joomla\\\\Plugin\\\\Schemaorg\\\\Book\",\"filename\":\"book\"}','{}','',NULL,NULL,3,0,NULL),(173,0,'plg_schemaorg_event','plugin','event','','schemaorg',0,1,1,0,1,'{\"name\":\"plg_schemaorg_event\",\"type\":\"plugin\",\"creationDate\":\"2023-07\",\"author\":\"Joomla! Project\",\"copyright\":\"(C) 2023 Open Source Matters, Inc.\",\"authorEmail\":\"admin@joomla.org\",\"authorUrl\":\"www.joomla.org\",\"version\":\"5.0.0\",\"description\":\"PLG_SCHEMAORG_EVENT_XML_DESCRIPTION\",\"group\":\"\",\"changelogurl\":\"\",\"namespace\":\"Joomla\\\\Plugin\\\\Schemaorg\\\\Event\",\"filename\":\"event\"}','{}','',NULL,NULL,4,0,NULL),(174,0,'plg_schemaorg_jobposting','plugin','jobposting','','schemaorg',0,1,1,0,1,'{\"name\":\"plg_schemaorg_jobposting\",\"type\":\"plugin\",\"creationDate\":\"2023-07\",\"author\":\"Joomla! Project\",\"copyright\":\"(C) 2023 Open Source Matters, Inc.\",\"authorEmail\":\"admin@joomla.org\",\"authorUrl\":\"www.joomla.org\",\"version\":\"5.0.0\",\"description\":\"PLG_SCHEMAORG_JOBPOSTING_XML_DESCRIPTION\",\"group\":\"\",\"changelogurl\":\"\",\"namespace\":\"Joomla\\\\Plugin\\\\Schemaorg\\\\JobPosting\",\"filename\":\"jobposting\"}','{}','',NULL,NULL,5,0,NULL),(175,0,'plg_schemaorg_organization','plugin','organization','','schemaorg',0,1,1,0,1,'{\"name\":\"plg_schemaorg_organization\",\"type\":\"plugin\",\"creationDate\":\"2023-07\",\"author\":\"Joomla! Project\",\"copyright\":\"(C) 2023 Open Source Matters, Inc.\",\"authorEmail\":\"admin@joomla.org\",\"authorUrl\":\"www.joomla.org\",\"version\":\"5.0.0\",\"description\":\"PLG_SCHEMAORG_ORGANIZATION_XML_DESCRIPTION\",\"group\":\"\",\"changelogurl\":\"\",\"namespace\":\"Joomla\\\\Plugin\\\\Schemaorg\\\\Organization\",\"filename\":\"organization\"}','{}','',NULL,NULL,6,0,NULL),(176,0,'plg_schemaorg_person','plugin','person','','schemaorg',0,1,1,0,1,'{\"name\":\"plg_schemaorg_person\",\"type\":\"plugin\",\"creationDate\":\"2023-07\",\"author\":\"Joomla! Project\",\"copyright\":\"(C) 2023 Open Source Matters, Inc.\",\"authorEmail\":\"admin@joomla.org\",\"authorUrl\":\"www.joomla.org\",\"version\":\"5.0.0\",\"description\":\"PLG_SCHEMAORG_PERSON_XML_DESCRIPTION\",\"group\":\"\",\"changelogurl\":\"\",\"namespace\":\"Joomla\\\\Plugin\\\\Schemaorg\\\\Person\",\"filename\":\"person\"}','{}','',NULL,NULL,7,0,NULL),(177,0,'plg_schemaorg_recipe','plugin','recipe','','schemaorg',0,1,1,0,1,'{\"name\":\"plg_schemaorg_recipe\",\"type\":\"plugin\",\"creationDate\":\"2023-07\",\"author\":\"Joomla! Project\",\"copyright\":\"(C) 2023 Open Source Matters, Inc.\",\"authorEmail\":\"admin@joomla.org\",\"authorUrl\":\"www.joomla.org\",\"version\":\"5.0.0\",\"description\":\"PLG_SCHEMAORG_RECIPE_XML_DESCRIPTION\",\"group\":\"\",\"changelogurl\":\"\",\"namespace\":\"Joomla\\\\Plugin\\\\Schemaorg\\\\Recipe\",\"filename\":\"recipe\"}','{}','',NULL,NULL,8,0,NULL),(178,0,'plg_schemaorg_custom','plugin','custom','','schemaorg',0,1,1,0,1,'{\"name\":\"plg_schemaorg_custom\",\"type\":\"plugin\",\"creationDate\":\"2024-03\",\"author\":\"Joomla! Project\",\"copyright\":\"(C) 2024 Open Source Matters, Inc.\",\"authorEmail\":\"admin@joomla.org\",\"authorUrl\":\"www.joomla.org\",\"version\":\"5.1.0\",\"description\":\"PLG_SCHEMAORG_CUSTOM_XML_DESCRIPTION\",\"group\":\"\",\"changelogurl\":\"\",\"namespace\":\"Joomla\\\\Plugin\\\\Schemaorg\\\\Custom\",\"filename\":\"custom\"}','{}','',NULL,NULL,9,0,NULL),(179,0,'plg_system_accessibility','plugin','accessibility','','system',0,0,1,0,1,'{\"name\":\"plg_system_accessibility\",\"type\":\"plugin\",\"creationDate\":\"2020-02-15\",\"author\":\"Joomla! Project\",\"copyright\":\"(C) 2020 Open Source Matters, Inc.\",\"authorEmail\":\"admin@joomla.org\",\"authorUrl\":\"www.joomla.org\",\"version\":\"4.0.0\",\"description\":\"PLG_SYSTEM_ACCESSIBILITY_XML_DESCRIPTION\",\"group\":\"\",\"changelogurl\":\"\",\"namespace\":\"Joomla\\\\Plugin\\\\System\\\\Accessibility\",\"filename\":\"accessibility\"}','{}','',NULL,NULL,1,0,NULL),(180,0,'plg_system_actionlogs','plugin','actionlogs','','system',0,1,1,0,1,'{\"name\":\"plg_system_actionlogs\",\"type\":\"plugin\",\"creationDate\":\"2018-05\",\"author\":\"Joomla! Project\",\"copyright\":\"(C) 2018 Open Source Matters, Inc.\",\"authorEmail\":\"admin@joomla.org\",\"authorUrl\":\"www.joomla.org\",\"version\":\"3.9.0\",\"description\":\"PLG_SYSTEM_ACTIONLOGS_XML_DESCRIPTION\",\"group\":\"\",\"changelogurl\":\"\",\"namespace\":\"Joomla\\\\Plugin\\\\System\\\\ActionLogs\",\"filename\":\"actionlogs\"}','{}','',NULL,NULL,2,0,NULL),(181,0,'plg_system_cache','plugin','cache','','system',0,0,1,0,1,'{\"name\":\"plg_system_cache\",\"type\":\"plugin\",\"creationDate\":\"2007-02\",\"author\":\"Joomla! Project\",\"copyright\":\"(C) 2007 Open Source Matters, Inc.\",\"authorEmail\":\"admin@joomla.org\",\"authorUrl\":\"www.joomla.org\",\"version\":\"3.0.0\",\"description\":\"PLG_CACHE_XML_DESCRIPTION\",\"group\":\"\",\"changelogurl\":\"\",\"namespace\":\"Joomla\\\\Plugin\\\\System\\\\Cache\",\"filename\":\"cache\"}','{\"browsercache\":\"0\",\"cachetime\":\"15\"}','',NULL,NULL,3,0,NULL),(182,0,'plg_system_debug','plugin','debug','','system',0,1,1,0,1,'{\"name\":\"plg_system_debug\",\"type\":\"plugin\",\"creationDate\":\"2006-12\",\"author\":\"Joomla! Project\",\"copyright\":\"(C) 2006 Open Source Matters, Inc.\",\"authorEmail\":\"admin@joomla.org\",\"authorUrl\":\"www.joomla.org\",\"version\":\"3.0.0\",\"description\":\"PLG_DEBUG_XML_DESCRIPTION\",\"group\":\"\",\"changelogurl\":\"\",\"namespace\":\"Joomla\\\\Plugin\\\\System\\\\Debug\",\"filename\":\"debug\"}','{\"profile\":\"1\",\"queries\":\"1\",\"memory\":\"1\",\"language_files\":\"1\",\"language_strings\":\"1\",\"strip-first\":\"1\",\"strip-prefix\":\"\",\"strip-suffix\":\"\"}','',NULL,NULL,4,0,NULL),(183,0,'plg_system_fields','plugin','fields','','system',0,1,1,0,1,'{\"name\":\"plg_system_fields\",\"type\":\"plugin\",\"creationDate\":\"2016-03\",\"author\":\"Joomla! Project\",\"copyright\":\"(C) 2016 Open Source Matters, Inc.\",\"authorEmail\":\"admin@joomla.org\",\"authorUrl\":\"www.joomla.org\",\"version\":\"3.7.0\",\"description\":\"PLG_SYSTEM_FIELDS_XML_DESCRIPTION\",\"group\":\"\",\"changelogurl\":\"\",\"namespace\":\"Joomla\\\\Plugin\\\\System\\\\Fields\",\"filename\":\"fields\"}','','',NULL,NULL,5,0,NULL),(184,0,'plg_system_highlight','plugin','highlight','','system',0,1,1,0,1,'{\"name\":\"plg_system_highlight\",\"type\":\"plugin\",\"creationDate\":\"2011-08\",\"author\":\"Joomla! Project\",\"copyright\":\"(C) 2011 Open Source Matters, Inc.\",\"authorEmail\":\"admin@joomla.org\",\"authorUrl\":\"www.joomla.org\",\"version\":\"3.0.0\",\"description\":\"PLG_SYSTEM_HIGHLIGHT_XML_DESCRIPTION\",\"group\":\"\",\"changelogurl\":\"\",\"namespace\":\"Joomla\\\\Plugin\\\\System\\\\Highlight\",\"filename\":\"highlight\"}','','',NULL,NULL,6,0,NULL),(185,0,'plg_system_httpheaders','plugin','httpheaders','','system',0,1,1,0,1,'{\"name\":\"plg_system_httpheaders\",\"type\":\"plugin\",\"creationDate\":\"2017-10\",\"author\":\"Joomla! Project\",\"copyright\":\"(C) 2018 Open Source Matters, Inc.\",\"authorEmail\":\"admin@joomla.org\",\"authorUrl\":\"www.joomla.org\",\"version\":\"4.0.0\",\"description\":\"PLG_SYSTEM_HTTPHEADERS_XML_DESCRIPTION\",\"group\":\"\",\"changelogurl\":\"\",\"namespace\":\"Joomla\\\\Plugin\\\\System\\\\Httpheaders\",\"filename\":\"httpheaders\"}','{}','',NULL,NULL,7,0,NULL),(186,0,'plg_system_jooa11y','plugin','jooa11y','','system',0,1,1,0,1,'{\"name\":\"plg_system_jooa11y\",\"type\":\"plugin\",\"creationDate\":\"2022-02\",\"author\":\"Joomla! Project\",\"copyright\":\"(C) 2021 Open Source Matters, Inc.\",\"authorEmail\":\"admin@joomla.org\",\"authorUrl\":\"www.joomla.org\",\"version\":\"4.2.0\",\"description\":\"PLG_SYSTEM_JOOA11Y_XML_DESCRIPTION\",\"group\":\"\",\"changelogurl\":\"\",\"namespace\":\"Joomla\\\\Plugin\\\\System\\\\Jooa11y\",\"filename\":\"jooa11y\"}','','',NULL,NULL,8,0,NULL),(187,0,'plg_system_languagecode','plugin','languagecode','','system',0,0,1,0,1,'{\"name\":\"plg_system_languagecode\",\"type\":\"plugin\",\"creationDate\":\"2011-11\",\"author\":\"Joomla! Project\",\"copyright\":\"(C) 2011 Open Source Matters, Inc.\",\"authorEmail\":\"admin@joomla.org\",\"authorUrl\":\"www.joomla.org\",\"version\":\"3.0.0\",\"description\":\"PLG_SYSTEM_LANGUAGECODE_XML_DESCRIPTION\",\"group\":\"\",\"changelogurl\":\"\",\"namespace\":\"Joomla\\\\Plugin\\\\System\\\\LanguageCode\",\"filename\":\"languagecode\"}','','',NULL,NULL,9,0,NULL),(188,0,'plg_system_languagefilter','plugin','languagefilter','','system',0,0,1,0,1,'{\"name\":\"plg_system_languagefilter\",\"type\":\"plugin\",\"creationDate\":\"2010-07\",\"author\":\"Joomla! Project\",\"copyright\":\"(C) 2010 Open Source Matters, Inc.\",\"authorEmail\":\"admin@joomla.org\",\"authorUrl\":\"www.joomla.org\",\"version\":\"3.0.0\",\"description\":\"PLG_SYSTEM_LANGUAGEFILTER_XML_DESCRIPTION\",\"group\":\"\",\"changelogurl\":\"\",\"namespace\":\"Joomla\\\\Plugin\\\\System\\\\LanguageFilter\",\"filename\":\"languagefilter\"}','','',NULL,NULL,10,0,NULL),(189,0,'plg_system_log','plugin','log','','system',0,1,1,0,1,'{\"name\":\"plg_system_log\",\"type\":\"plugin\",\"creationDate\":\"2007-04\",\"author\":\"Joomla! Project\",\"copyright\":\"(C) 2007 Open Source Matters, Inc.\",\"authorEmail\":\"admin@joomla.org\",\"authorUrl\":\"www.joomla.org\",\"version\":\"3.0.0\",\"description\":\"PLG_LOG_XML_DESCRIPTION\",\"group\":\"\",\"changelogurl\":\"\",\"namespace\":\"Joomla\\\\Plugin\\\\System\\\\Log\",\"filename\":\"log\"}','','',NULL,NULL,11,0,NULL),(190,0,'plg_system_logout','plugin','logout','','system',0,1,1,0,1,'{\"name\":\"plg_system_logout\",\"type\":\"plugin\",\"creationDate\":\"2009-04\",\"author\":\"Joomla! Project\",\"copyright\":\"(C) 2009 Open Source Matters, Inc.\",\"authorEmail\":\"admin@joomla.org\",\"authorUrl\":\"www.joomla.org\",\"version\":\"3.0.0\",\"description\":\"PLG_SYSTEM_LOGOUT_XML_DESCRIPTION\",\"group\":\"\",\"changelogurl\":\"\",\"namespace\":\"Joomla\\\\Plugin\\\\System\\\\Logout\",\"filename\":\"logout\"}','','',NULL,NULL,12,0,NULL),(191,0,'plg_system_privacyconsent','plugin','privacyconsent','','system',0,0,1,0,1,'{\"name\":\"plg_system_privacyconsent\",\"type\":\"plugin\",\"creationDate\":\"2018-04\",\"author\":\"Joomla! Project\",\"copyright\":\"(C) 2018 Open Source Matters, Inc.\",\"authorEmail\":\"admin@joomla.org\",\"authorUrl\":\"www.joomla.org\",\"version\":\"3.9.0\",\"description\":\"PLG_SYSTEM_PRIVACYCONSENT_XML_DESCRIPTION\",\"group\":\"\",\"changelogurl\":\"\",\"namespace\":\"Joomla\\\\Plugin\\\\System\\\\PrivacyConsent\",\"filename\":\"privacyconsent\"}','{}','',NULL,NULL,14,0,NULL),(192,0,'plg_system_redirect','plugin','redirect','','system',0,0,1,0,1,'{\"name\":\"plg_system_redirect\",\"type\":\"plugin\",\"creationDate\":\"2009-04\",\"author\":\"Joomla! Project\",\"copyright\":\"(C) 2009 Open Source Matters, Inc.\",\"authorEmail\":\"admin@joomla.org\",\"authorUrl\":\"www.joomla.org\",\"version\":\"3.0.0\",\"description\":\"PLG_SYSTEM_REDIRECT_XML_DESCRIPTION\",\"group\":\"\",\"changelogurl\":\"\",\"namespace\":\"Joomla\\\\Plugin\\\\System\\\\Redirect\",\"filename\":\"redirect\"}','','',NULL,NULL,15,0,NULL),(193,0,'plg_system_remember','plugin','remember','','system',0,1,1,0,1,'{\"name\":\"plg_system_remember\",\"type\":\"plugin\",\"creationDate\":\"2007-04\",\"author\":\"Joomla! Project\",\"copyright\":\"(C) 2007 Open Source Matters, Inc.\",\"authorEmail\":\"admin@joomla.org\",\"authorUrl\":\"www.joomla.org\",\"version\":\"3.0.0\",\"description\":\"PLG_REMEMBER_XML_DESCRIPTION\",\"group\":\"\",\"changelogurl\":\"\",\"namespace\":\"Joomla\\\\Plugin\\\\System\\\\Remember\",\"filename\":\"remember\"}','','',NULL,NULL,16,0,NULL),(194,0,'plg_system_schedulerunner','plugin','schedulerunner','','system',0,1,1,0,1,'{\"name\":\"plg_system_schedulerunner\",\"type\":\"plugin\",\"creationDate\":\"2021-08\",\"author\":\"Joomla! Project\",\"copyright\":\"(C) 2021 Open Source Matters, Inc.\",\"authorEmail\":\"admin@joomla.org\",\"authorUrl\":\"www.joomla.org\",\"version\":\"4.1\",\"description\":\"PLG_SYSTEM_SCHEDULERUNNER_XML_DESCRIPTION\",\"group\":\"\",\"changelogurl\":\"\",\"namespace\":\"Joomla\\\\Plugin\\\\System\\\\ScheduleRunner\",\"filename\":\"schedulerunner\"}','{}','',NULL,NULL,17,0,NULL),(195,0,'plg_system_schemaorg','plugin','schemaorg','','system',0,1,1,0,1,'{\"name\":\"plg_system_schemaorg\",\"type\":\"plugin\",\"creationDate\":\"2023-07\",\"author\":\"Joomla! Project\",\"copyright\":\"(C) 2023 Open Source Matters, Inc.\",\"authorEmail\":\"admin@joomla.org\",\"authorUrl\":\"www.joomla.org\",\"version\":\"5.0.0\",\"description\":\"PLG_SYSTEM_SCHEMAORG_XML_DESCRIPTION\",\"group\":\"\",\"changelogurl\":\"\",\"namespace\":\"Joomla\\\\Plugin\\\\System\\\\Schemaorg\",\"filename\":\"schemaorg\"}','{}','',NULL,NULL,18,0,NULL),(196,0,'plg_system_sef','plugin','sef','','system',0,1,1,0,1,'{\"name\":\"plg_system_sef\",\"type\":\"plugin\",\"creationDate\":\"2007-12\",\"author\":\"Joomla! Project\",\"copyright\":\"(C) 2007 Open Source Matters, Inc.\",\"authorEmail\":\"admin@joomla.org\",\"authorUrl\":\"www.joomla.org\",\"version\":\"3.0.0\",\"description\":\"PLG_SEF_XML_DESCRIPTION\",\"group\":\"\",\"changelogurl\":\"\",\"namespace\":\"Joomla\\\\Plugin\\\\System\\\\Sef\",\"filename\":\"sef\"}','{\"domain\":\"\",\"indexphp\":\"1\",\"trailingslash\":\"0\",\"enforcesuffix\":\"1\",\"strictrouting\":\"1\"}','',NULL,NULL,19,0,NULL),(197,0,'plg_system_shortcut','plugin','shortcut','','system',0,1,1,0,1,'{\"name\":\"plg_system_shortcut\",\"type\":\"plugin\",\"creationDate\":\"2022-06\",\"author\":\"Joomla! Project\",\"copyright\":\"(C) 2022 Open Source Matters, Inc.\",\"authorEmail\":\"admin@joomla.org\",\"authorUrl\":\"www.joomla.org\",\"version\":\"4.2.0\",\"description\":\"PLG_SYSTEM_SHORTCUT_XML_DESCRIPTION\",\"group\":\"\",\"changelogurl\":\"\",\"namespace\":\"Joomla\\\\Plugin\\\\System\\\\Shortcut\",\"filename\":\"shortcut\"}','{}','',NULL,NULL,21,0,NULL),(198,0,'plg_system_skipto','plugin','skipto','','system',0,1,1,0,1,'{\"name\":\"plg_system_skipto\",\"type\":\"plugin\",\"creationDate\":\"2020-02\",\"author\":\"Joomla! Project\",\"copyright\":\"(C) 2019 Open Source Matters, Inc.\",\"authorEmail\":\"admin@joomla.org\",\"authorUrl\":\"www.joomla.org\",\"version\":\"4.0.0\",\"description\":\"PLG_SYSTEM_SKIPTO_XML_DESCRIPTION\",\"group\":\"\",\"changelogurl\":\"\",\"namespace\":\"Joomla\\\\Plugin\\\\System\\\\Skipto\",\"filename\":\"skipto\"}','{}','',NULL,NULL,22,0,NULL),(199,0,'plg_system_stats','plugin','stats','','system',0,0,1,0,1,'{\"name\":\"plg_system_stats\",\"type\":\"plugin\",\"creationDate\":\"2013-11\",\"author\":\"Joomla! Project\",\"copyright\":\"(C) 2013 Open Source Matters, Inc.\",\"authorEmail\":\"admin@joomla.org\",\"authorUrl\":\"www.joomla.org\",\"version\":\"3.5.0\",\"description\":\"PLG_SYSTEM_STATS_XML_DESCRIPTION\",\"group\":\"\",\"changelogurl\":\"\",\"namespace\":\"Joomla\\\\Plugin\\\\System\\\\Stats\",\"filename\":\"stats\"}','{\"mode\":3,\"lastrun\":1769414360,\"unique_id\":\"f697b138c93e7479bedc2f89817dfc6614d91093\",\"interval\":12}','',NULL,NULL,23,0,NULL),(200,0,'plg_system_task_notification','plugin','tasknotification','','system',0,1,1,0,1,'{\"name\":\"plg_system_task_notification\",\"type\":\"plugin\",\"creationDate\":\"2021-09\",\"author\":\"Joomla! Project\",\"copyright\":\"(C) 2021 Open Source Matters, Inc.\",\"authorEmail\":\"admin@joomla.org\",\"authorUrl\":\"www.joomla.org\",\"version\":\"4.1\",\"description\":\"PLG_SYSTEM_TASK_NOTIFICATION_XML_DESCRIPTION\",\"group\":\"\",\"changelogurl\":\"\",\"namespace\":\"Joomla\\\\Plugin\\\\System\\\\TaskNotification\",\"filename\":\"tasknotification\"}','','',NULL,NULL,24,0,NULL),(201,0,'plg_system_webauthn','plugin','webauthn','','system',0,1,1,0,1,'{\"name\":\"plg_system_webauthn\",\"type\":\"plugin\",\"creationDate\":\"2019-07-02\",\"author\":\"Joomla! Project\",\"copyright\":\"(C) 2020 Open Source Matters, Inc.\",\"authorEmail\":\"admin@joomla.org\",\"authorUrl\":\"www.joomla.org\",\"version\":\"4.0.0\",\"description\":\"PLG_SYSTEM_WEBAUTHN_DESCRIPTION\",\"group\":\"\",\"changelogurl\":\"\",\"namespace\":\"Joomla\\\\Plugin\\\\System\\\\Webauthn\",\"filename\":\"webauthn\"}','{}','',NULL,NULL,26,0,NULL),(202,0,'plg_task_check_files','plugin','checkfiles','','task',0,1,1,0,1,'{\"name\":\"plg_task_check_files\",\"type\":\"plugin\",\"creationDate\":\"2021-08\",\"author\":\"Joomla! Project\",\"copyright\":\"(C) 2021 Open Source Matters, Inc.\",\"authorEmail\":\"admin@joomla.org\",\"authorUrl\":\"www.joomla.org\",\"version\":\"4.1\",\"description\":\"PLG_TASK_CHECK_FILES_XML_DESCRIPTION\",\"group\":\"\",\"changelogurl\":\"\",\"namespace\":\"Joomla\\\\Plugin\\\\Task\\\\Checkfiles\",\"filename\":\"checkfiles\"}','{}','',NULL,NULL,1,0,NULL),(203,0,'plg_task_deleteactionlogs','plugin','deleteactionlogs','','task',0,1,1,0,1,'{\"name\":\"plg_task_deleteactionlogs\",\"type\":\"plugin\",\"creationDate\":\"2023-07\",\"author\":\"Joomla! Project\",\"copyright\":\"(C) 2023 Open Source Matters, Inc.\",\"authorEmail\":\"admin@joomla.org\",\"authorUrl\":\"www.joomla.org\",\"version\":\"5.0.0\",\"description\":\"PLG_TASK_DELETEACTIONLOGS_XML_DESCRIPTION\",\"group\":\"\",\"changelogurl\":\"\",\"namespace\":\"Joomla\\\\Plugin\\\\Task\\\\DeleteActionLogs\",\"filename\":\"deleteactionlogs\"}','{}','',NULL,NULL,2,0,NULL),(204,0,'plg_task_globalcheckin','plugin','globalcheckin','','task',0,1,1,0,1,'{\"name\":\"plg_task_globalcheckin\",\"type\":\"plugin\",\"creationDate\":\"2023-06-22\",\"author\":\"Joomla! Project\",\"copyright\":\"(C) 2023 Open Source Matters, Inc.\",\"authorEmail\":\"admin@joomla.org\",\"authorUrl\":\"www.joomla.org\",\"version\":\"5.0.0\",\"description\":\"PLG_TASK_GLOBALCHECKIN_XML_DESCRIPTION\",\"group\":\"\",\"changelogurl\":\"\",\"namespace\":\"Joomla\\\\Plugin\\\\Task\\\\Globalcheckin\",\"filename\":\"globalcheckin\"}','{}','',NULL,NULL,3,0,NULL),(205,0,'plg_task_requests','plugin','requests','','task',0,1,1,0,1,'{\"name\":\"plg_task_requests\",\"type\":\"plugin\",\"creationDate\":\"2021-08\",\"author\":\"Joomla! Project\",\"copyright\":\"(C) 2021 Open Source Matters, Inc.\",\"authorEmail\":\"admin@joomla.org\",\"authorUrl\":\"www.joomla.org\",\"version\":\"4.1\",\"description\":\"PLG_TASK_REQUESTS_XML_DESCRIPTION\",\"group\":\"\",\"changelogurl\":\"\",\"namespace\":\"Joomla\\\\Plugin\\\\Task\\\\Requests\",\"filename\":\"requests\"}','{}','',NULL,NULL,4,0,NULL),(206,0,'plg_task_privacyconsent','plugin','privacyconsent','','task',0,1,1,0,1,'{\"name\":\"plg_task_privacyconsent\",\"type\":\"plugin\",\"creationDate\":\"2023-07\",\"author\":\"Joomla! Project\",\"copyright\":\"(C) 2023 Open Source Matters, Inc.\",\"authorEmail\":\"admin@joomla.org\",\"authorUrl\":\"www.joomla.org\",\"version\":\"5.0.0\",\"description\":\"PLG_TASK_PRIVACYCONSENT_XML_DESCRIPTION\",\"group\":\"\",\"changelogurl\":\"\",\"namespace\":\"Joomla\\\\Plugin\\\\Task\\\\PrivacyConsent\",\"filename\":\"privacyconsent\"}','{}','',NULL,NULL,5,0,NULL),(207,0,'plg_task_rotatelogs','plugin','rotatelogs','','task',0,1,1,0,1,'{\"name\":\"plg_task_rotatelogs\",\"type\":\"plugin\",\"creationDate\":\"2023-07\",\"author\":\"Joomla! Project\",\"copyright\":\"(C) 2023 Open Source Matters, Inc.\",\"authorEmail\":\"admin@joomla.org\",\"authorUrl\":\"www.joomla.org\",\"version\":\"5.0.0\",\"description\":\"PLG_TASK_ROTATELOGS_XML_DESCRIPTION\",\"group\":\"\",\"changelogurl\":\"\",\"namespace\":\"Joomla\\\\Plugin\\\\Task\\\\RotateLogs\",\"filename\":\"rotatelogs\"}','{}','',NULL,NULL,6,0,NULL),(208,0,'plg_task_sessiongc','plugin','sessiongc','','task',0,1,1,0,1,'{\"name\":\"plg_task_sessiongc\",\"type\":\"plugin\",\"creationDate\":\"2023-08\",\"author\":\"Joomla! Project\",\"copyright\":\"(C) 2023 Open Source Matters, Inc.\",\"authorEmail\":\"admin@joomla.org\",\"authorUrl\":\"www.joomla.org\",\"version\":\"5.0.0\",\"description\":\"PLG_TASK_SESSIONGC_XML_DESCRIPTION\",\"group\":\"\",\"changelogurl\":\"\",\"namespace\":\"Joomla\\\\Plugin\\\\Task\\\\SessionGC\",\"filename\":\"sessiongc\"}','{}','',NULL,NULL,7,0,NULL),(209,0,'plg_task_site_status','plugin','sitestatus','','task',0,1,1,0,1,'{\"name\":\"plg_task_site_status\",\"type\":\"plugin\",\"creationDate\":\"2021-08\",\"author\":\"Joomla! Project\",\"copyright\":\"(C) 2021 Open Source Matters, Inc.\",\"authorEmail\":\"admin@joomla.org\",\"authorUrl\":\"www.joomla.org\",\"version\":\"4.1\",\"description\":\"PLG_TASK_SITE_STATUS_XML_DESCRIPTION\",\"group\":\"\",\"changelogurl\":\"\",\"namespace\":\"Joomla\\\\Plugin\\\\Task\\\\SiteStatus\",\"filename\":\"sitestatus\"}','{}','',NULL,NULL,8,0,NULL),(210,0,'plg_task_updatenotification','plugin','updatenotification','','task',0,1,1,0,1,'{\"name\":\"plg_task_updatenotification\",\"type\":\"plugin\",\"creationDate\":\"2023-07\",\"author\":\"Joomla! Project\",\"copyright\":\"(C) 2023 Open Source Matters, Inc.\",\"authorEmail\":\"admin@joomla.org\",\"authorUrl\":\"www.joomla.org\",\"version\":\"5.0.0\",\"description\":\"PLG_TASK_UPDATENOTIFICATION_XML_DESCRIPTION\",\"group\":\"\",\"changelogurl\":\"\",\"namespace\":\"Joomla\\\\Plugin\\\\Task\\\\UpdateNotification\",\"filename\":\"updatenotification\"}','{}','',NULL,NULL,9,0,NULL),(211,0,'plg_multifactorauth_totp','plugin','totp','','multifactorauth',0,1,1,0,1,'{\"name\":\"plg_multifactorauth_totp\",\"type\":\"plugin\",\"creationDate\":\"2013-08\",\"author\":\"Joomla! Project\",\"copyright\":\"(C) 2013 Open Source Matters, Inc.\",\"authorEmail\":\"admin@joomla.org\",\"authorUrl\":\"www.joomla.org\",\"version\":\"3.2.0\",\"description\":\"PLG_MULTIFACTORAUTH_TOTP_XML_DESCRIPTION\",\"group\":\"\",\"changelogurl\":\"\",\"namespace\":\"Joomla\\\\Plugin\\\\Multifactorauth\\\\Totp\",\"filename\":\"totp\"}','','',NULL,NULL,1,0,NULL),(212,0,'plg_multifactorauth_yubikey','plugin','yubikey','','multifactorauth',0,1,1,0,1,'{\"name\":\"plg_multifactorauth_yubikey\",\"type\":\"plugin\",\"creationDate\":\"2013-09\",\"author\":\"Joomla! Project\",\"copyright\":\"(C) 2013 Open Source Matters, Inc.\",\"authorEmail\":\"admin@joomla.org\",\"authorUrl\":\"www.joomla.org\",\"version\":\"3.2.0\",\"description\":\"PLG_MULTIFACTORAUTH_YUBIKEY_XML_DESCRIPTION\",\"group\":\"\",\"changelogurl\":\"\",\"namespace\":\"Joomla\\\\Plugin\\\\Multifactorauth\\\\Yubikey\",\"filename\":\"yubikey\"}','','',NULL,NULL,2,0,NULL),(213,0,'plg_multifactorauth_webauthn','plugin','webauthn','','multifactorauth',0,1,1,0,1,'{\"name\":\"plg_multifactorauth_webauthn\",\"type\":\"plugin\",\"creationDate\":\"2022-05\",\"author\":\"Joomla! Project\",\"copyright\":\"(C) 2022 Open Source Matters, Inc.\",\"authorEmail\":\"admin@joomla.org\",\"authorUrl\":\"www.joomla.org\",\"version\":\"4.2.0\",\"description\":\"PLG_MULTIFACTORAUTH_WEBAUTHN_XML_DESCRIPTION\",\"group\":\"\",\"changelogurl\":\"\",\"namespace\":\"Joomla\\\\Plugin\\\\Multifactorauth\\\\Webauthn\",\"filename\":\"webauthn\"}','','',NULL,NULL,3,0,NULL),(214,0,'plg_multifactorauth_email','plugin','email','','multifactorauth',0,1,1,0,1,'{\"name\":\"plg_multifactorauth_email\",\"type\":\"plugin\",\"creationDate\":\"2022-05\",\"author\":\"Joomla! Project\",\"copyright\":\"(C) 2022 Open Source Matters, Inc.\",\"authorEmail\":\"admin@joomla.org\",\"authorUrl\":\"www.joomla.org\",\"version\":\"4.2.0\",\"description\":\"PLG_MULTIFACTORAUTH_EMAIL_XML_DESCRIPTION\",\"group\":\"\",\"changelogurl\":\"\",\"namespace\":\"Joomla\\\\Plugin\\\\Multifactorauth\\\\Email\",\"filename\":\"email\"}','','',NULL,NULL,4,0,NULL),(215,0,'plg_multifactorauth_fixed','plugin','fixed','','multifactorauth',0,0,1,0,1,'{\"name\":\"plg_multifactorauth_fixed\",\"type\":\"plugin\",\"creationDate\":\"2022-05\",\"author\":\"Joomla! Project\",\"copyright\":\"(C) 2022 Open Source Matters, Inc.\",\"authorEmail\":\"admin@joomla.org\",\"authorUrl\":\"www.joomla.org\",\"version\":\"4.2.0\",\"description\":\"PLG_MULTIFACTORAUTH_FIXED_XML_DESCRIPTION\",\"group\":\"\",\"changelogurl\":\"\",\"namespace\":\"Joomla\\\\Plugin\\\\Multifactorauth\\\\Fixed\",\"filename\":\"fixed\"}','','',NULL,NULL,5,0,NULL),(216,0,'plg_user_contactcreator','plugin','contactcreator','','user',0,0,1,0,1,'{\"name\":\"plg_user_contactcreator\",\"type\":\"plugin\",\"creationDate\":\"2009-08\",\"author\":\"Joomla! Project\",\"copyright\":\"(C) 2009 Open Source Matters, Inc.\",\"authorEmail\":\"admin@joomla.org\",\"authorUrl\":\"www.joomla.org\",\"version\":\"3.0.0\",\"description\":\"PLG_CONTACTCREATOR_XML_DESCRIPTION\",\"group\":\"\",\"changelogurl\":\"\",\"namespace\":\"Joomla\\\\Plugin\\\\User\\\\ContactCreator\",\"filename\":\"contactcreator\"}','{\"autowebpage\":\"\",\"category\":\"4\",\"autopublish\":\"0\"}','',NULL,NULL,1,0,NULL),(217,0,'plg_user_joomla','plugin','joomla','','user',0,1,1,0,1,'{\"name\":\"plg_user_joomla\",\"type\":\"plugin\",\"creationDate\":\"2006-12\",\"author\":\"Joomla! Project\",\"copyright\":\"(C) 2006 Open Source Matters, Inc.\",\"authorEmail\":\"admin@joomla.org\",\"authorUrl\":\"www.joomla.org\",\"version\":\"3.0.0\",\"description\":\"PLG_USER_JOOMLA_XML_DESCRIPTION\",\"group\":\"\",\"changelogurl\":\"\",\"namespace\":\"Joomla\\\\Plugin\\\\User\\\\Joomla\",\"filename\":\"joomla\"}','{\"autoregister\":\"1\",\"mail_to_user\":\"1\",\"forceLogout\":\"1\"}','',NULL,NULL,2,0,NULL),(218,0,'plg_user_profile','plugin','profile','','user',0,0,1,0,1,'{\"name\":\"plg_user_profile\",\"type\":\"plugin\",\"creationDate\":\"2008-01\",\"author\":\"Joomla! Project\",\"copyright\":\"(C) 2008 Open Source Matters, Inc.\",\"authorEmail\":\"admin@joomla.org\",\"authorUrl\":\"www.joomla.org\",\"version\":\"3.0.0\",\"description\":\"PLG_USER_PROFILE_XML_DESCRIPTION\",\"group\":\"\",\"changelogurl\":\"\",\"namespace\":\"Joomla\\\\Plugin\\\\User\\\\Profile\",\"filename\":\"profile\"}','{\"register-require_address1\":\"1\",\"register-require_address2\":\"1\",\"register-require_city\":\"1\",\"register-require_region\":\"1\",\"register-require_country\":\"1\",\"register-require_postal_code\":\"1\",\"register-require_phone\":\"1\",\"register-require_website\":\"1\",\"register-require_favoritebook\":\"1\",\"register-require_aboutme\":\"1\",\"register-require_tos\":\"1\",\"register-require_dob\":\"1\",\"profile-require_address1\":\"1\",\"profile-require_address2\":\"1\",\"profile-require_city\":\"1\",\"profile-require_region\":\"1\",\"profile-require_country\":\"1\",\"profile-require_postal_code\":\"1\",\"profile-require_phone\":\"1\",\"profile-require_website\":\"1\",\"profile-require_favoritebook\":\"1\",\"profile-require_aboutme\":\"1\",\"profile-require_tos\":\"1\",\"profile-require_dob\":\"1\"}','',NULL,NULL,3,0,NULL),(219,0,'plg_user_terms','plugin','terms','','user',0,0,1,0,1,'{\"name\":\"plg_user_terms\",\"type\":\"plugin\",\"creationDate\":\"2018-06\",\"author\":\"Joomla! Project\",\"copyright\":\"(C) 2018 Open Source Matters, Inc.\",\"authorEmail\":\"admin@joomla.org\",\"authorUrl\":\"www.joomla.org\",\"version\":\"3.9.0\",\"description\":\"PLG_USER_TERMS_XML_DESCRIPTION\",\"group\":\"\",\"changelogurl\":\"\",\"namespace\":\"Joomla\\\\Plugin\\\\User\\\\Terms\",\"filename\":\"terms\"}','{}','',NULL,NULL,4,0,NULL),(220,0,'plg_user_token','plugin','token','','user',0,1,1,0,1,'{\"name\":\"plg_user_token\",\"type\":\"plugin\",\"creationDate\":\"2019-11\",\"author\":\"Joomla! Project\",\"copyright\":\"(C) 2020 Open Source Matters, Inc.\",\"authorEmail\":\"admin@joomla.org\",\"authorUrl\":\"www.joomla.org\",\"version\":\"3.9.0\",\"description\":\"PLG_USER_TOKEN_XML_DESCRIPTION\",\"group\":\"\",\"changelogurl\":\"\",\"namespace\":\"Joomla\\\\Plugin\\\\User\\\\Token\",\"filename\":\"token\"}','{}','',NULL,NULL,5,0,NULL),(221,0,'plg_webservices_banners','plugin','banners','','webservices',0,1,1,0,1,'{\"name\":\"plg_webservices_banners\",\"type\":\"plugin\",\"creationDate\":\"2019-09\",\"author\":\"Joomla! Project\",\"copyright\":\"(C) 2019 Open Source Matters, Inc.\",\"authorEmail\":\"admin@joomla.org\",\"authorUrl\":\"www.joomla.org\",\"version\":\"4.0.0\",\"description\":\"PLG_WEBSERVICES_BANNERS_XML_DESCRIPTION\",\"group\":\"\",\"changelogurl\":\"\",\"namespace\":\"Joomla\\\\Plugin\\\\WebServices\\\\Banners\",\"filename\":\"banners\"}','{}','',NULL,NULL,1,0,NULL),(222,0,'plg_webservices_config','plugin','config','','webservices',0,1,1,0,1,'{\"name\":\"plg_webservices_config\",\"type\":\"plugin\",\"creationDate\":\"2019-09\",\"author\":\"Joomla! Project\",\"copyright\":\"(C) 2019 Open Source Matters, Inc.\",\"authorEmail\":\"admin@joomla.org\",\"authorUrl\":\"www.joomla.org\",\"version\":\"4.0.0\",\"description\":\"PLG_WEBSERVICES_CONFIG_XML_DESCRIPTION\",\"group\":\"\",\"changelogurl\":\"\",\"namespace\":\"Joomla\\\\Plugin\\\\WebServices\\\\Config\",\"filename\":\"config\"}','{}','',NULL,NULL,2,0,NULL),(223,0,'plg_webservices_contact','plugin','contact','','webservices',0,1,1,0,1,'{\"name\":\"plg_webservices_contact\",\"type\":\"plugin\",\"creationDate\":\"2019-09\",\"author\":\"Joomla! Project\",\"copyright\":\"(C) 2019 Open Source Matters, Inc.\",\"authorEmail\":\"admin@joomla.org\",\"authorUrl\":\"www.joomla.org\",\"version\":\"4.0.0\",\"description\":\"PLG_WEBSERVICES_CONTACT_XML_DESCRIPTION\",\"group\":\"\",\"changelogurl\":\"\",\"namespace\":\"Joomla\\\\Plugin\\\\WebServices\\\\Contact\",\"filename\":\"contact\"}','{}','',NULL,NULL,3,0,NULL),(224,0,'plg_webservices_content','plugin','content','','webservices',0,1,1,0,1,'{\"name\":\"plg_webservices_content\",\"type\":\"plugin\",\"creationDate\":\"2019-09\",\"author\":\"Joomla! Project\",\"copyright\":\"(C) 2019 Open Source Matters, Inc.\",\"authorEmail\":\"admin@joomla.org\",\"authorUrl\":\"www.joomla.org\",\"version\":\"4.0.0\",\"description\":\"PLG_WEBSERVICES_CONTENT_XML_DESCRIPTION\",\"group\":\"\",\"changelogurl\":\"\",\"namespace\":\"Joomla\\\\Plugin\\\\WebServices\\\\Content\",\"filename\":\"content\"}','{}','',NULL,NULL,4,0,NULL),(225,0,'plg_webservices_installer','plugin','installer','','webservices',0,1,1,0,1,'{\"name\":\"plg_webservices_installer\",\"type\":\"plugin\",\"creationDate\":\"2020-06\",\"author\":\"Joomla! Project\",\"copyright\":\"(C) 2020 Open Source Matters, Inc.\",\"authorEmail\":\"admin@joomla.org\",\"authorUrl\":\"www.joomla.org\",\"version\":\"4.0.0\",\"description\":\"PLG_WEBSERVICES_INSTALLER_XML_DESCRIPTION\",\"group\":\"\",\"changelogurl\":\"\",\"namespace\":\"Joomla\\\\Plugin\\\\WebServices\\\\Installer\",\"filename\":\"installer\"}','{}','',NULL,NULL,5,0,NULL),(226,0,'plg_webservices_joomlaupdate','plugin','joomlaupdate','','webservices',0,1,1,0,1,'{\"name\":\"plg_webservices_joomlaupdate\",\"type\":\"plugin\",\"creationDate\":\"2025-03\",\"author\":\"Joomla! Project\",\"copyright\":\"(C) 2025 Open Source Matters, Inc.\",\"authorEmail\":\"admin@joomla.org\",\"authorUrl\":\"www.joomla.org\",\"version\":\"5.4.0\",\"description\":\"PLG_WEBSERVICES_JOOMLAUPDATE_XML_DESCRIPTION\",\"group\":\"\",\"changelogurl\":\"\",\"namespace\":\"Joomla\\\\Plugin\\\\WebServices\\\\Joomlaupdate\",\"filename\":\"joomlaupdate\"}','{}','',NULL,NULL,6,0,NULL),(227,0,'plg_webservices_languages','plugin','languages','','webservices',0,1,1,0,1,'{\"name\":\"plg_webservices_languages\",\"type\":\"plugin\",\"creationDate\":\"2019-09\",\"author\":\"Joomla! Project\",\"copyright\":\"(C) 2019 Open Source Matters, Inc.\",\"authorEmail\":\"admin@joomla.org\",\"authorUrl\":\"www.joomla.org\",\"version\":\"4.0.0\",\"description\":\"PLG_WEBSERVICES_LANGUAGES_XML_DESCRIPTION\",\"group\":\"\",\"changelogurl\":\"\",\"namespace\":\"Joomla\\\\Plugin\\\\WebServices\\\\Languages\",\"filename\":\"languages\"}','{}','',NULL,NULL,7,0,NULL),(228,0,'plg_webservices_media','plugin','media','','webservices',0,1,1,0,1,'{\"name\":\"plg_webservices_media\",\"type\":\"plugin\",\"creationDate\":\"2021-05\",\"author\":\"Joomla! Project\",\"copyright\":\"(C) 2021 Open Source Matters, Inc.\",\"authorEmail\":\"admin@joomla.org\",\"authorUrl\":\"www.joomla.org\",\"version\":\"4.1.0\",\"description\":\"PLG_WEBSERVICES_MEDIA_XML_DESCRIPTION\",\"group\":\"\",\"changelogurl\":\"\",\"namespace\":\"Joomla\\\\Plugin\\\\WebServices\\\\Media\",\"filename\":\"media\"}','{}','',NULL,NULL,8,0,NULL),(229,0,'plg_webservices_menus','plugin','menus','','webservices',0,1,1,0,1,'{\"name\":\"plg_webservices_menus\",\"type\":\"plugin\",\"creationDate\":\"2019-09\",\"author\":\"Joomla! Project\",\"copyright\":\"(C) 2019 Open Source Matters, Inc.\",\"authorEmail\":\"admin@joomla.org\",\"authorUrl\":\"www.joomla.org\",\"version\":\"4.0.0\",\"description\":\"PLG_WEBSERVICES_MENUS_XML_DESCRIPTION\",\"group\":\"\",\"changelogurl\":\"\",\"namespace\":\"Joomla\\\\Plugin\\\\WebServices\\\\Menus\",\"filename\":\"menus\"}','{}','',NULL,NULL,9,0,NULL),(230,0,'plg_webservices_messages','plugin','messages','','webservices',0,1,1,0,1,'{\"name\":\"plg_webservices_messages\",\"type\":\"plugin\",\"creationDate\":\"2019-09\",\"author\":\"Joomla! Project\",\"copyright\":\"(C) 2019 Open Source Matters, Inc.\",\"authorEmail\":\"admin@joomla.org\",\"authorUrl\":\"www.joomla.org\",\"version\":\"4.0.0\",\"description\":\"PLG_WEBSERVICES_MESSAGES_XML_DESCRIPTION\",\"group\":\"\",\"changelogurl\":\"\",\"namespace\":\"Joomla\\\\Plugin\\\\WebServices\\\\Messages\",\"filename\":\"messages\"}','{}','',NULL,NULL,10,0,NULL),(231,0,'plg_webservices_modules','plugin','modules','','webservices',0,1,1,0,1,'{\"name\":\"plg_webservices_modules\",\"type\":\"plugin\",\"creationDate\":\"2019-09\",\"author\":\"Joomla! Project\",\"copyright\":\"(C) 2019 Open Source Matters, Inc.\",\"authorEmail\":\"admin@joomla.org\",\"authorUrl\":\"www.joomla.org\",\"version\":\"4.0.0\",\"description\":\"PLG_WEBSERVICES_MODULES_XML_DESCRIPTION\",\"group\":\"\",\"changelogurl\":\"\",\"namespace\":\"Joomla\\\\Plugin\\\\WebServices\\\\Modules\",\"filename\":\"modules\"}','{}','',NULL,NULL,11,0,NULL),(232,0,'plg_webservices_newsfeeds','plugin','newsfeeds','','webservices',0,1,1,0,1,'{\"name\":\"plg_webservices_newsfeeds\",\"type\":\"plugin\",\"creationDate\":\"2019-09\",\"author\":\"Joomla! Project\",\"copyright\":\"(C) 2019 Open Source Matters, Inc.\",\"authorEmail\":\"admin@joomla.org\",\"authorUrl\":\"www.joomla.org\",\"version\":\"4.0.0\",\"description\":\"PLG_WEBSERVICES_NEWSFEEDS_XML_DESCRIPTION\",\"group\":\"\",\"changelogurl\":\"\",\"namespace\":\"Joomla\\\\Plugin\\\\WebServices\\\\Newsfeeds\",\"filename\":\"newsfeeds\"}','{}','',NULL,NULL,12,0,NULL),(233,0,'plg_webservices_plugins','plugin','plugins','','webservices',0,1,1,0,1,'{\"name\":\"plg_webservices_plugins\",\"type\":\"plugin\",\"creationDate\":\"2019-09\",\"author\":\"Joomla! Project\",\"copyright\":\"(C) 2019 Open Source Matters, Inc.\",\"authorEmail\":\"admin@joomla.org\",\"authorUrl\":\"www.joomla.org\",\"version\":\"4.0.0\",\"description\":\"PLG_WEBSERVICES_PLUGINS_XML_DESCRIPTION\",\"group\":\"\",\"changelogurl\":\"\",\"namespace\":\"Joomla\\\\Plugin\\\\WebServices\\\\Plugins\",\"filename\":\"plugins\"}','{}','',NULL,NULL,13,0,NULL),(234,0,'plg_webservices_privacy','plugin','privacy','','webservices',0,1,1,0,1,'{\"name\":\"plg_webservices_privacy\",\"type\":\"plugin\",\"creationDate\":\"2019-09\",\"author\":\"Joomla! Project\",\"copyright\":\"(C) 2019 Open Source Matters, Inc.\",\"authorEmail\":\"admin@joomla.org\",\"authorUrl\":\"www.joomla.org\",\"version\":\"4.0.0\",\"description\":\"PLG_WEBSERVICES_PRIVACY_XML_DESCRIPTION\",\"group\":\"\",\"changelogurl\":\"\",\"namespace\":\"Joomla\\\\Plugin\\\\WebServices\\\\Privacy\",\"filename\":\"privacy\"}','{}','',NULL,NULL,14,0,NULL),(235,0,'plg_webservices_redirect','plugin','redirect','','webservices',0,1,1,0,1,'{\"name\":\"plg_webservices_redirect\",\"type\":\"plugin\",\"creationDate\":\"2019-09\",\"author\":\"Joomla! Project\",\"copyright\":\"(C) 2019 Open Source Matters, Inc.\",\"authorEmail\":\"admin@joomla.org\",\"authorUrl\":\"www.joomla.org\",\"version\":\"4.0.0\",\"description\":\"PLG_WEBSERVICES_REDIRECT_XML_DESCRIPTION\",\"group\":\"\",\"changelogurl\":\"\",\"namespace\":\"Joomla\\\\Plugin\\\\WebServices\\\\Redirect\",\"filename\":\"redirect\"}','{}','',NULL,NULL,15,0,NULL),(236,0,'plg_webservices_tags','plugin','tags','','webservices',0,1,1,0,1,'{\"name\":\"plg_webservices_tags\",\"type\":\"plugin\",\"creationDate\":\"2019-09\",\"author\":\"Joomla! Project\",\"copyright\":\"(C) 2019 Open Source Matters, Inc.\",\"authorEmail\":\"admin@joomla.org\",\"authorUrl\":\"www.joomla.org\",\"version\":\"4.0.0\",\"description\":\"PLG_WEBSERVICES_TAGS_XML_DESCRIPTION\",\"group\":\"\",\"changelogurl\":\"\",\"namespace\":\"Joomla\\\\Plugin\\\\WebServices\\\\Tags\",\"filename\":\"tags\"}','{}','',NULL,NULL,16,0,NULL),(237,0,'plg_webservices_templates','plugin','templates','','webservices',0,1,1,0,1,'{\"name\":\"plg_webservices_templates\",\"type\":\"plugin\",\"creationDate\":\"2019-09\",\"author\":\"Joomla! Project\",\"copyright\":\"(C) 2019 Open Source Matters, Inc.\",\"authorEmail\":\"admin@joomla.org\",\"authorUrl\":\"www.joomla.org\",\"version\":\"4.0.0\",\"description\":\"PLG_WEBSERVICES_TEMPLATES_XML_DESCRIPTION\",\"group\":\"\",\"changelogurl\":\"\",\"namespace\":\"Joomla\\\\Plugin\\\\WebServices\\\\Templates\",\"filename\":\"templates\"}','{}','',NULL,NULL,17,0,NULL),(238,0,'plg_webservices_users','plugin','users','','webservices',0,1,1,0,1,'{\"name\":\"plg_webservices_users\",\"type\":\"plugin\",\"creationDate\":\"2019-09\",\"author\":\"Joomla! Project\",\"copyright\":\"(C) 2019 Open Source Matters, Inc.\",\"authorEmail\":\"admin@joomla.org\",\"authorUrl\":\"www.joomla.org\",\"version\":\"4.0.0\",\"description\":\"PLG_WEBSERVICES_USERS_XML_DESCRIPTION\",\"group\":\"\",\"changelogurl\":\"\",\"namespace\":\"Joomla\\\\Plugin\\\\WebServices\\\\Users\",\"filename\":\"users\"}','{}','',NULL,NULL,18,0,NULL),(239,0,'plg_workflow_featuring','plugin','featuring','','workflow',0,1,1,0,1,'{\"name\":\"plg_workflow_featuring\",\"type\":\"plugin\",\"creationDate\":\"2020-03\",\"author\":\"Joomla! Project\",\"copyright\":\"(C) 2020 Open Source Matters, Inc.\",\"authorEmail\":\"admin@joomla.org\",\"authorUrl\":\"www.joomla.org\",\"version\":\"4.0.0\",\"description\":\"PLG_WORKFLOW_FEATURING_XML_DESCRIPTION\",\"group\":\"\",\"changelogurl\":\"\",\"namespace\":\"Joomla\\\\Plugin\\\\Workflow\\\\Featuring\",\"filename\":\"featuring\"}','{}','',NULL,NULL,1,0,NULL),(240,0,'plg_workflow_notification','plugin','notification','','workflow',0,1,1,0,1,'{\"name\":\"plg_workflow_notification\",\"type\":\"plugin\",\"creationDate\":\"2020-05\",\"author\":\"Joomla! Project\",\"copyright\":\"(C) 2020 Open Source Matters, Inc.\",\"authorEmail\":\"admin@joomla.org\",\"authorUrl\":\"www.joomla.org\",\"version\":\"4.0.0\",\"description\":\"PLG_WORKFLOW_NOTIFICATION_XML_DESCRIPTION\",\"group\":\"\",\"changelogurl\":\"\",\"namespace\":\"Joomla\\\\Plugin\\\\Workflow\\\\Notification\",\"filename\":\"notification\"}','{}','',NULL,NULL,2,0,NULL),(241,0,'plg_workflow_publishing','plugin','publishing','','workflow',0,1,1,0,1,'{\"name\":\"plg_workflow_publishing\",\"type\":\"plugin\",\"creationDate\":\"2020-03\",\"author\":\"Joomla! Project\",\"copyright\":\"(C) 2020 Open Source Matters, Inc.\",\"authorEmail\":\"admin@joomla.org\",\"authorUrl\":\"www.joomla.org\",\"version\":\"4.0.0\",\"description\":\"PLG_WORKFLOW_PUBLISHING_XML_DESCRIPTION\",\"group\":\"\",\"changelogurl\":\"\",\"namespace\":\"Joomla\\\\Plugin\\\\Workflow\\\\Publishing\",\"filename\":\"publishing\"}','{}','',NULL,NULL,3,0,NULL),(242,0,'plg_system_guidedtours','plugin','guidedtours','','system',0,1,1,0,1,'{\"name\":\"plg_system_guidedtours\",\"type\":\"plugin\",\"creationDate\":\"2023-02\",\"author\":\"Joomla! Project\",\"copyright\":\"(C) 2023 Open Source Matters, Inc.\",\"authorEmail\":\"admin@joomla.org\",\"authorUrl\":\"www.joomla.org\",\"version\":\"4.3.0\",\"description\":\"PLG_SYSTEM_GUIDEDTOURS_DESCRIPTION\",\"group\":\"\",\"changelogurl\":\"\",\"namespace\":\"Joomla\\\\Plugin\\\\System\\\\GuidedTours\",\"filename\":\"guidedtours\"}','{}','',NULL,NULL,15,0,NULL),(243,0,'atum','template','atum','','',1,1,1,0,1,'{\"name\":\"atum\",\"type\":\"template\",\"creationDate\":\"2016-09\",\"author\":\"Joomla! Project\",\"copyright\":\"(C) 2016 Open Source Matters, Inc.\",\"authorEmail\":\"admin@joomla.org\",\"authorUrl\":\"\",\"version\":\"1.0\",\"description\":\"TPL_ATUM_XML_DESCRIPTION\",\"group\":\"\",\"changelogurl\":\"\",\"inheritable\":true,\"filename\":\"templateDetails\"}','','',NULL,NULL,0,0,NULL),(244,0,'cassiopeia','template','cassiopeia','','',0,1,1,0,1,'{\"name\":\"cassiopeia\",\"type\":\"template\",\"creationDate\":\"2017-02\",\"author\":\"Joomla! Project\",\"copyright\":\"(C) 2017 Open Source Matters, Inc.\",\"authorEmail\":\"admin@joomla.org\",\"authorUrl\":\"\",\"version\":\"1.0\",\"description\":\"TPL_CASSIOPEIA_XML_DESCRIPTION\",\"group\":\"\",\"changelogurl\":\"\",\"inheritable\":true,\"filename\":\"templateDetails\"}','{\"brand\":\"1\",\"logoFile\":\"\",\"siteTitle\":\"\",\"siteDescription\":\"\",\"useFontScheme\":\"0\",\"colorName\":\"colors_standard\",\"fluidContainer\":\"0\",\"stickyHeader\":0,\"backTop\":0}','',NULL,NULL,0,0,NULL),(245,0,'cassiopeia_extended','template','cassiopeia_extended','','',0,1,1,0,1,'{\"name\":\"cassiopeia_extended\",\"type\":\"template\",\"creationDate\":\"2025-07\",\"author\":\"Joomla! Project\",\"copyright\":\"(C) 2025 Open Source Matters, Inc.\",\"authorEmail\":\"admin@joomla.org\",\"authorUrl\":\"\",\"version\":\"1.0\",\"description\":\"TPL_CASSIOPEIA_EXTENDED_XML_DESCRIPTION\",\"group\":\"\",\"changelogurl\":\"\",\"inheritable\":false,\"parent\":\"cassiopeia\",\"filename\":\"templateDetails\"}','{\"brand\":\"1\",\"logoFile\":\"\",\"siteTitle\":\"\",\"siteDescription\":\"\",\"useFontScheme\":\"0\",\"systemFontBody\":\"\",\"systemFontHeading\":\"\",\"colorName\":\"colors_standard\",\"fluidContainer\":\"0\",\"stickyHeader\":\"0\",\"backTop\":\"0\",\"colorSettings\":\"0\",\"headerbg\":\"rgb(193, 205, 207)\",\"headercolor\":\"rgb(23, 23, 23)\",\"bodybg\":\"rgb(254, 254, 254)\",\"bodycolor\":\"rgb(23, 23, 23)\",\"linkcolor\":\"rgb(29, 121, 137)\",\"linkcolorh\":\"rgb(14, 59, 67)\",\"btnbg\":\"rgb(206, 60, 55)\",\"btnbgh\":\"rgb(131, 35, 32)\",\"btncolor\":\"rgb(254, 254, 254)\",\"btncolorh\":\"rgb(254, 254, 254)\",\"footerbg\":\"rgb(29, 121, 137)\",\"footercolor\":\"rgb(254, 254, 254)\",\"fontSettings\":\"0\",\"bodysize\":\"1\",\"h1size\":\"2\",\"h2size\":\"1.7\",\"h3size\":\"1.5\"}','',NULL,NULL,0,0,NULL),(246,0,'files_joomla','file','joomla','','',0,1,1,1,1,'{\"name\":\"files_joomla\",\"type\":\"file\",\"creationDate\":\"2026-01\",\"author\":\"Joomla! Project\",\"copyright\":\"(C) 2019 Open Source Matters, Inc.\",\"authorEmail\":\"admin@joomla.org\",\"authorUrl\":\"www.joomla.org\",\"version\":\"6.0.2\",\"description\":\"FILES_JOOMLA_XML_DESCRIPTION\",\"group\":\"\",\"changelogurl\":\"\"}','','',NULL,NULL,0,0,NULL),(247,0,'English (en-GB) Language Pack','package','pkg_en-GB','','',0,1,1,1,1,'{\"name\":\"English (en-GB) Language Pack\",\"type\":\"package\",\"creationDate\":\"2026-01\",\"author\":\"Joomla! Project\",\"copyright\":\"(C) 2019 Open Source Matters, Inc.\",\"authorEmail\":\"admin@joomla.org\",\"authorUrl\":\"www.joomla.org\",\"version\":\"6.0.2.1\",\"description\":\"en-GB language pack\",\"group\":\"\",\"changelogurl\":\"\",\"filename\":\"pkg_en-GB\"}','','',NULL,NULL,0,0,NULL),(248,247,'English (en-GB)','language','en-GB','','',0,1,1,1,1,'{\"name\":\"English (en-GB)\",\"type\":\"language\",\"creationDate\":\"2026-01\",\"author\":\"Joomla! Project\",\"copyright\":\"(C) 2006 Open Source Matters, Inc.\",\"authorEmail\":\"admin@joomla.org\",\"authorUrl\":\"www.joomla.org\",\"version\":\"6.0.2\",\"description\":\"en-GB site language\",\"group\":\"\",\"changelogurl\":\"\"}','','',NULL,NULL,0,0,NULL),(249,247,'English (en-GB)','language','en-GB','','',1,1,1,1,1,'{\"name\":\"English (en-GB)\",\"type\":\"language\",\"creationDate\":\"2026-01\",\"author\":\"Joomla! Project\",\"copyright\":\"(C) 2005 Open Source Matters, Inc.\",\"authorEmail\":\"admin@joomla.org\",\"authorUrl\":\"www.joomla.org\",\"version\":\"6.0.2\",\"description\":\"en-GB administrator language\",\"group\":\"\",\"changelogurl\":\"\"}','','',NULL,NULL,0,0,NULL),(250,247,'English (en-GB)','language','en-GB','','',3,1,1,1,1,'{\"name\":\"English (en-GB)\",\"type\":\"language\",\"creationDate\":\"2026-01\",\"author\":\"Joomla! Project\",\"copyright\":\"(C) 2020 Open Source Matters, Inc.\",\"authorEmail\":\"admin@joomla.org\",\"authorUrl\":\"www.joomla.org\",\"version\":\"6.0.2\",\"description\":\"en-GB api language\",\"group\":\"\",\"changelogurl\":\"\"}','','',NULL,NULL,0,0,NULL);
/*!40000 ALTER TABLE `lcoa2_extensions` ENABLE KEYS */;
UNLOCK TABLES;

--
-- Table structure for table `lcoa2_fields`
--

DROP TABLE IF EXISTS `lcoa2_fields`;
/*!40101 SET @saved_cs_client     = @@character_set_client */;
/*!50503 SET character_set_client = utf8mb4 */;
CREATE TABLE `lcoa2_fields` (
  `id` int unsigned NOT NULL AUTO_INCREMENT,
  `asset_id` int unsigned NOT NULL DEFAULT '0',
  `context` varchar(255) CHARACTER SET utf8mb4 COLLATE utf8mb4_unicode_ci NOT NULL DEFAULT '',
  `group_id` int unsigned NOT NULL DEFAULT '0',
  `title` varchar(255) CHARACTER SET utf8mb4 COLLATE utf8mb4_unicode_ci NOT NULL DEFAULT '',
  `name` varchar(255) CHARACTER SET utf8mb4 COLLATE utf8mb4_unicode_ci NOT NULL DEFAULT '',
  `label` varchar(255) CHARACTER SET utf8mb4 COLLATE utf8mb4_unicode_ci NOT NULL DEFAULT '',
  `default_value` text CHARACTER SET utf8mb4 COLLATE utf8mb4_unicode_ci,
  `type` varchar(255) CHARACTER SET utf8mb4 COLLATE utf8mb4_unicode_ci NOT NULL DEFAULT 'text',
  `note` varchar(255) CHARACTER SET utf8mb4 COLLATE utf8mb4_unicode_ci NOT NULL DEFAULT '',
  `description` text CHARACTER SET utf8mb4 COLLATE utf8mb4_unicode_ci NOT NULL,
  `state` tinyint NOT NULL DEFAULT '0',
  `required` tinyint NOT NULL DEFAULT '0',
  `only_use_in_subform` tinyint NOT NULL DEFAULT '0',
  `checked_out` int unsigned DEFAULT NULL,
  `checked_out_time` datetime DEFAULT NULL,
  `ordering` int NOT NULL DEFAULT '0',
  `params` text CHARACTER SET utf8mb4 COLLATE utf8mb4_unicode_ci NOT NULL,
  `fieldparams` mediumtext CHARACTER SET utf8mb4 COLLATE utf8mb4_unicode_ci NOT NULL,
  `language` char(7) CHARACTER SET utf8mb4 COLLATE utf8mb4_unicode_ci NOT NULL DEFAULT '',
  `created_time` datetime NOT NULL,
  `created_user_id` int unsigned NOT NULL DEFAULT '0',
  `modified_time` datetime NOT NULL,
  `modified_by` int unsigned NOT NULL DEFAULT '0',
  `access` int NOT NULL DEFAULT '1',
  PRIMARY KEY (`id`),
  KEY `idx_checkout` (`checked_out`),
  KEY `idx_state` (`state`),
  KEY `idx_created_user_id` (`created_user_id`),
  KEY `idx_access` (`access`),
  KEY `idx_context` (`context`(191)),
  KEY `idx_language` (`language`)
) ENGINE=InnoDB DEFAULT CHARSET=utf8mb4 COLLATE=utf8mb4_unicode_ci;
/*!40101 SET character_set_client = @saved_cs_client */;

--
-- Dumping data for table `lcoa2_fields`
--

LOCK TABLES `lcoa2_fields` WRITE;
/*!40000 ALTER TABLE `lcoa2_fields` DISABLE KEYS */;
/*!40000 ALTER TABLE `lcoa2_fields` ENABLE KEYS */;
UNLOCK TABLES;

--
-- Table structure for table `lcoa2_fields_categories`
--

DROP TABLE IF EXISTS `lcoa2_fields_categories`;
/*!40101 SET @saved_cs_client     = @@character_set_client */;
/*!50503 SET character_set_client = utf8mb4 */;
CREATE TABLE `lcoa2_fields_categories` (
  `field_id` int NOT NULL DEFAULT '0',
  `category_id` int NOT NULL DEFAULT '0',
  PRIMARY KEY (`field_id`,`category_id`)
) ENGINE=InnoDB DEFAULT CHARSET=utf8mb4 COLLATE=utf8mb4_unicode_ci;
/*!40101 SET character_set_client = @saved_cs_client */;

--
-- Dumping data for table `lcoa2_fields_categories`
--

LOCK TABLES `lcoa2_fields_categories` WRITE;
/*!40000 ALTER TABLE `lcoa2_fields_categories` DISABLE KEYS */;
/*!40000 ALTER TABLE `lcoa2_fields_categories` ENABLE KEYS */;
UNLOCK TABLES;

--
-- Table structure for table `lcoa2_fields_groups`
--

DROP TABLE IF EXISTS `lcoa2_fields_groups`;
/*!40101 SET @saved_cs_client     = @@character_set_client */;
/*!50503 SET character_set_client = utf8mb4 */;
CREATE TABLE `lcoa2_fields_groups` (
  `id` int unsigned NOT NULL AUTO_INCREMENT,
  `asset_id` int unsigned NOT NULL DEFAULT '0',
  `context` varchar(255) CHARACTER SET utf8mb4 COLLATE utf8mb4_unicode_ci NOT NULL DEFAULT '',
  `title` varchar(255) CHARACTER SET utf8mb4 COLLATE utf8mb4_unicode_ci NOT NULL DEFAULT '',
  `note` varchar(255) CHARACTER SET utf8mb4 COLLATE utf8mb4_unicode_ci NOT NULL DEFAULT '',
  `description` text CHARACTER SET utf8mb4 COLLATE utf8mb4_unicode_ci NOT NULL,
  `state` tinyint NOT NULL DEFAULT '0',
  `checked_out` int unsigned DEFAULT NULL,
  `checked_out_time` datetime DEFAULT NULL,
  `ordering` int NOT NULL DEFAULT '0',
  `params` text CHARACTER SET utf8mb4 COLLATE utf8mb4_unicode_ci NOT NULL,
  `language` char(7) CHARACTER SET utf8mb4 COLLATE utf8mb4_unicode_ci NOT NULL DEFAULT '',
  `created` datetime NOT NULL,
  `created_by` int unsigned NOT NULL DEFAULT '0',
  `modified` datetime NOT NULL,
  `modified_by` int unsigned NOT NULL DEFAULT '0',
  `access` int NOT NULL DEFAULT '1',
  PRIMARY KEY (`id`),
  KEY `idx_checkout` (`checked_out`),
  KEY `idx_state` (`state`),
  KEY `idx_created_by` (`created_by`),
  KEY `idx_access` (`access`),
  KEY `idx_context` (`context`(191)),
  KEY `idx_language` (`language`)
) ENGINE=InnoDB DEFAULT CHARSET=utf8mb4 COLLATE=utf8mb4_unicode_ci;
/*!40101 SET character_set_client = @saved_cs_client */;

--
-- Dumping data for table `lcoa2_fields_groups`
--

LOCK TABLES `lcoa2_fields_groups` WRITE;
/*!40000 ALTER TABLE `lcoa2_fields_groups` DISABLE KEYS */;
/*!40000 ALTER TABLE `lcoa2_fields_groups` ENABLE KEYS */;
UNLOCK TABLES;

--
-- Table structure for table `lcoa2_fields_values`
--

DROP TABLE IF EXISTS `lcoa2_fields_values`;
/*!40101 SET @saved_cs_client     = @@character_set_client */;
/*!50503 SET character_set_client = utf8mb4 */;
CREATE TABLE `lcoa2_fields_values` (
  `field_id` int unsigned NOT NULL,
  `item_id` varchar(255) CHARACTER SET utf8mb4 COLLATE utf8mb4_unicode_ci NOT NULL COMMENT 'Allow references to items which have strings as ids, eg. none db systems.',
  `value` mediumtext CHARACTER SET utf8mb4 COLLATE utf8mb4_unicode_ci,
  KEY `idx_field_id` (`field_id`),
  KEY `idx_item_id` (`item_id`(191))
) ENGINE=InnoDB DEFAULT CHARSET=utf8mb4 COLLATE=utf8mb4_unicode_ci;
/*!40101 SET character_set_client = @saved_cs_client */;

--
-- Dumping data for table `lcoa2_fields_values`
--

LOCK TABLES `lcoa2_fields_values` WRITE;
/*!40000 ALTER TABLE `lcoa2_fields_values` DISABLE KEYS */;
/*!40000 ALTER TABLE `lcoa2_fields_values` ENABLE KEYS */;
UNLOCK TABLES;

--
-- Table structure for table `lcoa2_finder_filters`
--

DROP TABLE IF EXISTS `lcoa2_finder_filters`;
/*!40101 SET @saved_cs_client     = @@character_set_client */;
/*!50503 SET character_set_client = utf8mb4 */;
CREATE TABLE `lcoa2_finder_filters` (
  `filter_id` int unsigned NOT NULL AUTO_INCREMENT,
  `title` varchar(255) CHARACTER SET utf8mb4 COLLATE utf8mb4_unicode_ci NOT NULL,
  `alias` varchar(255) CHARACTER SET utf8mb4 COLLATE utf8mb4_unicode_ci NOT NULL,
  `state` tinyint NOT NULL DEFAULT '1',
  `created` datetime NOT NULL,
  `created_by` int unsigned NOT NULL DEFAULT '0',
  `created_by_alias` varchar(255) CHARACTER SET utf8mb4 COLLATE utf8mb4_unicode_ci NOT NULL DEFAULT '',
  `modified` datetime NOT NULL,
  `modified_by` int unsigned NOT NULL DEFAULT '0',
  `checked_out` int unsigned DEFAULT NULL,
  `checked_out_time` datetime DEFAULT NULL,
  `map_count` int unsigned NOT NULL DEFAULT '0',
  `data` text CHARACTER SET utf8mb4 COLLATE utf8mb4_unicode_ci,
  `params` mediumtext CHARACTER SET utf8mb4 COLLATE utf8mb4_unicode_ci,
  PRIMARY KEY (`filter_id`)
) ENGINE=InnoDB DEFAULT CHARSET=utf8mb4 COLLATE=utf8mb4_unicode_ci;
/*!40101 SET character_set_client = @saved_cs_client */;

--
-- Dumping data for table `lcoa2_finder_filters`
--

LOCK TABLES `lcoa2_finder_filters` WRITE;
/*!40000 ALTER TABLE `lcoa2_finder_filters` DISABLE KEYS */;
/*!40000 ALTER TABLE `lcoa2_finder_filters` ENABLE KEYS */;
UNLOCK TABLES;

--
-- Table structure for table `lcoa2_finder_links`
--

DROP TABLE IF EXISTS `lcoa2_finder_links`;
/*!40101 SET @saved_cs_client     = @@character_set_client */;
/*!50503 SET character_set_client = utf8mb4 */;
CREATE TABLE `lcoa2_finder_links` (
  `link_id` int unsigned NOT NULL AUTO_INCREMENT,
  `url` varchar(255) CHARACTER SET utf8mb4 COLLATE utf8mb4_unicode_ci NOT NULL,
  `route` varchar(400) CHARACTER SET utf8mb4 COLLATE utf8mb4_unicode_ci NOT NULL,
  `title` varchar(400) CHARACTER SET utf8mb4 COLLATE utf8mb4_unicode_ci DEFAULT NULL,
  `description` text CHARACTER SET utf8mb4 COLLATE utf8mb4_unicode_ci,
  `indexdate` datetime NOT NULL,
  `md5sum` varchar(32) CHARACTER SET utf8mb4 COLLATE utf8mb4_unicode_ci DEFAULT NULL,
  `published` tinyint NOT NULL DEFAULT '1',
  `state` int NOT NULL DEFAULT '1',
  `access` int NOT NULL DEFAULT '0',
  `language` char(7) CHARACTER SET utf8mb4 COLLATE utf8mb4_unicode_ci NOT NULL DEFAULT '',
  `publish_start_date` datetime DEFAULT NULL,
  `publish_end_date` datetime DEFAULT NULL,
  `start_date` datetime DEFAULT NULL,
  `end_date` datetime DEFAULT NULL,
  `list_price` double unsigned NOT NULL DEFAULT '0',
  `sale_price` double unsigned NOT NULL DEFAULT '0',
  `type_id` int NOT NULL,
  `object` mediumblob,
  PRIMARY KEY (`link_id`),
  KEY `idx_type` (`type_id`),
  KEY `idx_title` (`title`(100)),
  KEY `idx_md5` (`md5sum`),
  KEY `idx_url` (`url`(75)),
  KEY `idx_language` (`language`),
  KEY `idx_published_list` (`published`,`state`,`access`,`publish_start_date`,`publish_end_date`,`list_price`),
  KEY `idx_published_sale` (`published`,`state`,`access`,`publish_start_date`,`publish_end_date`,`sale_price`)
) ENGINE=InnoDB AUTO_INCREMENT=7 DEFAULT CHARSET=utf8mb4 COLLATE=utf8mb4_unicode_ci;
/*!40101 SET character_set_client = @saved_cs_client */;

--
-- Dumping data for table `lcoa2_finder_links`
--

LOCK TABLES `lcoa2_finder_links` WRITE;
/*!40000 ALTER TABLE `lcoa2_finder_links` DISABLE KEYS */;
INSERT INTO `lcoa2_finder_links` VALUES (1,'index.php?option=com_content&view=category&id=8','index.php?option=com_content&view=category&id=8','Clubs','','2026-01-26 08:12:32','a57ebe6e1b1304865fcdb9c9abc62741',1,1,1,'*',NULL,NULL,'2026-01-26 08:12:32',NULL,0,0,1,_binary 'O:52:\"Joomla\\Component\\Finder\\Administrator\\Indexer\\Result\":19:{i:0;i:1;i:1;s:5:\"en-GB\";i:2;s:0:\"\";i:3;a:17:{s:2:\"id\";i:8;s:5:\"alias\";s:5:\"clubs\";s:9:\"extension\";s:11:\"com_content\";s:7:\"metakey\";s:0:\"\";s:8:\"metadesc\";s:0:\"\";s:8:\"metadata\";O:24:\"Joomla\\Registry\\Registry\":3:{s:7:\"\0*\0data\";O:8:\"stdClass\":2:{s:6:\"author\";s:0:\"\";s:6:\"robots\";s:0:\"\";}s:14:\"\0*\0initialized\";b:1;s:12:\"\0*\0separator\";s:1:\".\";}s:3:\"lft\";i:11;s:9:\"parent_id\";i:1;s:5:\"level\";i:1;s:6:\"params\";O:24:\"Joomla\\Registry\\Registry\":3:{s:7:\"\0*\0data\";O:8:\"stdClass\":3:{s:15:\"category_layout\";s:0:\"\";s:5:\"image\";s:0:\"\";s:9:\"image_alt\";s:0:\"\";}s:14:\"\0*\0initialized\";b:1;s:12:\"\0*\0separator\";s:1:\".\";}s:7:\"summary\";s:0:\"\";s:10:\"created_by\";i:81;s:8:\"modified\";s:19:\"2026-01-26 08:12:32\";s:11:\"modified_by\";i:81;s:4:\"slug\";s:7:\"8:clubs\";s:6:\"layout\";s:8:\"category\";s:10:\"metaauthor\";N;}i:4;N;i:5;a:5:{i:1;a:3:{i:0;s:5:\"title\";i:1;s:8:\"subtitle\";i:2;s:2:\"id\";}i:2;a:2:{i:0;s:7:\"summary\";i:1;s:4:\"body\";}i:3;a:8:{i:0;s:4:\"meta\";i:1;s:10:\"list_price\";i:2;s:10:\"sale_price\";i:3;s:4:\"link\";i:4;s:7:\"metakey\";i:5;s:8:\"metadesc\";i:6;s:10:\"metaauthor\";i:7;s:6:\"author\";}i:4;a:2:{i:0;s:4:\"path\";i:1;s:5:\"alias\";}i:5;a:1:{i:0;s:8:\"comments\";}}i:6;s:1:\"*\";i:7;N;i:8;N;i:9;N;i:10;N;i:11;s:47:\"index.php?option=com_content&view=category&id=8\";i:12;N;i:13;s:19:\"2026-01-26 08:12:32\";i:14;i:1;i:15;a:2:{s:4:\"Type\";a:1:{i:0;O:8:\"stdClass\":6:{s:5:\"title\";s:8:\"Category\";s:5:\"state\";i:1;s:6:\"access\";i:1;s:8:\"language\";s:1:\"*\";s:6:\"nested\";b:0;s:2:\"id\";i:3;}}s:8:\"Language\";a:1:{i:0;O:8:\"stdClass\":6:{s:5:\"title\";s:1:\"*\";s:5:\"state\";i:1;s:6:\"access\";i:1;s:8:\"language\";s:1:\"*\";s:6:\"nested\";b:0;s:2:\"id\";i:5;}}}i:16;s:5:\"Clubs\";i:17;i:1;i:18;s:47:\"index.php?option=com_content&view=category&id=8\";}'),(2,'index.php?option=com_content&view=category&id=9','index.php?option=com_content&view=category&id=9','Robotik-Club','','2026-01-26 08:13:10','a999d70bcabccf5a4b4d333d0d6e2aef',1,1,1,'*',NULL,NULL,'2026-01-26 08:13:10',NULL,0,0,1,_binary 'O:52:\"Joomla\\Component\\Finder\\Administrator\\Indexer\\Result\":19:{i:0;i:1;i:1;s:5:\"en-GB\";i:2;s:0:\"\";i:3;a:17:{s:2:\"id\";i:9;s:5:\"alias\";s:12:\"robotik club\";s:9:\"extension\";s:11:\"com_content\";s:7:\"metakey\";s:0:\"\";s:8:\"metadesc\";s:0:\"\";s:8:\"metadata\";O:24:\"Joomla\\Registry\\Registry\":3:{s:7:\"\0*\0data\";O:8:\"stdClass\":2:{s:6:\"author\";s:0:\"\";s:6:\"robots\";s:0:\"\";}s:14:\"\0*\0initialized\";b:1;s:12:\"\0*\0separator\";s:1:\".\";}s:3:\"lft\";i:12;s:9:\"parent_id\";i:8;s:5:\"level\";i:2;s:6:\"params\";O:24:\"Joomla\\Registry\\Registry\":3:{s:7:\"\0*\0data\";O:8:\"stdClass\":3:{s:15:\"category_layout\";s:0:\"\";s:5:\"image\";s:0:\"\";s:9:\"image_alt\";s:0:\"\";}s:14:\"\0*\0initialized\";b:1;s:12:\"\0*\0separator\";s:1:\".\";}s:7:\"summary\";s:0:\"\";s:10:\"created_by\";i:81;s:8:\"modified\";s:19:\"2026-01-26 08:13:10\";s:11:\"modified_by\";i:81;s:4:\"slug\";s:14:\"9:robotik-club\";s:6:\"layout\";s:8:\"category\";s:10:\"metaauthor\";N;}i:4;N;i:5;a:5:{i:1;a:3:{i:0;s:5:\"title\";i:1;s:8:\"subtitle\";i:2;s:2:\"id\";}i:2;a:2:{i:0;s:7:\"summary\";i:1;s:4:\"body\";}i:3;a:8:{i:0;s:4:\"meta\";i:1;s:10:\"list_price\";i:2;s:10:\"sale_price\";i:3;s:4:\"link\";i:4;s:7:\"metakey\";i:5;s:8:\"metadesc\";i:6;s:10:\"metaauthor\";i:7;s:6:\"author\";}i:4;a:2:{i:0;s:4:\"path\";i:1;s:5:\"alias\";}i:5;a:1:{i:0;s:8:\"comments\";}}i:6;s:1:\"*\";i:7;N;i:8;N;i:9;N;i:10;N;i:11;s:47:\"index.php?option=com_content&view=category&id=9\";i:12;N;i:13;s:19:\"2026-01-26 08:13:10\";i:14;i:1;i:15;a:2:{s:4:\"Type\";a:1:{i:0;O:8:\"stdClass\":6:{s:5:\"title\";s:8:\"Category\";s:5:\"state\";i:1;s:6:\"access\";i:1;s:8:\"language\";s:1:\"*\";s:6:\"nested\";b:0;s:2:\"id\";i:3;}}s:8:\"Language\";a:1:{i:0;O:8:\"stdClass\":6:{s:5:\"title\";s:1:\"*\";s:5:\"state\";i:1;s:6:\"access\";i:1;s:8:\"language\";s:1:\"*\";s:6:\"nested\";b:0;s:2:\"id\";i:5;}}}i:16;s:12:\"Robotik-Club\";i:17;i:1;i:18;s:47:\"index.php?option=com_content&view=category&id=9\";}'),(3,'index.php?option=com_content&view=category&id=10','index.php?option=com_content&view=category&id=10','Theater-Club','','2026-01-26 08:14:23','8631a10140a5858a50b6fa0528251da4',1,1,1,'*',NULL,NULL,'2026-01-26 08:14:23',NULL,0,0,1,_binary 'O:52:\"Joomla\\Component\\Finder\\Administrator\\Indexer\\Result\":19:{i:0;i:1;i:1;s:5:\"en-GB\";i:2;s:0:\"\";i:3;a:17:{s:2:\"id\";i:10;s:5:\"alias\";s:12:\"theater club\";s:9:\"extension\";s:11:\"com_content\";s:7:\"metakey\";s:0:\"\";s:8:\"metadesc\";s:0:\"\";s:8:\"metadata\";O:24:\"Joomla\\Registry\\Registry\":3:{s:7:\"\0*\0data\";O:8:\"stdClass\":2:{s:6:\"author\";s:0:\"\";s:6:\"robots\";s:0:\"\";}s:14:\"\0*\0initialized\";b:1;s:12:\"\0*\0separator\";s:1:\".\";}s:3:\"lft\";i:14;s:9:\"parent_id\";i:8;s:5:\"level\";i:2;s:6:\"params\";O:24:\"Joomla\\Registry\\Registry\":3:{s:7:\"\0*\0data\";O:8:\"stdClass\":3:{s:15:\"category_layout\";s:0:\"\";s:5:\"image\";s:0:\"\";s:9:\"image_alt\";s:0:\"\";}s:14:\"\0*\0initialized\";b:1;s:12:\"\0*\0separator\";s:1:\".\";}s:7:\"summary\";s:0:\"\";s:10:\"created_by\";i:81;s:8:\"modified\";s:19:\"2026-01-26 08:14:23\";s:11:\"modified_by\";i:81;s:4:\"slug\";s:15:\"10:theater-club\";s:6:\"layout\";s:8:\"category\";s:10:\"metaauthor\";N;}i:4;N;i:5;a:5:{i:1;a:3:{i:0;s:5:\"title\";i:1;s:8:\"subtitle\";i:2;s:2:\"id\";}i:2;a:2:{i:0;s:7:\"summary\";i:1;s:4:\"body\";}i:3;a:8:{i:0;s:4:\"meta\";i:1;s:10:\"list_price\";i:2;s:10:\"sale_price\";i:3;s:4:\"link\";i:4;s:7:\"metakey\";i:5;s:8:\"metadesc\";i:6;s:10:\"metaauthor\";i:7;s:6:\"author\";}i:4;a:2:{i:0;s:4:\"path\";i:1;s:5:\"alias\";}i:5;a:1:{i:0;s:8:\"comments\";}}i:6;s:1:\"*\";i:7;N;i:8;N;i:9;N;i:10;N;i:11;s:48:\"index.php?option=com_content&view=category&id=10\";i:12;N;i:13;s:19:\"2026-01-26 08:14:23\";i:14;i:1;i:15;a:2:{s:4:\"Type\";a:1:{i:0;O:8:\"stdClass\":6:{s:5:\"title\";s:8:\"Category\";s:5:\"state\";i:1;s:6:\"access\";i:1;s:8:\"language\";s:1:\"*\";s:6:\"nested\";b:0;s:2:\"id\";i:3;}}s:8:\"Language\";a:1:{i:0;O:8:\"stdClass\":6:{s:5:\"title\";s:1:\"*\";s:5:\"state\";i:1;s:6:\"access\";i:1;s:8:\"language\";s:1:\"*\";s:6:\"nested\";b:0;s:2:\"id\";i:5;}}}i:16;s:12:\"Theater-Club\";i:17;i:1;i:18;s:48:\"index.php?option=com_content&view=category&id=10\";}'),(4,'index.php?option=com_content&view=category&id=11','index.php?option=com_content&view=category&id=11','Berichte','','2026-01-26 08:15:04','719dec0517135158bd2b836efcd67461',1,1,1,'*',NULL,NULL,'2026-01-26 08:15:04',NULL,0,0,1,_binary 'O:52:\"Joomla\\Component\\Finder\\Administrator\\Indexer\\Result\":19:{i:0;i:1;i:1;s:5:\"en-GB\";i:2;s:0:\"\";i:3;a:17:{s:2:\"id\";i:11;s:5:\"alias\";s:8:\"berichte\";s:9:\"extension\";s:11:\"com_content\";s:7:\"metakey\";s:0:\"\";s:8:\"metadesc\";s:0:\"\";s:8:\"metadata\";O:24:\"Joomla\\Registry\\Registry\":3:{s:7:\"\0*\0data\";O:8:\"stdClass\":2:{s:6:\"author\";s:0:\"\";s:6:\"robots\";s:0:\"\";}s:14:\"\0*\0initialized\";b:1;s:12:\"\0*\0separator\";s:1:\".\";}s:3:\"lft\";i:17;s:9:\"parent_id\";i:1;s:5:\"level\";i:1;s:6:\"params\";O:24:\"Joomla\\Registry\\Registry\":3:{s:7:\"\0*\0data\";O:8:\"stdClass\":3:{s:15:\"category_layout\";s:0:\"\";s:5:\"image\";s:0:\"\";s:9:\"image_alt\";s:0:\"\";}s:14:\"\0*\0initialized\";b:1;s:12:\"\0*\0separator\";s:1:\".\";}s:7:\"summary\";s:0:\"\";s:10:\"created_by\";i:81;s:8:\"modified\";s:19:\"2026-01-26 08:15:04\";s:11:\"modified_by\";i:81;s:4:\"slug\";s:11:\"11:berichte\";s:6:\"layout\";s:8:\"category\";s:10:\"metaauthor\";N;}i:4;N;i:5;a:5:{i:1;a:3:{i:0;s:5:\"title\";i:1;s:8:\"subtitle\";i:2;s:2:\"id\";}i:2;a:2:{i:0;s:7:\"summary\";i:1;s:4:\"body\";}i:3;a:8:{i:0;s:4:\"meta\";i:1;s:10:\"list_price\";i:2;s:10:\"sale_price\";i:3;s:4:\"link\";i:4;s:7:\"metakey\";i:5;s:8:\"metadesc\";i:6;s:10:\"metaauthor\";i:7;s:6:\"author\";}i:4;a:2:{i:0;s:4:\"path\";i:1;s:5:\"alias\";}i:5;a:1:{i:0;s:8:\"comments\";}}i:6;s:1:\"*\";i:7;N;i:8;N;i:9;N;i:10;N;i:11;s:48:\"index.php?option=com_content&view=category&id=11\";i:12;N;i:13;s:19:\"2026-01-26 08:15:04\";i:14;i:1;i:15;a:2:{s:4:\"Type\";a:1:{i:0;O:8:\"stdClass\":6:{s:5:\"title\";s:8:\"Category\";s:5:\"state\";i:1;s:6:\"access\";i:1;s:8:\"language\";s:1:\"*\";s:6:\"nested\";b:0;s:2:\"id\";i:3;}}s:8:\"Language\";a:1:{i:0;O:8:\"stdClass\":6:{s:5:\"title\";s:1:\"*\";s:5:\"state\";i:1;s:6:\"access\";i:1;s:8:\"language\";s:1:\"*\";s:6:\"nested\";b:0;s:2:\"id\";i:5;}}}i:16;s:8:\"Berichte\";i:17;i:1;i:18;s:48:\"index.php?option=com_content&view=category&id=11\";}'),(5,'index.php?option=com_content&view=article&id=1','index.php?option=com_content&view=article&id=1:robotik-club&catid=9','Robotik-Club',' Der Robotik-Club beschftigt sich mit der Entwicklung autonomer Roboter und nimmt regelmig an Wettbewerben teil. Treffen: Jeden Mittwoch, 18:00 Uhr Raum: Technikgebude, Raum 301 Kontakt: robotik@campus.de ','2026-01-26 08:16:42','46eadf924dabd2002128455ea0f632e8',1,1,1,'*','2026-01-26 08:16:42',NULL,'2026-01-26 08:16:42',NULL,0,0,3,_binary 'O:52:\"Joomla\\Component\\Finder\\Administrator\\Indexer\\Result\":19:{i:0;i:1;i:1;s:5:\"en-GB\";i:2;s:213:\" Der Robotik-Club beschftigt sich mit der Entwicklung autonomer Roboter und nimmt regelmig an Wettbewerben teil. Treffen: Jeden Mittwoch, 18:00 Uhr Raum: Technikgebude, Raum 301 Kontakt: robotik@campus.de \";i:3;a:25:{s:2:\"id\";i:1;s:5:\"alias\";s:12:\"robotik club\";s:7:\"summary\";s:232:\"<p>Der Robotik-Club beschftigt sich mit der Entwicklung autonomer Roboter und nimmt regelmig an Wettbewerben teil.</p>\r\n<p>Treffen: Jeden Mittwoch, 18:00 Uhr<br>Raum: Technikgebude, Raum 301<br>Kontakt: robotik@campus.de</p>\";s:4:\"body\";s:0:\"\";s:6:\"images\";s:173:\"{\"image_intro\":\"\",\"image_intro_alt\":\"\",\"float_intro\":\"\",\"image_intro_caption\":\"\",\"image_fulltext\":\"\",\"image_fulltext_alt\":\"\",\"float_fulltext\":\"\",\"image_fulltext_caption\":\"\"}\";s:5:\"catid\";i:9;s:10:\"created_by\";i:81;s:16:\"created_by_alias\";s:0:\"\";s:8:\"modified\";s:19:\"2026-01-26 08:16:42\";s:11:\"modified_by\";i:81;s:6:\"params\";O:24:\"Joomla\\Registry\\Registry\":3:{s:7:\"\0*\0data\";O:8:\"stdClass\":86:{s:14:\"article_layout\";s:9:\"_:default\";s:10:\"show_title\";s:1:\"1\";s:11:\"link_titles\";s:1:\"1\";s:10:\"show_intro\";s:1:\"1\";s:19:\"info_block_position\";s:1:\"0\";s:21:\"info_block_show_title\";s:1:\"1\";s:13:\"show_category\";s:1:\"1\";s:13:\"link_category\";s:1:\"1\";s:20:\"show_parent_category\";s:1:\"0\";s:20:\"link_parent_category\";s:1:\"0\";s:17:\"show_associations\";s:1:\"0\";s:5:\"flags\";s:1:\"1\";s:11:\"show_author\";s:1:\"1\";s:11:\"link_author\";s:1:\"0\";s:16:\"show_create_date\";s:1:\"0\";s:16:\"show_modify_date\";s:1:\"0\";s:17:\"show_publish_date\";s:1:\"1\";s:20:\"show_item_navigation\";s:1:\"1\";s:13:\"show_readmore\";s:1:\"1\";s:19:\"show_readmore_title\";s:1:\"1\";s:14:\"readmore_limit\";i:100;s:9:\"show_tags\";s:1:\"1\";s:11:\"record_hits\";s:1:\"1\";s:9:\"show_hits\";s:1:\"1\";s:11:\"show_noauth\";s:1:\"0\";s:13:\"urls_position\";i:0;s:7:\"captcha\";s:0:\"\";s:23:\"show_publishing_options\";s:1:\"1\";s:20:\"show_article_options\";s:1:\"1\";s:27:\"show_configure_edit_options\";s:1:\"1\";s:16:\"show_permissions\";s:1:\"1\";s:22:\"show_associations_edit\";s:1:\"1\";s:12:\"save_history\";s:1:\"1\";s:13:\"history_limit\";i:10;s:25:\"show_urls_images_frontend\";s:1:\"0\";s:24:\"show_urls_images_backend\";s:1:\"1\";s:7:\"targeta\";i:0;s:7:\"targetb\";i:0;s:7:\"targetc\";i:0;s:11:\"float_intro\";s:4:\"left\";s:14:\"float_fulltext\";s:4:\"left\";s:15:\"category_layout\";s:6:\"_:blog\";s:19:\"show_category_title\";s:1:\"0\";s:16:\"show_description\";s:1:\"0\";s:22:\"show_description_image\";s:1:\"0\";s:8:\"maxLevel\";s:1:\"1\";s:21:\"show_empty_categories\";s:1:\"0\";s:16:\"show_no_articles\";s:1:\"1\";s:32:\"show_category_heading_title_text\";s:1:\"1\";s:16:\"show_subcat_desc\";s:1:\"1\";s:21:\"show_cat_num_articles\";s:1:\"0\";s:13:\"show_cat_tags\";s:1:\"1\";s:21:\"show_base_description\";s:1:\"1\";s:11:\"maxLevelcat\";s:2:\"-1\";s:25:\"show_empty_categories_cat\";s:1:\"0\";s:20:\"show_subcat_desc_cat\";s:1:\"1\";s:25:\"show_cat_num_articles_cat\";s:1:\"1\";s:20:\"num_leading_articles\";i:1;s:18:\"blog_class_leading\";s:0:\"\";s:18:\"num_intro_articles\";i:4;s:10:\"blog_class\";s:0:\"\";s:11:\"num_columns\";i:1;s:18:\"multi_column_order\";s:1:\"0\";s:9:\"num_links\";i:4;s:24:\"show_subcategory_content\";s:1:\"0\";s:16:\"link_intro_image\";s:1:\"0\";s:21:\"show_pagination_limit\";s:1:\"1\";s:12:\"filter_field\";s:4:\"hide\";s:13:\"show_headings\";s:1:\"1\";s:14:\"list_show_date\";s:1:\"0\";s:11:\"date_format\";s:0:\"\";s:14:\"list_show_hits\";s:1:\"1\";s:16:\"list_show_author\";s:1:\"1\";s:11:\"display_num\";s:2:\"10\";s:11:\"orderby_pri\";s:5:\"order\";s:11:\"orderby_sec\";s:5:\"rdate\";s:10:\"order_date\";s:9:\"published\";s:15:\"show_pagination\";s:1:\"2\";s:23:\"show_pagination_results\";s:1:\"1\";s:13:\"show_featured\";s:4:\"show\";s:14:\"show_feed_link\";s:1:\"1\";s:12:\"feed_summary\";s:1:\"0\";s:18:\"feed_show_readmore\";s:1:\"0\";s:7:\"sef_ids\";i:1;s:20:\"custom_fields_enable\";s:1:\"1\";s:16:\"workflow_enabled\";s:1:\"0\";}s:14:\"\0*\0initialized\";b:1;s:12:\"\0*\0separator\";s:1:\".\";}s:7:\"metakey\";s:0:\"\";s:8:\"metadesc\";s:0:\"\";s:8:\"metadata\";O:24:\"Joomla\\Registry\\Registry\":3:{s:7:\"\0*\0data\";O:8:\"stdClass\":3:{s:6:\"robots\";s:0:\"\";s:6:\"author\";s:0:\"\";s:6:\"rights\";s:0:\"\";}s:14:\"\0*\0initialized\";b:1;s:12:\"\0*\0separator\";s:1:\".\";}s:7:\"version\";i:1;s:8:\"ordering\";i:0;s:8:\"category\";s:12:\"Robotik-Club\";s:9:\"cat_state\";i:1;s:10:\"cat_access\";i:1;s:4:\"slug\";s:14:\"1:robotik-club\";s:7:\"catslug\";s:14:\"9:robotik-club\";s:6:\"author\";s:10:\"Admin User\";s:6:\"layout\";s:7:\"article\";s:7:\"context\";s:19:\"com_content.article\";s:10:\"metaauthor\";N;}i:4;N;i:5;a:5:{i:1;a:3:{i:0;s:5:\"title\";i:1;s:8:\"subtitle\";i:2;s:2:\"id\";}i:2;a:2:{i:0;s:7:\"summary\";i:1;s:4:\"body\";}i:3;a:8:{i:0;s:4:\"meta\";i:1;s:10:\"list_price\";i:2;s:10:\"sale_price\";i:3;s:7:\"metakey\";i:4;s:8:\"metadesc\";i:5;s:10:\"metaauthor\";i:6;s:6:\"author\";i:7;s:16:\"created_by_alias\";}i:4;a:2:{i:0;s:4:\"path\";i:1;s:5:\"alias\";}i:5;a:1:{i:0;s:8:\"comments\";}}i:6;s:1:\"*\";i:7;N;i:8;N;i:9;s:19:\"2026-01-26 08:16:42\";i:10;N;i:11;s:67:\"index.php?option=com_content&view=article&id=1:robotik-club&catid=9\";i:12;N;i:13;s:19:\"2026-01-26 08:16:42\";i:14;i:1;i:15;a:4:{s:4:\"Type\";a:1:{i:0;O:8:\"stdClass\":6:{s:5:\"title\";s:7:\"Article\";s:5:\"state\";i:1;s:6:\"access\";i:1;s:8:\"language\";s:1:\"*\";s:6:\"nested\";b:0;s:2:\"id\";i:6;}}s:6:\"Author\";a:1:{i:0;O:8:\"stdClass\":6:{s:5:\"title\";s:10:\"Admin User\";s:5:\"state\";i:1;s:6:\"access\";i:1;s:8:\"language\";s:1:\"*\";s:6:\"nested\";b:0;s:2:\"id\";i:8;}}s:8:\"Category\";a:1:{i:0;O:8:\"stdClass\":6:{s:5:\"title\";s:12:\"Robotik-Club\";s:5:\"state\";i:1;s:6:\"access\";i:1;s:8:\"language\";s:1:\"*\";s:6:\"nested\";b:1;s:2:\"id\";i:11;}}s:8:\"Language\";a:1:{i:0;O:8:\"stdClass\":6:{s:5:\"title\";s:1:\"*\";s:5:\"state\";i:1;s:6:\"access\";i:1;s:8:\"language\";s:1:\"*\";s:6:\"nested\";b:0;s:2:\"id\";i:5;}}}i:16;s:12:\"Robotik-Club\";i:17;i:3;i:18;s:46:\"index.php?option=com_content&view=article&id=1\";}'),(6,'index.php?option=com_content&view=article&id=2','index.php?option=com_content&view=article&id=2:theater-club&catid=10','Theater-Club',' Der Theater-Club bringt jedes Semester ein neues Stck auf die Bhne und bietet Workshops fr Schauspiel und Regie. Treffen: Jeden Donnerstag, 19:00 Uhr Raum: Aula, Hauptgebude Kontakt: theater@campus.de ','2026-01-26 08:17:42','e9d64969064d9dd1bd43009275fd79e0',1,1,1,'*','2026-01-26 08:17:42',NULL,'2026-01-26 08:17:42',NULL,0,0,3,_binary 'O:52:\"Joomla\\Component\\Finder\\Administrator\\Indexer\\Result\":19:{i:0;i:1;i:1;s:5:\"en-GB\";i:2;s:210:\" Der Theater-Club bringt jedes Semester ein neues Stck auf die Bhne und bietet Workshops fr Schauspiel und Regie. Treffen: Jeden Donnerstag, 19:00 Uhr Raum: Aula, Hauptgebude Kontakt: theater@campus.de \";i:3;a:25:{s:2:\"id\";i:2;s:5:\"alias\";s:12:\"theater club\";s:7:\"summary\";s:229:\"<p>Der Theater-Club bringt jedes Semester ein neues Stck auf die Bhne und bietet Workshops fr Schauspiel und Regie.</p>\r\n<p>Treffen: Jeden Donnerstag, 19:00 Uhr<br>Raum: Aula, Hauptgebude<br>Kontakt: theater@campus.de</p>\";s:4:\"body\";s:0:\"\";s:6:\"images\";s:173:\"{\"image_intro\":\"\",\"image_intro_alt\":\"\",\"float_intro\":\"\",\"image_intro_caption\":\"\",\"image_fulltext\":\"\",\"image_fulltext_alt\":\"\",\"float_fulltext\":\"\",\"image_fulltext_caption\":\"\"}\";s:5:\"catid\";i:10;s:10:\"created_by\";i:81;s:16:\"created_by_alias\";s:0:\"\";s:8:\"modified\";s:19:\"2026-01-26 08:17:42\";s:11:\"modified_by\";i:81;s:6:\"params\";O:24:\"Joomla\\Registry\\Registry\":3:{s:7:\"\0*\0data\";O:8:\"stdClass\":86:{s:14:\"article_layout\";s:9:\"_:default\";s:10:\"show_title\";s:1:\"1\";s:11:\"link_titles\";s:1:\"1\";s:10:\"show_intro\";s:1:\"1\";s:19:\"info_block_position\";s:1:\"0\";s:21:\"info_block_show_title\";s:1:\"1\";s:13:\"show_category\";s:1:\"1\";s:13:\"link_category\";s:1:\"1\";s:20:\"show_parent_category\";s:1:\"0\";s:20:\"link_parent_category\";s:1:\"0\";s:17:\"show_associations\";s:1:\"0\";s:5:\"flags\";s:1:\"1\";s:11:\"show_author\";s:1:\"1\";s:11:\"link_author\";s:1:\"0\";s:16:\"show_create_date\";s:1:\"0\";s:16:\"show_modify_date\";s:1:\"0\";s:17:\"show_publish_date\";s:1:\"1\";s:20:\"show_item_navigation\";s:1:\"1\";s:13:\"show_readmore\";s:1:\"1\";s:19:\"show_readmore_title\";s:1:\"1\";s:14:\"readmore_limit\";i:100;s:9:\"show_tags\";s:1:\"1\";s:11:\"record_hits\";s:1:\"1\";s:9:\"show_hits\";s:1:\"1\";s:11:\"show_noauth\";s:1:\"0\";s:13:\"urls_position\";i:0;s:7:\"captcha\";s:0:\"\";s:23:\"show_publishing_options\";s:1:\"1\";s:20:\"show_article_options\";s:1:\"1\";s:27:\"show_configure_edit_options\";s:1:\"1\";s:16:\"show_permissions\";s:1:\"1\";s:22:\"show_associations_edit\";s:1:\"1\";s:12:\"save_history\";s:1:\"1\";s:13:\"history_limit\";i:10;s:25:\"show_urls_images_frontend\";s:1:\"0\";s:24:\"show_urls_images_backend\";s:1:\"1\";s:7:\"targeta\";i:0;s:7:\"targetb\";i:0;s:7:\"targetc\";i:0;s:11:\"float_intro\";s:4:\"left\";s:14:\"float_fulltext\";s:4:\"left\";s:15:\"category_layout\";s:6:\"_:blog\";s:19:\"show_category_title\";s:1:\"0\";s:16:\"show_description\";s:1:\"0\";s:22:\"show_description_image\";s:1:\"0\";s:8:\"maxLevel\";s:1:\"1\";s:21:\"show_empty_categories\";s:1:\"0\";s:16:\"show_no_articles\";s:1:\"1\";s:32:\"show_category_heading_title_text\";s:1:\"1\";s:16:\"show_subcat_desc\";s:1:\"1\";s:21:\"show_cat_num_articles\";s:1:\"0\";s:13:\"show_cat_tags\";s:1:\"1\";s:21:\"show_base_description\";s:1:\"1\";s:11:\"maxLevelcat\";s:2:\"-1\";s:25:\"show_empty_categories_cat\";s:1:\"0\";s:20:\"show_subcat_desc_cat\";s:1:\"1\";s:25:\"show_cat_num_articles_cat\";s:1:\"1\";s:20:\"num_leading_articles\";i:1;s:18:\"blog_class_leading\";s:0:\"\";s:18:\"num_intro_articles\";i:4;s:10:\"blog_class\";s:0:\"\";s:11:\"num_columns\";i:1;s:18:\"multi_column_order\";s:1:\"0\";s:9:\"num_links\";i:4;s:24:\"show_subcategory_content\";s:1:\"0\";s:16:\"link_intro_image\";s:1:\"0\";s:21:\"show_pagination_limit\";s:1:\"1\";s:12:\"filter_field\";s:4:\"hide\";s:13:\"show_headings\";s:1:\"1\";s:14:\"list_show_date\";s:1:\"0\";s:11:\"date_format\";s:0:\"\";s:14:\"list_show_hits\";s:1:\"1\";s:16:\"list_show_author\";s:1:\"1\";s:11:\"display_num\";s:2:\"10\";s:11:\"orderby_pri\";s:5:\"order\";s:11:\"orderby_sec\";s:5:\"rdate\";s:10:\"order_date\";s:9:\"published\";s:15:\"show_pagination\";s:1:\"2\";s:23:\"show_pagination_results\";s:1:\"1\";s:13:\"show_featured\";s:4:\"show\";s:14:\"show_feed_link\";s:1:\"1\";s:12:\"feed_summary\";s:1:\"0\";s:18:\"feed_show_readmore\";s:1:\"0\";s:7:\"sef_ids\";i:1;s:20:\"custom_fields_enable\";s:1:\"1\";s:16:\"workflow_enabled\";s:1:\"0\";}s:14:\"\0*\0initialized\";b:1;s:12:\"\0*\0separator\";s:1:\".\";}s:7:\"metakey\";s:0:\"\";s:8:\"metadesc\";s:0:\"\";s:8:\"metadata\";O:24:\"Joomla\\Registry\\Registry\":3:{s:7:\"\0*\0data\";O:8:\"stdClass\":3:{s:6:\"robots\";s:0:\"\";s:6:\"author\";s:0:\"\";s:6:\"rights\";s:0:\"\";}s:14:\"\0*\0initialized\";b:1;s:12:\"\0*\0separator\";s:1:\".\";}s:7:\"version\";i:1;s:8:\"ordering\";i:0;s:8:\"category\";s:12:\"Theater-Club\";s:9:\"cat_state\";i:1;s:10:\"cat_access\";i:1;s:4:\"slug\";s:14:\"2:theater-club\";s:7:\"catslug\";s:15:\"10:theater-club\";s:6:\"author\";s:10:\"Admin User\";s:6:\"layout\";s:7:\"article\";s:7:\"context\";s:19:\"com_content.article\";s:10:\"metaauthor\";N;}i:4;N;i:5;a:5:{i:1;a:3:{i:0;s:5:\"title\";i:1;s:8:\"subtitle\";i:2;s:2:\"id\";}i:2;a:2:{i:0;s:7:\"summary\";i:1;s:4:\"body\";}i:3;a:8:{i:0;s:4:\"meta\";i:1;s:10:\"list_price\";i:2;s:10:\"sale_price\";i:3;s:7:\"metakey\";i:4;s:8:\"metadesc\";i:5;s:10:\"metaauthor\";i:6;s:6:\"author\";i:7;s:16:\"created_by_alias\";}i:4;a:2:{i:0;s:4:\"path\";i:1;s:5:\"alias\";}i:5;a:1:{i:0;s:8:\"comments\";}}i:6;s:1:\"*\";i:7;N;i:8;N;i:9;s:19:\"2026-01-26 08:17:42\";i:10;N;i:11;s:68:\"index.php?option=com_content&view=article&id=2:theater-club&catid=10\";i:12;N;i:13;s:19:\"2026-01-26 08:17:42\";i:14;i:1;i:15;a:4:{s:4:\"Type\";a:1:{i:0;O:8:\"stdClass\":6:{s:5:\"title\";s:7:\"Article\";s:5:\"state\";i:1;s:6:\"access\";i:1;s:8:\"language\";s:1:\"*\";s:6:\"nested\";b:0;s:2:\"id\";i:6;}}s:6:\"Author\";a:1:{i:0;O:8:\"stdClass\":6:{s:5:\"title\";s:10:\"Admin User\";s:5:\"state\";i:1;s:6:\"access\";i:1;s:8:\"language\";s:1:\"*\";s:6:\"nested\";b:0;s:2:\"id\";i:8;}}s:8:\"Category\";a:1:{i:0;O:8:\"stdClass\":6:{s:5:\"title\";s:12:\"Theater-Club\";s:5:\"state\";i:1;s:6:\"access\";i:1;s:8:\"language\";s:1:\"*\";s:6:\"nested\";b:1;s:2:\"id\";i:12;}}s:8:\"Language\";a:1:{i:0;O:8:\"stdClass\":6:{s:5:\"title\";s:1:\"*\";s:5:\"state\";i:1;s:6:\"access\";i:1;s:8:\"language\";s:1:\"*\";s:6:\"nested\";b:0;s:2:\"id\";i:5;}}}i:16;s:12:\"Theater-Club\";i:17;i:3;i:18;s:46:\"index.php?option=com_content&view=article&id=2\";}');
/*!40000 ALTER TABLE `lcoa2_finder_links` ENABLE KEYS */;
UNLOCK TABLES;

--
-- Table structure for table `lcoa2_finder_links_terms`
--

DROP TABLE IF EXISTS `lcoa2_finder_links_terms`;
/*!40101 SET @saved_cs_client     = @@character_set_client */;
/*!50503 SET character_set_client = utf8mb4 */;
CREATE TABLE `lcoa2_finder_links_terms` (
  `link_id` int unsigned NOT NULL,
  `term_id` int unsigned NOT NULL,
  `weight` float unsigned NOT NULL DEFAULT '0',
  PRIMARY KEY (`link_id`,`term_id`),
  KEY `idx_term_weight` (`term_id`,`weight`),
  KEY `idx_link_term_weight` (`link_id`,`term_id`,`weight`)
) ENGINE=InnoDB DEFAULT CHARSET=utf8mb4 COLLATE=utf8mb4_unicode_ci;
/*!40101 SET character_set_client = @saved_cs_client */;

--
-- Dumping data for table `lcoa2_finder_links_terms`
--

LOCK TABLES `lcoa2_finder_links_terms` WRITE;
/*!40000 ALTER TABLE `lcoa2_finder_links_terms` DISABLE KEYS */;
INSERT INTO `lcoa2_finder_links_terms` VALUES (1,1,1.23321),(1,2,0.17),(2,4,0.5334),(3,4,0.5334),(5,4,0.5334),(6,4,0.5334),(2,5,0.9334),(5,5,1.26009),(2,6,0.17),(2,7,1.36),(5,7,1.92),(3,11,0.9334),(6,11,1.26009),(3,12,0.34),(3,13,1.36),(6,13,1.92),(4,14,1.97321),(4,15,0.34),(5,17,0.39996),(6,17,0.39996),(5,18,0.32004),(6,18,0.32004),(5,19,0.14),(6,19,0.14),(5,20,0.14),(5,21,0.21),(5,22,0.09331),(5,23,0.42),(5,24,0.51331),(5,25,0.28),(6,25,0.28),(5,26,0.09331),(6,26,0.09331),(6,27,0.14),(5,27,0.28),(5,28,0.51331),(5,29,0.23331),(6,29,0.23331),(5,30,0.32669),(6,30,0.32669),(5,31,0.14),(5,32,0.37331),(5,33,0.23331),(6,34,0.18669),(5,34,0.37338),(5,35,0.46669),(5,36,0.32669),(5,37,0.18669),(5,38,0.65331),(5,39,0.18669),(5,40,0.32669),(6,40,0.32669),(5,41,0.14),(6,41,0.14),(5,42,0.14),(6,42,0.28),(5,43,0.56),(5,44,0.17),(6,48,0.14),(6,49,0.14),(6,50,0.18669),(6,51,0.28),(6,52,0.28),(6,53,0.23331),(6,54,0.14),(6,55,0.46669),(6,56,0.14),(6,57,0.14),(6,58,0.56),(6,59,0.23331),(6,60,0.23331),(6,61,0.23331),(6,62,0.46669),(6,63,0.37331),(6,64,0.23331),(6,65,0.42),(6,66,0.17);
/*!40000 ALTER TABLE `lcoa2_finder_links_terms` ENABLE KEYS */;
UNLOCK TABLES;

--
-- Table structure for table `lcoa2_finder_logging`
--

DROP TABLE IF EXISTS `lcoa2_finder_logging`;
/*!40101 SET @saved_cs_client     = @@character_set_client */;
/*!50503 SET character_set_client = utf8mb4 */;
CREATE TABLE `lcoa2_finder_logging` (
  `searchterm` varchar(255) CHARACTER SET utf8mb4 COLLATE utf8mb4_unicode_ci NOT NULL DEFAULT '',
  `md5sum` varchar(32) CHARACTER SET utf8mb4 COLLATE utf8mb4_unicode_ci NOT NULL DEFAULT '',
  `query` blob NOT NULL,
  `hits` int NOT NULL DEFAULT '1',
  `results` int NOT NULL DEFAULT '0',
  PRIMARY KEY (`md5sum`),
  KEY `searchterm` (`searchterm`(191))
) ENGINE=InnoDB DEFAULT CHARSET=utf8mb4 COLLATE=utf8mb4_unicode_ci;
/*!40101 SET character_set_client = @saved_cs_client */;

--
-- Dumping data for table `lcoa2_finder_logging`
--

LOCK TABLES `lcoa2_finder_logging` WRITE;
/*!40000 ALTER TABLE `lcoa2_finder_logging` DISABLE KEYS */;
/*!40000 ALTER TABLE `lcoa2_finder_logging` ENABLE KEYS */;
UNLOCK TABLES;

--
-- Table structure for table `lcoa2_finder_taxonomy`
--

DROP TABLE IF EXISTS `lcoa2_finder_taxonomy`;
/*!40101 SET @saved_cs_client     = @@character_set_client */;
/*!50503 SET character_set_client = utf8mb4 */;
CREATE TABLE `lcoa2_finder_taxonomy` (
  `id` int unsigned NOT NULL AUTO_INCREMENT,
  `parent_id` int unsigned NOT NULL DEFAULT '0',
  `lft` int NOT NULL DEFAULT '0',
  `rgt` int NOT NULL DEFAULT '0',
  `level` int unsigned NOT NULL DEFAULT '0',
  `path` varchar(400) CHARACTER SET utf8mb4 COLLATE utf8mb4_unicode_ci NOT NULL DEFAULT '',
  `title` varchar(255) CHARACTER SET utf8mb4 COLLATE utf8mb4_unicode_ci NOT NULL DEFAULT '',
  `alias` varchar(400) CHARACTER SET utf8mb4 COLLATE utf8mb4_unicode_ci NOT NULL DEFAULT '',
  `state` tinyint unsigned NOT NULL DEFAULT '1',
  `access` tinyint unsigned NOT NULL DEFAULT '1',
  `language` char(7) CHARACTER SET utf8mb4 COLLATE utf8mb4_unicode_ci NOT NULL DEFAULT '',
  PRIMARY KEY (`id`),
  KEY `idx_state` (`state`),
  KEY `idx_access` (`access`),
  KEY `idx_path` (`path`(100)),
  KEY `idx_level` (`level`),
  KEY `idx_left_right` (`lft`,`rgt`),
  KEY `idx_alias` (`alias`(100)),
  KEY `idx_language` (`language`),
  KEY `idx_parent_published` (`parent_id`,`state`,`access`)
) ENGINE=InnoDB AUTO_INCREMENT=13 DEFAULT CHARSET=utf8mb4 COLLATE=utf8mb4_unicode_ci;
/*!40101 SET character_set_client = @saved_cs_client */;

--
-- Dumping data for table `lcoa2_finder_taxonomy`
--

LOCK TABLES `lcoa2_finder_taxonomy` WRITE;
/*!40000 ALTER TABLE `lcoa2_finder_taxonomy` DISABLE KEYS */;
INSERT INTO `lcoa2_finder_taxonomy` VALUES (1,0,0,23,0,'','ROOT','root',1,1,'*'),(2,1,1,6,1,'type','Type','type',1,1,'*'),(3,2,2,3,2,'type/category','Category','category',1,1,'*'),(4,1,7,10,1,'language','Language','language',1,1,'*'),(5,4,8,9,2,'language/4086f6336014c75439f87cbda42d9c51','*','4086f6336014c75439f87cbda42d9c51',1,1,'*'),(6,2,4,5,2,'type/article','Article','article',1,1,'*'),(7,1,11,14,1,'author','Author','author',1,1,'*'),(8,7,12,13,2,'author/admin-user','Admin User','admin-user',1,1,'*'),(9,1,15,22,1,'category','Category','category',1,1,'*'),(10,9,16,21,2,'category/clubs','Clubs','clubs',1,1,'*'),(11,10,17,18,3,'category/clubs/robotik-club','Robotik-Club','robotik-club',1,1,'*'),(12,10,19,20,3,'category/clubs/theater-club','Theater-Club','theater-club',1,1,'*');
/*!40000 ALTER TABLE `lcoa2_finder_taxonomy` ENABLE KEYS */;
UNLOCK TABLES;

--
-- Table structure for table `lcoa2_finder_taxonomy_map`
--

DROP TABLE IF EXISTS `lcoa2_finder_taxonomy_map`;
/*!40101 SET @saved_cs_client     = @@character_set_client */;
/*!50503 SET character_set_client = utf8mb4 */;
CREATE TABLE `lcoa2_finder_taxonomy_map` (
  `link_id` int unsigned NOT NULL,
  `node_id` int unsigned NOT NULL,
  PRIMARY KEY (`link_id`,`node_id`),
  KEY `link_id` (`link_id`),
  KEY `node_id` (`node_id`)
) ENGINE=InnoDB DEFAULT CHARSET=utf8mb4 COLLATE=utf8mb4_unicode_ci;
/*!40101 SET character_set_client = @saved_cs_client */;

--
-- Dumping data for table `lcoa2_finder_taxonomy_map`
--

LOCK TABLES `lcoa2_finder_taxonomy_map` WRITE;
/*!40000 ALTER TABLE `lcoa2_finder_taxonomy_map` DISABLE KEYS */;
INSERT INTO `lcoa2_finder_taxonomy_map` VALUES (1,3),(1,5),(2,3),(2,5),(3,3),(3,5),(4,3),(4,5),(5,5),(5,6),(5,8),(5,11),(6,5),(6,6),(6,8),(6,12);
/*!40000 ALTER TABLE `lcoa2_finder_taxonomy_map` ENABLE KEYS */;
UNLOCK TABLES;

--
-- Table structure for table `lcoa2_finder_terms`
--

DROP TABLE IF EXISTS `lcoa2_finder_terms`;
/*!40101 SET @saved_cs_client     = @@character_set_client */;
/*!50503 SET character_set_client = utf8mb4 */;
CREATE TABLE `lcoa2_finder_terms` (
  `term_id` int unsigned NOT NULL AUTO_INCREMENT,
  `term` varchar(75) CHARACTER SET utf8mb4 COLLATE utf8mb4_bin NOT NULL,
  `stem` varchar(75) CHARACTER SET utf8mb4 COLLATE utf8mb4_bin NOT NULL DEFAULT '',
  `common` tinyint unsigned NOT NULL DEFAULT '0',
  `phrase` tinyint unsigned NOT NULL DEFAULT '0',
  `weight` float unsigned NOT NULL DEFAULT '0',
  `soundex` varchar(75) CHARACTER SET utf8mb4 COLLATE utf8mb4_bin NOT NULL DEFAULT '',
  `links` int NOT NULL DEFAULT '0',
  `language` char(7) CHARACTER SET utf8mb4 COLLATE utf8mb4_unicode_ci NOT NULL DEFAULT '',
  PRIMARY KEY (`term_id`),
  UNIQUE KEY `idx_term_language` (`term`,`language`),
  KEY `idx_stem` (`stem`),
  KEY `idx_term_phrase` (`term`,`phrase`),
  KEY `idx_stem_phrase` (`stem`,`phrase`),
  KEY `idx_soundex_phrase` (`soundex`,`phrase`),
  KEY `idx_language` (`language`)
) ENGINE=InnoDB AUTO_INCREMENT=67 DEFAULT CHARSET=utf8mb4 COLLATE=utf8mb4_unicode_ci;
/*!40101 SET character_set_client = @saved_cs_client */;

--
-- Dumping data for table `lcoa2_finder_terms`
--

LOCK TABLES `lcoa2_finder_terms` WRITE;
/*!40000 ALTER TABLE `lcoa2_finder_terms` DISABLE KEYS */;
INSERT INTO `lcoa2_finder_terms` VALUES (1,'clubs','clubs',0,0,0.3333,'C412',1,'*'),(2,'8','8',0,0,0.1,'',1,'*'),(4,'club','club',0,0,0.2667,'C410',4,'*'),(5,'robotik','robotik',0,0,0.4667,'R132',2,'*'),(6,'9','9',0,0,0.1,'',1,'*'),(7,'robotik-club','robotik-club',0,0,0.8,'R13241',2,'*'),(11,'theater','theater',0,0,0.4667,'T600',2,'*'),(12,'10','10',0,0,0.2,'',1,'*'),(13,'theater-club','theater-club',0,0,0.8,'T6241',2,'*'),(14,'berichte','berichte',0,0,0.5333,'B623',1,'*'),(15,'11','11',0,0,0.2,'',1,'*'),(17,'admin','admin',0,0,0.3333,'A350',2,'*'),(18,'user','user',0,0,0.2667,'U260',2,'*'),(19,'00','00',0,0,0.2,'',2,'*'),(20,'18','18',0,0,0.2,'',1,'*'),(21,'301','301',0,0,0.3,'',1,'*'),(22,'an','an',0,0,0.1333,'A500',1,'*'),(23,'autonomer','autonomer',0,0,0.6,'A356',1,'*'),(24,'beschftigt','beschftigt',0,0,0.7333,'B21323',1,'*'),(25,'campus','campus',0,0,0.4,'C512',2,'*'),(26,'de','de',0,0,0.1333,'D000',2,'*'),(27,'der','der',0,0,0.2,'D600',2,'*'),(28,'entwicklung','entwicklung',0,0,0.7333,'E532452',1,'*'),(29,'jeden','jeden',0,0,0.3333,'J350',2,'*'),(30,'kontakt','kontakt',0,0,0.4667,'K5323',2,'*'),(31,'mit','mit',0,0,0.2,'M300',1,'*'),(32,'mittwoch','mittwoch',0,0,0.5333,'M320',1,'*'),(33,'nimmt','nimmt',0,0,0.3333,'N300',1,'*'),(34,'raum','raum',0,0,0.2667,'R500',2,'*'),(35,'regelmig','regelmig',0,0,0.6667,'R2452',1,'*'),(36,'roboter','roboter',0,0,0.4667,'R136',1,'*'),(37,'sich','sich',0,0,0.2667,'S000',1,'*'),(38,'technikgebude','technikgebude',0,0,0.9333,'T25213',1,'*'),(39,'teil','teil',0,0,0.2667,'T400',1,'*'),(40,'treffen','treffen',0,0,0.4667,'T615',2,'*'),(41,'uhr','uhr',0,0,0.2,'U600',2,'*'),(42,'und','und',0,0,0.2,'U530',2,'*'),(43,'wettbewerben','wettbewerben',0,0,0.8,'W31615',1,'*'),(44,'1','1',0,0,0.1,'',1,'*'),(48,'19','19',0,0,0.2,'',1,'*'),(49,'auf','auf',0,0,0.2,'A100',1,'*'),(50,'aula','aula',0,0,0.2667,'A400',1,'*'),(51,'bietet','bietet',0,0,0.4,'B300',1,'*'),(52,'bringt','bringt',0,0,0.4,'B6523',1,'*'),(53,'bhne','bhne',0,0,0.3333,'B500',1,'*'),(54,'die','die',0,0,0.2,'D000',1,'*'),(55,'donnerstag','donnerstag',0,0,0.6667,'D56232',1,'*'),(56,'ein','ein',0,0,0.2,'E500',1,'*'),(57,'fr','fr',0,0,0.2,'F600',1,'*'),(58,'hauptgebude','hauptgebude',0,0,0.8,'H13213',1,'*'),(59,'jedes','jedes',0,0,0.3333,'J320',1,'*'),(60,'neues','neues',0,0,0.3333,'N200',1,'*'),(61,'regie','regie',0,0,0.3333,'R200',1,'*'),(62,'schauspiel','schauspiel',0,0,0.6667,'S140',1,'*'),(63,'semester','semester',0,0,0.5333,'S5236',1,'*'),(64,'stck','stck',0,0,0.3333,'S320',1,'*'),(65,'workshops','workshops',0,0,0.6,'W6212',1,'*'),(66,'2','2',0,0,0.1,'',1,'*');
/*!40000 ALTER TABLE `lcoa2_finder_terms` ENABLE KEYS */;
UNLOCK TABLES;

--
-- Table structure for table `lcoa2_finder_terms_common`
--

DROP TABLE IF EXISTS `lcoa2_finder_terms_common`;
/*!40101 SET @saved_cs_client     = @@character_set_client */;
/*!50503 SET character_set_client = utf8mb4 */;
CREATE TABLE `lcoa2_finder_terms_common` (
  `term` varchar(75) CHARACTER SET utf8mb4 COLLATE utf8mb4_bin NOT NULL DEFAULT '',
  `language` char(7) CHARACTER SET utf8mb4 COLLATE utf8mb4_unicode_ci NOT NULL DEFAULT '',
  `custom` int NOT NULL DEFAULT '0',
  UNIQUE KEY `idx_term_language` (`term`,`language`),
  KEY `idx_lang` (`language`)
) ENGINE=InnoDB DEFAULT CHARSET=utf8mb4 COLLATE=utf8mb4_unicode_ci;
/*!40101 SET character_set_client = @saved_cs_client */;

--
-- Dumping data for table `lcoa2_finder_terms_common`
--

LOCK TABLES `lcoa2_finder_terms_common` WRITE;
/*!40000 ALTER TABLE `lcoa2_finder_terms_common` DISABLE KEYS */;
INSERT INTO `lcoa2_finder_terms_common` VALUES ('a','en',0),('about','en',0),('above','en',0),('after','en',0),('again','en',0),('against','en',0),('all','en',0),('am','en',0),('an','en',0),('and','en',0),('any','en',0),('are','en',0),('aren\'t','en',0),('as','en',0),('at','en',0),('be','en',0),('because','en',0),('been','en',0),('before','en',0),('being','en',0),('below','en',0),('between','en',0),('both','en',0),('but','en',0),('by','en',0),('can\'t','en',0),('cannot','en',0),('could','en',0),('couldn\'t','en',0),('did','en',0),('didn\'t','en',0),('do','en',0),('does','en',0),('doesn\'t','en',0),('doing','en',0),('don\'t','en',0),('down','en',0),('during','en',0),('each','en',0),('few','en',0),('for','en',0),('from','en',0),('further','en',0),('had','en',0),('hadn\'t','en',0),('has','en',0),('hasn\'t','en',0),('have','en',0),('haven\'t','en',0),('having','en',0),('he','en',0),('he\'d','en',0),('he\'ll','en',0),('he\'s','en',0),('her','en',0),('here','en',0),('here\'s','en',0),('hers','en',0),('herself','en',0),('him','en',0),('himself','en',0),('his','en',0),('how','en',0),('how\'s','en',0),('i','en',0),('i\'d','en',0),('i\'ll','en',0),('i\'m','en',0),('i\'ve','en',0),('if','en',0),('in','en',0),('into','en',0),('is','en',0),('isn\'t','en',0),('it','en',0),('it\'s','en',0),('its','en',0),('itself','en',0),('let\'s','en',0),('me','en',0),('more','en',0),('most','en',0),('mustn\'t','en',0),('my','en',0),('myself','en',0),('no','en',0),('nor','en',0),('not','en',0),('of','en',0),('off','en',0),('on','en',0),('once','en',0),('only','en',0),('or','en',0),('other','en',0),('ought','en',0),('our','en',0),('ours','en',0),('ourselves','en',0),('out','en',0),('over','en',0),('own','en',0),('same','en',0),('shan\'t','en',0),('she','en',0),('she\'d','en',0),('she\'ll','en',0),('she\'s','en',0),('should','en',0),('shouldn\'t','en',0),('so','en',0),('some','en',0),('such','en',0),('than','en',0),('that','en',0),('that\'s','en',0),('the','en',0),('their','en',0),('theirs','en',0),('them','en',0),('themselves','en',0),('then','en',0),('there','en',0),('there\'s','en',0),('these','en',0),('they','en',0),('they\'d','en',0),('they\'ll','en',0),('they\'re','en',0),('they\'ve','en',0),('this','en',0),('those','en',0),('through','en',0),('to','en',0),('too','en',0),('under','en',0),('until','en',0),('up','en',0),('very','en',0),('was','en',0),('wasn\'t','en',0),('we','en',0),('we\'d','en',0),('we\'ll','en',0),('we\'re','en',0),('we\'ve','en',0),('were','en',0),('weren\'t','en',0),('what','en',0),('what\'s','en',0),('when','en',0),('when\'s','en',0),('where','en',0),('where\'s','en',0),('which','en',0),('while','en',0),('who','en',0),('who\'s','en',0),('whom','en',0),('why','en',0),('why\'s','en',0),('with','en',0),('won\'t','en',0),('would','en',0),('wouldn\'t','en',0),('you','en',0),('you\'d','en',0),('you\'ll','en',0),('you\'re','en',0),('you\'ve','en',0),('your','en',0),('yours','en',0),('yourself','en',0),('yourselves','en',0);
/*!40000 ALTER TABLE `lcoa2_finder_terms_common` ENABLE KEYS */;
UNLOCK TABLES;

--
-- Table structure for table `lcoa2_finder_tokens`
--

DROP TABLE IF EXISTS `lcoa2_finder_tokens`;
/*!40101 SET @saved_cs_client     = @@character_set_client */;
/*!50503 SET character_set_client = utf8mb4 */;
CREATE TABLE `lcoa2_finder_tokens` (
  `term` varchar(75) CHARACTER SET utf8mb4 COLLATE utf8mb4_bin NOT NULL,
  `stem` varchar(75) CHARACTER SET utf8mb4 COLLATE utf8mb4_bin NOT NULL DEFAULT '',
  `common` tinyint unsigned NOT NULL DEFAULT '0',
  `phrase` tinyint unsigned NOT NULL DEFAULT '0',
  `weight` float unsigned NOT NULL DEFAULT '1',
  `context` tinyint unsigned NOT NULL DEFAULT '2',
  `language` char(7) CHARACTER SET utf8mb4 COLLATE utf8mb4_unicode_ci NOT NULL DEFAULT '',
  KEY `idx_word` (`term`),
  KEY `idx_stem` (`stem`),
  KEY `idx_context` (`context`),
  KEY `idx_language` (`language`)
) ENGINE=MEMORY DEFAULT CHARSET=utf8mb4 COLLATE=utf8mb4_unicode_ci;
/*!40101 SET character_set_client = @saved_cs_client */;

--
-- Dumping data for table `lcoa2_finder_tokens`
--

LOCK TABLES `lcoa2_finder_tokens` WRITE;
/*!40000 ALTER TABLE `lcoa2_finder_tokens` DISABLE KEYS */;
/*!40000 ALTER TABLE `lcoa2_finder_tokens` ENABLE KEYS */;
UNLOCK TABLES;

--
-- Table structure for table `lcoa2_finder_tokens_aggregate`
--

DROP TABLE IF EXISTS `lcoa2_finder_tokens_aggregate`;
/*!40101 SET @saved_cs_client     = @@character_set_client */;
/*!50503 SET character_set_client = utf8mb4 */;
CREATE TABLE `lcoa2_finder_tokens_aggregate` (
  `term_id` int unsigned NOT NULL,
  `term` varchar(75) CHARACTER SET utf8mb4 COLLATE utf8mb4_bin NOT NULL,
  `stem` varchar(75) CHARACTER SET utf8mb4 COLLATE utf8mb4_bin NOT NULL DEFAULT '',
  `common` tinyint unsigned NOT NULL DEFAULT '0',
  `phrase` tinyint unsigned NOT NULL DEFAULT '0',
  `term_weight` float unsigned NOT NULL DEFAULT '0',
  `context` tinyint unsigned NOT NULL DEFAULT '2',
  `context_weight` float unsigned NOT NULL DEFAULT '0',
  `total_weight` float unsigned NOT NULL DEFAULT '0',
  `language` char(7) CHARACTER SET utf8mb4 COLLATE utf8mb4_unicode_ci NOT NULL DEFAULT '',
  KEY `token` (`term`),
  KEY `keyword_id` (`term_id`)
) ENGINE=MEMORY DEFAULT CHARSET=utf8mb4 COLLATE=utf8mb4_unicode_ci;
/*!40101 SET character_set_client = @saved_cs_client */;

--
-- Dumping data for table `lcoa2_finder_tokens_aggregate`
--

LOCK TABLES `lcoa2_finder_tokens_aggregate` WRITE;
/*!40000 ALTER TABLE `lcoa2_finder_tokens_aggregate` DISABLE KEYS */;
/*!40000 ALTER TABLE `lcoa2_finder_tokens_aggregate` ENABLE KEYS */;
UNLOCK TABLES;

--
-- Table structure for table `lcoa2_finder_types`
--

DROP TABLE IF EXISTS `lcoa2_finder_types`;
/*!40101 SET @saved_cs_client     = @@character_set_client */;
/*!50503 SET character_set_client = utf8mb4 */;
CREATE TABLE `lcoa2_finder_types` (
  `id` int unsigned NOT NULL AUTO_INCREMENT,
  `title` varchar(100) CHARACTER SET utf8mb4 COLLATE utf8mb4_unicode_ci NOT NULL,
  `mime` varchar(100) CHARACTER SET utf8mb4 COLLATE utf8mb4_unicode_ci NOT NULL DEFAULT '',
  PRIMARY KEY (`id`),
  UNIQUE KEY `title` (`title`)
) ENGINE=InnoDB AUTO_INCREMENT=6 DEFAULT CHARSET=utf8mb4 COLLATE=utf8mb4_unicode_ci;
/*!40101 SET character_set_client = @saved_cs_client */;

--
-- Dumping data for table `lcoa2_finder_types`
--

LOCK TABLES `lcoa2_finder_types` WRITE;
/*!40000 ALTER TABLE `lcoa2_finder_types` DISABLE KEYS */;
INSERT INTO `lcoa2_finder_types` VALUES (1,'Category',''),(2,'Contact',''),(3,'Article',''),(4,'News Feed',''),(5,'Tag','');
/*!40000 ALTER TABLE `lcoa2_finder_types` ENABLE KEYS */;
UNLOCK TABLES;

--
-- Table structure for table `lcoa2_guidedtour_steps`
--

DROP TABLE IF EXISTS `lcoa2_guidedtour_steps`;
/*!40101 SET @saved_cs_client     = @@character_set_client */;
/*!50503 SET character_set_client = utf8mb4 */;
CREATE TABLE `lcoa2_guidedtour_steps` (
  `id` int NOT NULL AUTO_INCREMENT,
  `tour_id` int NOT NULL DEFAULT '0',
  `title` varchar(255) CHARACTER SET utf8mb4 COLLATE utf8mb4_unicode_ci NOT NULL,
  `published` tinyint NOT NULL DEFAULT '0',
  `description` text CHARACTER SET utf8mb4 COLLATE utf8mb4_unicode_ci NOT NULL,
  `ordering` int NOT NULL DEFAULT '0',
  `position` varchar(255) CHARACTER SET utf8mb4 COLLATE utf8mb4_unicode_ci NOT NULL,
  `target` varchar(255) CHARACTER SET utf8mb4 COLLATE utf8mb4_unicode_ci NOT NULL,
  `type` int NOT NULL,
  `interactive_type` int NOT NULL DEFAULT '1',
  `url` varchar(255) CHARACTER SET utf8mb4 COLLATE utf8mb4_unicode_ci NOT NULL,
  `created` datetime NOT NULL,
  `created_by` int unsigned NOT NULL DEFAULT '0',
  `modified` datetime NOT NULL,
  `modified_by` int unsigned NOT NULL DEFAULT '0',
  `checked_out_time` datetime DEFAULT NULL,
  `checked_out` int unsigned DEFAULT NULL,
  `language` varchar(7) CHARACTER SET utf8mb4 COLLATE utf8mb4_unicode_ci NOT NULL,
  `note` varchar(255) CHARACTER SET utf8mb4 COLLATE utf8mb4_unicode_ci NOT NULL DEFAULT '',
  `params` text CHARACTER SET utf8mb4 COLLATE utf8mb4_unicode_ci,
  PRIMARY KEY (`id`),
  KEY `idx_tour` (`tour_id`),
  KEY `idx_state` (`published`),
  KEY `idx_language` (`language`)
) ENGINE=InnoDB AUTO_INCREMENT=118 DEFAULT CHARSET=utf8mb4 COLLATE=utf8mb4_unicode_ci;
/*!40101 SET character_set_client = @saved_cs_client */;

--
-- Dumping data for table `lcoa2_guidedtour_steps`
--

LOCK TABLES `lcoa2_guidedtour_steps` WRITE;
/*!40000 ALTER TABLE `lcoa2_guidedtour_steps` DISABLE KEYS */;
INSERT INTO `lcoa2_guidedtour_steps` VALUES (1,1,'COM_GUIDEDTOURS_TOUR_GUIDEDTOURS_STEP_NEW_TITLE',1,'COM_GUIDEDTOURS_TOUR_GUIDEDTOURS_STEP_NEW_DESCRIPTION',1,'bottom','.button-new',2,1,'administrator/index.php?option=com_guidedtours&view=tours','2026-01-26 07:54:09',81,'2026-01-26 07:54:09',81,NULL,NULL,'*','',NULL),(2,1,'COM_GUIDEDTOURS_TOUR_GUIDEDTOURS_STEP_TITLE_TITLE',1,'COM_GUIDEDTOURS_TOUR_GUIDEDTOURS_STEP_TITLE_DESCRIPTION',2,'bottom','#jform_title',2,2,'administrator/index.php?option=com_guidedtours&view=tour&layout=edit','2026-01-26 07:54:09',81,'2026-01-26 07:54:09',81,NULL,NULL,'*','',NULL),(3,1,'COM_GUIDEDTOURS_TOUR_GUIDEDTOURS_STEP_URL_TITLE',1,'COM_GUIDEDTOURS_TOUR_GUIDEDTOURS_STEP_URL_DESCRIPTION',3,'top','#jform_url',2,2,'administrator/index.php?option=com_guidedtours&view=tour&layout=edit','2026-01-26 07:54:09',81,'2026-01-26 07:54:09',81,NULL,NULL,'*','',NULL),(4,1,'COM_GUIDEDTOURS_TOUR_GUIDEDTOURS_STEP_CONTENT_TITLE',1,'COM_GUIDEDTOURS_TOUR_GUIDEDTOURS_STEP_CONTENT_DESCRIPTION',4,'bottom','#jform_description,#jform_description_ifr',2,3,'administrator/index.php?option=com_guidedtours&view=tour&layout=edit','2026-01-26 07:54:09',81,'2026-01-26 07:54:09',81,NULL,NULL,'*','',NULL),(5,1,'COM_GUIDEDTOURS_TOUR_GUIDEDTOURS_STEP_COMPONENT_TITLE',1,'COM_GUIDEDTOURS_TOUR_GUIDEDTOURS_STEP_COMPONENT_DESCRIPTION',5,'top','joomla-field-fancy-select .choices',2,3,'administrator/index.php?option=com_guidedtours&view=tour&layout=edit','2026-01-26 07:54:09',81,'2026-01-26 07:54:09',81,NULL,NULL,'*','',NULL),(6,1,'COM_GUIDEDTOURS_TOUR_GUIDEDTOURS_STEP_AUTOSTART_TITLE',1,'COM_GUIDEDTOURS_TOUR_GUIDEDTOURS_STEP_AUTOSTART_DESCRIPTION',6,'bottom','#jform_autostart0',2,3,'','2026-01-26 07:54:09',81,'2026-01-26 07:54:09',81,NULL,NULL,'*','',NULL),(7,1,'COM_GUIDEDTOURS_TOUR_GUIDEDTOURS_STEP_SAVECLOSE_TITLE',1,'COM_GUIDEDTOURS_TOUR_GUIDEDTOURS_STEP_SAVECLOSE_DESCRIPTION',7,'top','#save-group-children-save .button-save',2,1,'administrator/index.php?option=com_guidedtours&view=tour&layout=edit','2026-01-26 07:54:09',81,'2026-01-26 07:54:09',81,NULL,NULL,'*','',NULL),(8,1,'COM_GUIDEDTOURS_TOUR_GUIDEDTOURS_STEP_CONGRATULATIONS_TITLE',1,'COM_GUIDEDTOURS_TOUR_GUIDEDTOURS_STEP_CONGRATULATIONS_DESCRIPTION',8,'bottom','',0,1,'administrator/index.php?option=com_guidedtours&view=tour&layout=edit','2026-01-26 07:54:09',81,'2026-01-26 07:54:09',81,NULL,NULL,'*','',NULL),(9,2,'COM_GUIDEDTOURS_TOUR_GUIDEDTOURSTEPS_STEP_COUNTER_TITLE',1,'COM_GUIDEDTOURS_TOUR_GUIDEDTOURSTEPS_STEP_COUNTER_DESCRIPTION',9,'top','#toursList tbody tr:nth-last-of-type(1) td:nth-of-type(5) .btn',2,1,'','2026-01-26 07:54:09',81,'2026-01-26 07:54:09',81,NULL,NULL,'*','',NULL),(10,2,'COM_GUIDEDTOURS_TOUR_GUIDEDTOURSTEPS_STEP_NEW_TITLE',1,'COM_GUIDEDTOURS_TOUR_GUIDEDTOURSTEPS_STEP_NEW_DESCRIPTION',10,'bottom','.button-new',2,1,'','2026-01-26 07:54:09',81,'2026-01-26 07:54:09',81,NULL,NULL,'*','',NULL),(11,2,'COM_GUIDEDTOURS_TOUR_GUIDEDTOURSTEPS_STEP_TITLE_TITLE',1,'COM_GUIDEDTOURS_TOUR_GUIDEDTOURSTEPS_STEP_TITLE_DESCRIPTION',11,'bottom','#jform_title',2,2,'','2026-01-26 07:54:09',81,'2026-01-26 07:54:09',81,NULL,NULL,'*','',NULL),(12,2,'COM_GUIDEDTOURS_TOUR_GUIDEDTOURSTEPS_STEP_DESCRIPTION_TITLE',1,'COM_GUIDEDTOURS_TOUR_GUIDEDTOURSTEPS_STEP_DESCRIPTION_DESCRIPTION',12,'bottom','#jform_description,#jform_description_ifr',2,3,'','2026-01-26 07:54:09',81,'2026-01-26 07:54:09',81,NULL,NULL,'*','',NULL),(13,2,'COM_GUIDEDTOURS_TOUR_GUIDEDTOURSTEPS_STEP_STATUS_TITLE',1,'COM_GUIDEDTOURS_TOUR_GUIDEDTOURSTEPS_STEP_STATUS_DESCRIPTION',13,'bottom','#jform_published',2,3,'','2026-01-26 07:54:09',81,'2026-01-26 07:54:09',81,NULL,NULL,'*','',NULL),(14,2,'COM_GUIDEDTOURS_TOUR_GUIDEDTOURSTEPS_STEP_POSITION_TITLE',1,'COM_GUIDEDTOURS_TOUR_GUIDEDTOURSTEPS_STEP_POSITION_DESCRIPTION',14,'top','#jform_position',2,3,'','2026-01-26 07:54:09',81,'2026-01-26 07:54:09',81,NULL,NULL,'*','',NULL),(15,2,'COM_GUIDEDTOURS_TOUR_GUIDEDTOURSTEPS_STEP_TARGET_TITLE',1,'COM_GUIDEDTOURS_TOUR_GUIDEDTOURSTEPS_STEP_TARGET_DESCRIPTION',15,'top','#jform_target',2,3,'','2026-01-26 07:54:09',81,'2026-01-26 07:54:09',81,NULL,NULL,'*','',NULL),(16,2,'COM_GUIDEDTOURS_TOUR_GUIDEDTOURSTEPS_STEP_TYPE_TITLE',1,'COM_GUIDEDTOURS_TOUR_GUIDEDTOURSTEPS_STEP_TYPE_DESCRIPTION',16,'top','#jform_type',2,3,'','2026-01-26 07:54:09',81,'2026-01-26 07:54:09',81,NULL,NULL,'*','',NULL),(17,2,'COM_GUIDEDTOURS_TOUR_GUIDEDTOURSTEPS_STEP_SAVECLOSE_TITLE',1,'COM_GUIDEDTOURS_TOUR_GUIDEDTOURSTEPS_STEP_SAVECLOSE_DESCRIPTION',17,'bottom','#save-group-children-save .button-save',2,1,'','2026-01-26 07:54:09',81,'2026-01-26 07:54:09',81,NULL,NULL,'*','',NULL),(18,2,'COM_GUIDEDTOURS_TOUR_GUIDEDTOURSTEPS_STEP_CONGRATULATIONS_TITLE',1,'COM_GUIDEDTOURS_TOUR_GUIDEDTOURSTEPS_STEP_CONGRATULATIONS_DESCRIPTION',18,'bottom','',0,1,'','2026-01-26 07:54:09',81,'2026-01-26 07:54:09',81,NULL,NULL,'*','',NULL),(19,3,'COM_GUIDEDTOURS_TOUR_ARTICLES_STEP_NEW_TITLE',1,'COM_GUIDEDTOURS_TOUR_ARTICLES_STEP_NEW_DESCRIPTION',19,'bottom','.button-new',2,1,'administrator/index.php?option=com_content&view=articles','2026-01-26 07:54:09',81,'2026-01-26 07:54:09',81,NULL,NULL,'*','',NULL),(20,3,'COM_GUIDEDTOURS_TOUR_ARTICLES_STEP_TITLE_TITLE',1,'COM_GUIDEDTOURS_TOUR_ARTICLES_STEP_TITLE_DESCRIPTION',20,'bottom','#jform_title',2,2,'administrator/index.php?option=com_content&view=article&layout=edit','2026-01-26 07:54:09',81,'2026-01-26 07:54:09',81,NULL,NULL,'*','',NULL),(21,3,'COM_GUIDEDTOURS_TOUR_ARTICLES_STEP_ALIAS_TITLE',1,'COM_GUIDEDTOURS_TOUR_ARTICLES_STEP_ALIAS_DESCRIPTION',21,'bottom','#jform_alias',2,2,'administrator/index.php?option=com_content&view=article&layout=edit','2026-01-26 07:54:09',81,'2026-01-26 07:54:09',81,NULL,NULL,'*','',NULL),(22,3,'COM_GUIDEDTOURS_TOUR_ARTICLES_STEP_CONTENT_TITLE',1,'COM_GUIDEDTOURS_TOUR_ARTICLES_STEP_CONTENT_DESCRIPTION',22,'bottom','#jform_articletext,#jform_articletext_ifr',2,3,'administrator/index.php?option=com_content&view=article&layout=edit','2026-01-26 07:54:09',81,'2026-01-26 07:54:09',81,NULL,NULL,'*','',NULL),(23,3,'COM_GUIDEDTOURS_TOUR_ARTICLES_STEP_STATUS_TITLE',1,'COM_GUIDEDTOURS_TOUR_ARTICLES_STEP_STATUS_DESCRIPTION',23,'bottom','#jform_state',2,3,'administrator/index.php?option=com_content&view=article&layout=edit','2026-01-26 07:54:09',81,'2026-01-26 07:54:09',81,NULL,NULL,'*','',NULL),(24,3,'COM_GUIDEDTOURS_TOUR_ARTICLES_STEP_CATEGORY_TITLE',1,'COM_GUIDEDTOURS_TOUR_ARTICLES_STEP_CATEGORY_DESCRIPTION',24,'top','joomla-field-fancy-select .choices[data-type=select-one]',2,3,'administrator/index.php?option=com_content&view=article&layout=edit','2026-01-26 07:54:09',81,'2026-01-26 07:54:09',81,NULL,NULL,'*','',NULL),(25,3,'COM_GUIDEDTOURS_TOUR_ARTICLES_STEP_FEATURED_TITLE',1,'COM_GUIDEDTOURS_TOUR_ARTICLES_STEP_FEATURED_DESCRIPTION',25,'bottom','#jform_featured0',2,3,'administrator/index.php?option=com_content&view=article&layout=edit','2026-01-26 07:54:09',81,'2026-01-26 07:54:09',81,NULL,NULL,'*','',NULL),(26,3,'COM_GUIDEDTOURS_TOUR_ARTICLES_STEP_ACCESS_TITLE',1,'COM_GUIDEDTOURS_TOUR_ARTICLES_STEP_ACCESS_DESCRIPTION',26,'bottom','#jform_access',2,3,'administrator/index.php?option=com_content&view=article&layout=edit','2026-01-26 07:54:09',81,'2026-01-26 07:54:09',81,NULL,NULL,'*','',NULL),(27,3,'COM_GUIDEDTOURS_TOUR_ARTICLES_STEP_TAGS_TITLE',1,'COM_GUIDEDTOURS_TOUR_ARTICLES_STEP_TAGS_DESCRIPTION',27,'top','joomla-field-fancy-select .choices[data-type=select-multiple]',2,3,'administrator/index.php?option=com_content&view=article&layout=edit','2026-01-26 07:54:09',81,'2026-01-26 07:54:09',81,NULL,NULL,'*','',NULL),(28,3,'COM_GUIDEDTOURS_TOUR_ARTICLES_STEP_NOTE_TITLE',1,'COM_GUIDEDTOURS_TOUR_ARTICLES_STEP_NOTE_DESCRIPTION',28,'top','#jform_note',2,2,'administrator/index.php?option=com_content&view=article&layout=edit','2026-01-26 07:54:09',81,'2026-01-26 07:54:09',81,NULL,NULL,'*','',NULL),(29,3,'COM_GUIDEDTOURS_TOUR_ARTICLES_STEP_VERSIONNOTE_TITLE',1,'COM_GUIDEDTOURS_TOUR_ARTICLES_STEP_VERSIONNOTE_DESCRIPTION',29,'top','#jform_version_note',2,2,'administrator/index.php?option=com_content&view=article&layout=edit','2026-01-26 07:54:09',81,'2026-01-26 07:54:09',81,NULL,NULL,'*','',NULL),(30,3,'COM_GUIDEDTOURS_TOUR_ARTICLES_STEP_SAVECLOSE_TITLE',1,'COM_GUIDEDTOURS_TOUR_ARTICLES_STEP_SAVECLOSE_DESCRIPTION',30,'bottom','#save-group-children-save .button-save',2,1,'administrator/index.php?option=com_content&view=article&layout=edit','2026-01-26 07:54:09',81,'2026-01-26 07:54:09',81,NULL,NULL,'*','',NULL),(31,3,'COM_GUIDEDTOURS_TOUR_ARTICLES_STEP_CONGRATULATIONS_TITLE',1,'COM_GUIDEDTOURS_TOUR_ARTICLES_STEP_CONGRATULATIONS_DESCRIPTION',31,'bottom','',0,1,'administrator/index.php?option=com_content&view=article&layout=edit','2026-01-26 07:54:09',81,'2026-01-26 07:54:09',81,NULL,NULL,'*','',NULL),(32,4,'COM_GUIDEDTOURS_TOUR_CATEGORIES_STEP_NEW_TITLE',1,'COM_GUIDEDTOURS_TOUR_CATEGORIES_STEP_NEW_DESCRIPTION',32,'bottom','.button-new',2,1,'administrator/index.php?option=com_categories&view=categories&extension=com_content','2026-01-26 07:54:09',81,'2026-01-26 07:54:09',81,NULL,NULL,'*','',NULL),(33,4,'COM_GUIDEDTOURS_TOUR_CATEGORIES_STEP_TITLE_TITLE',1,'COM_GUIDEDTOURS_TOUR_CATEGORIES_STEP_TITLE_DESCRIPTION',33,'bottom','#jform_title',2,2,'administrator/index.php?option=com_categories&view=category&layout=edit&extension=com_content','2026-01-26 07:54:09',81,'2026-01-26 07:54:09',81,NULL,NULL,'*','',NULL),(34,4,'COM_GUIDEDTOURS_TOUR_CATEGORIES_STEP_ALIAS_TITLE',1,'COM_GUIDEDTOURS_TOUR_CATEGORIES_STEP_ALIAS_DESCRIPTION',34,'bottom','#jform_alias',2,2,'administrator/index.php?option=com_categories&view=category&layout=edit&extension=com_content','2026-01-26 07:54:09',81,'2026-01-26 07:54:09',81,NULL,NULL,'*','',NULL),(35,4,'COM_GUIDEDTOURS_TOUR_CATEGORIES_STEP_CONTENT_TITLE',1,'COM_GUIDEDTOURS_TOUR_CATEGORIES_STEP_CONTENT_DESCRIPTION',35,'bottom','#jform_description,#jform_description_ifr',2,3,'administrator/index.php?option=com_categories&view=category&layout=edit&extension=com_content','2026-01-26 07:54:09',81,'2026-01-26 07:54:09',81,NULL,NULL,'*','',NULL),(36,4,'COM_GUIDEDTOURS_TOUR_CATEGORIES_STEP_PARENT_TITLE',1,'COM_GUIDEDTOURS_TOUR_CATEGORIES_STEP_PARENT_DESCRIPTION',36,'top','joomla-field-fancy-select .choices[data-type=select-one]',2,3,'administrator/index.php?option=com_categories&view=category&layout=edit&extension=com_content','2026-01-26 07:54:09',81,'2026-01-26 07:54:09',81,NULL,NULL,'*','',NULL),(37,4,'COM_GUIDEDTOURS_TOUR_CATEGORIES_STEP_STATUS_TITLE',1,'COM_GUIDEDTOURS_TOUR_CATEGORIES_STEP_STATUS_DESCRIPTION',37,'bottom','#jform_published',2,3,'administrator/index.php?option=com_categories&view=category&layout=edit&extension=com_content','2026-01-26 07:54:09',81,'2026-01-26 07:54:09',81,NULL,NULL,'*','',NULL),(38,4,'COM_GUIDEDTOURS_TOUR_CATEGORIES_STEP_ACCESS_TITLE',1,'COM_GUIDEDTOURS_TOUR_CATEGORIES_STEP_ACCESS_DESCRIPTION',38,'bottom','#jform_access',2,3,'administrator/index.php?option=com_categories&view=category&layout=edit&extension=com_content','2026-01-26 07:54:09',81,'2026-01-26 07:54:09',81,NULL,NULL,'*','',NULL),(39,4,'COM_GUIDEDTOURS_TOUR_CATEGORIES_STEP_TAGS_TITLE',1,'COM_GUIDEDTOURS_TOUR_CATEGORIES_STEP_TAGS_DESCRIPTION',39,'top','joomla-field-fancy-select .choices[data-type=select-multiple]',2,3,'administrator/index.php?option=com_categories&view=category&layout=edit&extension=com_content','2026-01-26 07:54:09',81,'2026-01-26 07:54:09',81,NULL,NULL,'*','',NULL),(40,4,'COM_GUIDEDTOURS_TOUR_CATEGORIES_STEP_NOTE_TITLE',1,'COM_GUIDEDTOURS_TOUR_CATEGORIES_STEP_NOTE_DESCRIPTION',40,'top','#jform_note',2,2,'administrator/index.php?option=com_categories&view=category&layout=edit&extension=com_content','2026-01-26 07:54:09',81,'2026-01-26 07:54:09',81,NULL,NULL,'*','',NULL),(41,4,'COM_GUIDEDTOURS_TOUR_CATEGORIES_STEP_VERSIONNOTE_TITLE',1,'COM_GUIDEDTOURS_TOUR_CATEGORIES_STEP_VERSIONNOTE_DESCRIPTION',41,'top','#jform_version_note',2,2,'administrator/index.php?option=com_categories&view=category&layout=edit&extension=com_content','2026-01-26 07:54:09',81,'2026-01-26 07:54:09',81,NULL,NULL,'*','',NULL),(42,4,'COM_GUIDEDTOURS_TOUR_CATEGORIES_STEP_SAVECLOSE_TITLE',1,'COM_GUIDEDTOURS_TOUR_CATEGORIES_STEP_SAVECLOSE_DESCRIPTION',42,'bottom','#save-group-children-save .button-save',2,1,'administrator/index.php?option=com_categories&view=category&layout=edit&extension=com_content','2026-01-26 07:54:09',81,'2026-01-26 07:54:09',81,NULL,NULL,'*','',NULL),(43,4,'COM_GUIDEDTOURS_TOUR_CATEGORIES_STEP_CONGRATULATIONS_TITLE',1,'COM_GUIDEDTOURS_TOUR_CATEGORIES_STEP_CONGRATULATIONS_DESCRIPTION',43,'bottom','',0,1,'administrator/index.php?option=com_categories&view=category&layout=edit&extension=com_content','2026-01-26 07:54:09',81,'2026-01-26 07:54:09',81,NULL,NULL,'*','',NULL),(44,5,'COM_GUIDEDTOURS_TOUR_MENUS_STEP_NEW_TITLE',1,'COM_GUIDEDTOURS_TOUR_MENUS_STEP_NEW_DESCRIPTION',44,'bottom','.button-new',2,1,'administrator/index.php?option=com_menus&view=menus','2026-01-26 07:54:09',81,'2026-01-26 07:54:09',81,NULL,NULL,'*','',NULL),(45,5,'COM_GUIDEDTOURS_TOUR_MENUS_STEP_TITLE_TITLE',1,'COM_GUIDEDTOURS_TOUR_MENUS_STEP_TITLE_DESCRIPTION',45,'bottom','#jform_title',2,2,'administrator/index.php?option=com_menus&view=menu&layout=edit','2026-01-26 07:54:09',81,'2026-01-26 07:54:09',81,NULL,NULL,'*','',NULL),(46,5,'COM_GUIDEDTOURS_TOUR_MENUS_STEP_UNIQUENAME_TITLE',1,'COM_GUIDEDTOURS_TOUR_MENUS_STEP_UNIQUENAME_DESCRIPTION',46,'top','#jform_menutype',2,2,'administrator/index.php?option=com_menus&view=menu&layout=edit','2026-01-26 07:54:09',81,'2026-01-26 07:54:09',81,NULL,NULL,'*','',NULL),(47,5,'COM_GUIDEDTOURS_TOUR_MENUS_STEP_DESCRIPTION_TITLE',1,'COM_GUIDEDTOURS_TOUR_MENUS_STEP_DESCRIPTION_DESCRIPTION',47,'top','#jform_menudescription',2,2,'administrator/index.php?option=com_menus&view=menu&layout=edit','2026-01-26 07:54:09',81,'2026-01-26 07:54:09',81,NULL,NULL,'*','',NULL),(48,5,'COM_GUIDEDTOURS_TOUR_MENUS_STEP_SAVECLOSE_TITLE',1,'COM_GUIDEDTOURS_TOUR_MENUS_STEP_SAVECLOSE_DESCRIPTION',48,'bottom','#save-group-children-save .button-save',2,1,'administrator/index.php?option=com_menus&view=menu&layout=edit','2026-01-26 07:54:09',81,'2026-01-26 07:54:09',81,NULL,NULL,'*','',NULL),(49,5,'COM_GUIDEDTOURS_TOUR_MENUS_STEP_CONGRATULATIONS_TITLE',1,'COM_GUIDEDTOURS_TOUR_MENUS_STEP_CONGRATULATIONS_DESCRIPTION',49,'bottom','',0,1,'administrator/index.php?option=com_menus&view=menu&layout=edit','2026-01-26 07:54:09',81,'2026-01-26 07:54:09',81,NULL,NULL,'*','',NULL),(50,6,'COM_GUIDEDTOURS_TOUR_TAGS_STEP_NEW_TITLE',1,'COM_GUIDEDTOURS_TOUR_TAGS_STEP_NEW_DESCRIPTION',50,'bottom','.button-new',2,1,'administrator/index.php?option=com_tags&view=tags','2026-01-26 07:54:09',81,'2026-01-26 07:54:09',81,NULL,NULL,'*','',NULL),(51,6,'COM_GUIDEDTOURS_TOUR_TAGS_STEP_TITLE_TITLE',1,'COM_GUIDEDTOURS_TOUR_TAGS_STEP_TITLE_DESCRIPTION',51,'bottom','#jform_title',2,2,'administrator/index.php?option=com_tags&view=tag&layout=edit','2026-01-26 07:54:09',81,'2026-01-26 07:54:09',81,NULL,NULL,'*','',NULL),(52,6,'COM_GUIDEDTOURS_TOUR_TAGS_STEP_ALIAS_TITLE',1,'COM_GUIDEDTOURS_TOUR_TAGS_STEP_ALIAS_DESCRIPTION',52,'bottom','#jform_alias',2,2,'administrator/index.php?option=com_tags&view=tag&layout=edit','2026-01-26 07:54:09',81,'2026-01-26 07:54:09',81,NULL,NULL,'*','',NULL),(53,6,'COM_GUIDEDTOURS_TOUR_TAGS_STEP_CONTENT_TITLE',1,'COM_GUIDEDTOURS_TOUR_TAGS_STEP_CONTENT_DESCRIPTION',53,'bottom','#jform_description,#jform_description_ifr',2,3,'administrator/index.php?option=com_tags&view=tag&layout=edit','2026-01-26 07:54:09',81,'2026-01-26 07:54:09',81,NULL,NULL,'*','',NULL),(54,6,'COM_GUIDEDTOURS_TOUR_TAGS_STEP_PARENT_TITLE',1,'COM_GUIDEDTOURS_TOUR_TAGS_STEP_PARENT_DESCRIPTION',54,'top','joomla-field-fancy-select .choices[data-type=select-one]',2,3,'administrator/index.php?option=com_tags&view=tag&layout=edit','2026-01-26 07:54:09',81,'2026-01-26 07:54:09',81,NULL,NULL,'*','',NULL),(55,6,'COM_GUIDEDTOURS_TOUR_TAGS_STEP_STATUS_TITLE',1,'COM_GUIDEDTOURS_TOUR_TAGS_STEP_STATUS_DESCRIPTION',55,'bottom','#jform_published',2,3,'administrator/index.php?option=com_tags&view=tag&layout=edit','2026-01-26 07:54:09',81,'2026-01-26 07:54:09',81,NULL,NULL,'*','',NULL),(56,6,'COM_GUIDEDTOURS_TOUR_TAGS_STEP_ACCESS_TITLE',1,'COM_GUIDEDTOURS_TOUR_TAGS_STEP_ACCESS_DESCRIPTION',56,'bottom','#jform_access',2,3,'administrator/index.php?option=com_tags&view=tag&layout=edit','2026-01-26 07:54:09',81,'2026-01-26 07:54:09',81,NULL,NULL,'*','',NULL),(57,6,'COM_GUIDEDTOURS_TOUR_TAGS_STEP_NOTE_TITLE',1,'COM_GUIDEDTOURS_TOUR_TAGS_STEP_NOTE_DESCRIPTION',57,'top','#jform_note',2,2,'administrator/index.php?option=com_tags&view=tag&layout=edit','2026-01-26 07:54:09',81,'2026-01-26 07:54:09',81,NULL,NULL,'*','',NULL),(58,6,'COM_GUIDEDTOURS_TOUR_TAGS_STEP_VERSIONNOTE_TITLE',1,'COM_GUIDEDTOURS_TOUR_TAGS_STEP_VERSIONNOTE_DESCRIPTION',58,'top','#jform_version_note',2,2,'administrator/index.php?option=com_tags&view=tag&layout=edit','2026-01-26 07:54:09',81,'2026-01-26 07:54:09',81,NULL,NULL,'*','',NULL),(59,6,'COM_GUIDEDTOURS_TOUR_TAGS_STEP_SAVECLOSE_TITLE',1,'COM_GUIDEDTOURS_TOUR_TAGS_STEP_SAVECLOSE_DESCRIPTION',59,'bottom','#save-group-children-save .button-save',2,1,'administrator/index.php?option=com_tags&view=tag&layout=edit','2026-01-26 07:54:09',81,'2026-01-26 07:54:09',81,NULL,NULL,'*','',NULL),(60,6,'COM_GUIDEDTOURS_TOUR_TAGS_STEP_CONGRATULATIONS_TITLE',1,'COM_GUIDEDTOURS_TOUR_TAGS_STEP_CONGRATULATIONS_DESCRIPTION',60,'bottom','',0,1,'administrator/index.php?option=com_tags&view=tag&layout=edit','2026-01-26 07:54:09',81,'2026-01-26 07:54:09',81,NULL,NULL,'*','',NULL),(61,7,'COM_GUIDEDTOURS_TOUR_BANNERS_STEP_NEW_TITLE',1,'COM_GUIDEDTOURS_TOUR_BANNERS_STEP_NEW_DESCRIPTION',61,'bottom','.button-new',2,1,'administrator/index.php?option=com_banners&view=banners','2026-01-26 07:54:09',81,'2026-01-26 07:54:09',81,NULL,NULL,'*','',NULL),(62,7,'COM_GUIDEDTOURS_TOUR_BANNERS_STEP_TITLE_TITLE',1,'COM_GUIDEDTOURS_TOUR_BANNERS_STEP_TITLE_DESCRIPTION',62,'bottom','#jform_name',2,2,'administrator/index.php?option=com_banners&view=banner&layout=edit','2026-01-26 07:54:09',81,'2026-01-26 07:54:09',81,NULL,NULL,'*','',NULL),(63,7,'COM_GUIDEDTOURS_TOUR_BANNERS_STEP_ALIAS_TITLE',1,'COM_GUIDEDTOURS_TOUR_BANNERS_STEP_ALIAS_DESCRIPTION',63,'bottom','#jform_alias',2,2,'administrator/index.php?option=com_banners&view=banner&layout=edit','2026-01-26 07:54:09',81,'2026-01-26 07:54:09',81,NULL,NULL,'*','',NULL),(64,7,'COM_GUIDEDTOURS_TOUR_BANNERS_STEP_DETAILS_TITLE',1,'COM_GUIDEDTOURS_TOUR_BANNERS_STEP_DETAILS_DESCRIPTION',64,'bottom','.col-lg-9',2,3,'administrator/index.php?option=com_banners&view=banner&layout=edit','2026-01-26 07:54:09',81,'2026-01-26 07:54:09',81,NULL,NULL,'*','',NULL),(65,7,'COM_GUIDEDTOURS_TOUR_BANNERS_STEP_STATUS_TITLE',1,'COM_GUIDEDTOURS_TOUR_BANNERS_STEP_STATUS_DESCRIPTION',65,'bottom','#jform_state',2,3,'administrator/index.php?option=com_banners&view=banner&layout=edit','2026-01-26 07:54:09',81,'2026-01-26 07:54:09',81,NULL,NULL,'*','',NULL),(66,7,'COM_GUIDEDTOURS_TOUR_BANNERS_STEP_CATEGORY_TITLE',1,'COM_GUIDEDTOURS_TOUR_BANNERS_STEP_CATEGORY_DESCRIPTION',66,'top','joomla-field-fancy-select .choices[data-type=select-one]',2,3,'administrator/index.php?option=com_banners&view=banner&layout=edit','2026-01-26 07:54:09',81,'2026-01-26 07:54:09',81,NULL,NULL,'*','',NULL),(67,7,'COM_GUIDEDTOURS_TOUR_BANNERS_STEP_PINNED_TITLE',1,'COM_GUIDEDTOURS_TOUR_BANNERS_STEP_PINNED_DESCRIPTION',67,'bottom','#jform_sticky1',2,3,'administrator/index.php?option=com_banners&view=banner&layout=edit','2026-01-26 07:54:09',81,'2026-01-26 07:54:09',81,NULL,NULL,'*','',NULL),(68,7,'COM_GUIDEDTOURS_TOUR_BANNERS_STEP_VERSIONNOTE_TITLE',1,'COM_GUIDEDTOURS_TOUR_BANNERS_STEP_VERSIONNOTE_DESCRIPTION',68,'top','#jform_version_note',2,2,'administrator/index.php?option=com_banners&view=banner&layout=edit','2026-01-26 07:54:09',81,'2026-01-26 07:54:09',81,NULL,NULL,'*','',NULL),(69,7,'COM_GUIDEDTOURS_TOUR_BANNERS_STEP_SAVECLOSE_TITLE',1,'COM_GUIDEDTOURS_TOUR_BANNERS_STEP_SAVECLOSE_DESCRIPTION',69,'bottom','#save-group-children-save .button-save',2,1,'administrator/index.php?option=com_banners&view=banner&layout=edit','2026-01-26 07:54:09',81,'2026-01-26 07:54:09',81,NULL,NULL,'*','',NULL),(70,7,'COM_GUIDEDTOURS_TOUR_BANNERS_STEP_CONGRATULATIONS_TITLE',1,'COM_GUIDEDTOURS_TOUR_BANNERS_STEP_CONGRATULATIONS_DESCRIPTION',70,'bottom','',0,1,'administrator/index.php?option=com_banners&view=banner&layout=edit','2026-01-26 07:54:09',81,'2026-01-26 07:54:09',81,NULL,NULL,'*','',NULL),(71,8,'COM_GUIDEDTOURS_TOUR_CONTACTS_STEP_NEW_TITLE',1,'COM_GUIDEDTOURS_TOUR_CONTACTS_STEP_NEW_DESCRIPTION',71,'bottom','.button-new',2,1,'administrator/index.php?option=com_contact&view=contacts','2026-01-26 07:54:09',81,'2026-01-26 07:54:09',81,NULL,NULL,'*','',NULL),(72,8,'COM_GUIDEDTOURS_TOUR_CONTACTS_STEP_TITLE_TITLE',1,'COM_GUIDEDTOURS_TOUR_CONTACTS_STEP_TITLE_DESCRIPTION',72,'bottom','#jform_name',2,2,'administrator/index.php?option=com_contact&view=contact&layout=edit','2026-01-26 07:54:09',81,'2026-01-26 07:54:09',81,NULL,NULL,'*','',NULL),(73,8,'COM_GUIDEDTOURS_TOUR_CONTACTS_STEP_ALIAS_TITLE',1,'COM_GUIDEDTOURS_TOUR_CONTACTS_STEP_ALIAS_DESCRIPTION',73,'bottom','#jform_alias',2,2,'administrator/index.php?option=com_contact&view=contact&layout=edit','2026-01-26 07:54:09',81,'2026-01-26 07:54:09',81,NULL,NULL,'*','',NULL),(74,8,'COM_GUIDEDTOURS_TOUR_CONTACTS_STEP_DETAILS_TITLE',1,'COM_GUIDEDTOURS_TOUR_CONTACTS_STEP_DETAILS_DESCRIPTION',74,'bottom','.col-lg-9',0,1,'administrator/index.php?option=com_contact&view=contact&layout=edit','2026-01-26 07:54:09',81,'2026-01-26 07:54:09',81,NULL,NULL,'*','',NULL),(75,8,'COM_GUIDEDTOURS_TOUR_CONTACTS_STEP_STATUS_TITLE',1,'COM_GUIDEDTOURS_TOUR_CONTACTS_STEP_STATUS_DESCRIPTION',75,'bottom','#jform_published',2,3,'administrator/index.php?option=com_contact&view=contact&layout=edit','2026-01-26 07:54:09',81,'2026-01-26 07:54:09',81,NULL,NULL,'*','',NULL),(76,8,'COM_GUIDEDTOURS_TOUR_CONTACTS_STEP_CATEGORY_TITLE',1,'COM_GUIDEDTOURS_TOUR_CONTACTS_STEP_CATEGORY_DESCRIPTION',76,'top','joomla-field-fancy-select .choices[data-type=select-one]',2,3,'administrator/index.php?option=com_contact&view=contact&layout=edit','2026-01-26 07:54:09',81,'2026-01-26 07:54:09',81,NULL,NULL,'*','',NULL),(77,8,'COM_GUIDEDTOURS_TOUR_CONTACTS_STEP_FEATURED_TITLE',1,'COM_GUIDEDTOURS_TOUR_CONTACTS_STEP_FEATURED_DESCRIPTION',77,'bottom','#jform_featured0',2,3,'administrator/index.php?option=com_contact&view=contact&layout=edit','2026-01-26 07:54:09',81,'2026-01-26 07:54:09',81,NULL,NULL,'*','',NULL),(78,8,'COM_GUIDEDTOURS_TOUR_CONTACTS_STEP_ACCESS_TITLE',1,'COM_GUIDEDTOURS_TOUR_CONTACTS_STEP_ACCESS_DESCRIPTION',78,'bottom','#jform_access',2,3,'administrator/index.php?option=com_contact&view=contact&layout=edit','2026-01-26 07:54:09',81,'2026-01-26 07:54:09',81,NULL,NULL,'*','',NULL),(79,8,'COM_GUIDEDTOURS_TOUR_CONTACTS_STEP_TAGS_TITLE',1,'COM_GUIDEDTOURS_TOUR_CONTACTS_STEP_TAGS_DESCRIPTION',79,'top','joomla-field-fancy-select .choices[data-type=select-multiple]',2,3,'administrator/index.php?option=com_contact&view=contact&layout=edit','2026-01-26 07:54:09',81,'2026-01-26 07:54:09',81,NULL,NULL,'*','',NULL),(80,8,'COM_GUIDEDTOURS_TOUR_CONTACTS_STEP_VERSIONNOTE_TITLE',1,'COM_GUIDEDTOURS_TOUR_CONTACTS_STEP_VERSIONNOTE_DESCRIPTION',80,'top','#jform_version_note',2,2,'administrator/index.php?option=com_contact&view=contact&layout=edit','2026-01-26 07:54:09',81,'2026-01-26 07:54:09',81,NULL,NULL,'*','',NULL),(81,8,'COM_GUIDEDTOURS_TOUR_CONTACTS_STEP_SAVECLOSE_TITLE',1,'COM_GUIDEDTOURS_TOUR_CONTACTS_STEP_SAVECLOSE_DESCRIPTION',81,'bottom','#save-group-children-save .button-save',2,1,'administrator/index.php?option=com_contact&view=contact&layout=edit','2026-01-26 07:54:09',81,'2026-01-26 07:54:09',81,NULL,NULL,'*','',NULL),(82,8,'COM_GUIDEDTOURS_TOUR_CONTACTS_STEP_CONGRATULATIONS_TITLE',1,'COM_GUIDEDTOURS_TOUR_CONTACTS_STEP_CONGRATULATIONS_DESCRIPTION',82,'bottom','',0,1,'administrator/index.php?option=com_contact&view=contact&layout=edit','2026-01-26 07:54:09',81,'2026-01-26 07:54:09',81,NULL,NULL,'*','',NULL),(83,9,'COM_GUIDEDTOURS_TOUR_NEWSFEEDS_STEP_NEW_TITLE',1,'COM_GUIDEDTOURS_TOUR_NEWSFEEDS_STEP_NEW_DESCRIPTION',83,'bottom','.button-new',2,1,'administrator/index.php?option=com_newsfeeds&view=newsfeeds','2026-01-26 07:54:09',81,'2026-01-26 07:54:09',81,NULL,NULL,'*','',NULL),(84,9,'COM_GUIDEDTOURS_TOUR_NEWSFEEDS_STEP_TITLE_TITLE',1,'COM_GUIDEDTOURS_TOUR_NEWSFEEDS_STEP_TITLE_DESCRIPTION',84,'bottom','#jform_name',2,2,'administrator/index.php?option=com_newsfeeds&view=newsfeed&layout=edit','2026-01-26 07:54:09',81,'2026-01-26 07:54:09',81,NULL,NULL,'*','',NULL),(85,9,'COM_GUIDEDTOURS_TOUR_NEWSFEEDS_STEP_ALIAS_TITLE',1,'COM_GUIDEDTOURS_TOUR_NEWSFEEDS_STEP_ALIAS_DESCRIPTION',85,'bottom','#jform_alias',2,2,'administrator/index.php?option=com_newsfeeds&view=newsfeed&layout=edit','2026-01-26 07:54:09',81,'2026-01-26 07:54:09',81,NULL,NULL,'*','',NULL),(86,9,'COM_GUIDEDTOURS_TOUR_NEWSFEEDS_STEP_LINK_TITLE',1,'COM_GUIDEDTOURS_TOUR_NEWSFEEDS_STEP_LINK_DESCRIPTION',86,'bottom','#jform_link',2,2,'administrator/index.php?option=com_newsfeeds&view=newsfeed&layout=edit','2026-01-26 07:54:09',81,'2026-01-26 07:54:09',81,NULL,NULL,'*','',NULL),(87,9,'COM_GUIDEDTOURS_TOUR_NEWSFEEDS_STEP_DESCRIPTION_TITLE',1,'COM_GUIDEDTOURS_TOUR_NEWSFEEDS_STEP_DESCRIPTION_DESCRIPTION',87,'bottom','#jform_description,#jform_description_ifr',2,3,'administrator/index.php?option=com_newsfeeds&view=newsfeed&layout=edit','2026-01-26 07:54:09',81,'2026-01-26 07:54:09',81,NULL,NULL,'*','',NULL),(88,9,'COM_GUIDEDTOURS_TOUR_NEWSFEEDS_STEP_STATUS_TITLE',1,'COM_GUIDEDTOURS_TOUR_NEWSFEEDS_STEP_STATUS_DESCRIPTION',88,'bottom','#jform_published',2,3,'administrator/index.php?option=com_newsfeeds&view=newsfeed&layout=edit','2026-01-26 07:54:09',81,'2026-01-26 07:54:09',81,NULL,NULL,'*','',NULL),(89,9,'COM_GUIDEDTOURS_TOUR_NEWSFEEDS_STEP_CATEGORY_TITLE',1,'COM_GUIDEDTOURS_TOUR_NEWSFEEDS_STEP_CATEGORY_DESCRIPTION',89,'top','joomla-field-fancy-select .choices[data-type=select-one]',2,3,'administrator/index.php?option=com_newsfeeds&view=newsfeed&layout=edit','2026-01-26 07:54:09',81,'2026-01-26 07:54:09',81,NULL,NULL,'*','',NULL),(90,9,'COM_GUIDEDTOURS_TOUR_NEWSFEEDS_STEP_ACCESS_TITLE',1,'COM_GUIDEDTOURS_TOUR_NEWSFEEDS_STEP_ACCESS_DESCRIPTION',90,'bottom','#jform_access',2,3,'administrator/index.php?option=com_newsfeeds&view=newsfeed&layout=edit','2026-01-26 07:54:09',81,'2026-01-26 07:54:09',81,NULL,NULL,'*','',NULL),(91,9,'COM_GUIDEDTOURS_TOUR_NEWSFEEDS_STEP_TAGS_TITLE',1,'COM_GUIDEDTOURS_TOUR_NEWSFEEDS_STEP_TAGS_DESCRIPTION',91,'top','joomla-field-fancy-select .choices[data-type=select-multiple]',2,3,'administrator/index.php?option=com_newsfeeds&view=newsfeed&layout=edit','2026-01-26 07:54:09',81,'2026-01-26 07:54:09',81,NULL,NULL,'*','',NULL),(92,9,'COM_GUIDEDTOURS_TOUR_NEWSFEEDS_STEP_VERSIONNOTE_TITLE',1,'COM_GUIDEDTOURS_TOUR_NEWSFEEDS_STEP_VERSIONNOTE_DESCRIPTION',92,'top','#jform_version_note',2,2,'administrator/index.php?option=com_newsfeeds&view=newsfeed&layout=edit','2026-01-26 07:54:09',81,'2026-01-26 07:54:09',81,NULL,NULL,'*','',NULL),(93,9,'COM_GUIDEDTOURS_TOUR_NEWSFEEDS_STEP_SAVECLOSE_TITLE',1,'COM_GUIDEDTOURS_TOUR_NEWSFEEDS_STEP_SAVECLOSE_DESCRIPTION',93,'bottom','#save-group-children-save .button-save',2,1,'administrator/index.php?option=com_newsfeeds&view=newsfeed&layout=edit','2026-01-26 07:54:09',81,'2026-01-26 07:54:09',81,NULL,NULL,'*','',NULL),(94,9,'COM_GUIDEDTOURS_TOUR_NEWSFEEDS_STEP_CONGRATULATIONS_TITLE',1,'COM_GUIDEDTOURS_TOUR_NEWSFEEDS_STEP_CONGRATULATIONS_DESCRIPTION',94,'bottom','',0,1,'administrator/index.php?option=com_newsfeeds&view=newsfeed&layout=edit','2026-01-26 07:54:09',81,'2026-01-26 07:54:09',81,NULL,NULL,'*','',NULL),(95,10,'COM_GUIDEDTOURS_TOUR_SMARTSEARCH_STEP_NEW_TITLE',1,'COM_GUIDEDTOURS_TOUR_SMARTSEARCH_STEP_NEW_DESCRIPTION',95,'bottom','.button-new',2,1,'administrator/index.php?option=com_finder&view=filters','2026-01-26 07:54:09',81,'2026-01-26 07:54:09',81,NULL,NULL,'*','',NULL),(96,10,'COM_GUIDEDTOURS_TOUR_SMARTSEARCH_STEP_TITLE_TITLE',1,'COM_GUIDEDTOURS_TOUR_SMARTSEARCH_STEP_TITLE_DESCRIPTION',96,'bottom','#jform_title',2,2,'administrator/index.php?option=com_finder&view=filter&layout=edit','2026-01-26 07:54:09',81,'2026-01-26 07:54:09',81,NULL,NULL,'*','',NULL),(97,10,'COM_GUIDEDTOURS_TOUR_SMARTSEARCH_STEP_ALIAS_TITLE',1,'COM_GUIDEDTOURS_TOUR_SMARTSEARCH_STEP_ALIAS_DESCRIPTION',97,'bottom','#jform_alias',2,2,'administrator/index.php?option=com_finder&view=filter&layout=edit','2026-01-26 07:54:09',81,'2026-01-26 07:54:09',81,NULL,NULL,'*','',NULL),(98,10,'COM_GUIDEDTOURS_TOUR_SMARTSEARCH_STEP_CONTENT_TITLE',1,'COM_GUIDEDTOURS_TOUR_SMARTSEARCH_STEP_CONTENT_DESCRIPTION',98,'bottom','.col-lg-9',0,1,'administrator/index.php?option=com_finder&view=filter&layout=edit','2026-01-26 07:54:09',81,'2026-01-26 07:54:09',81,NULL,NULL,'*','',NULL),(99,10,'COM_GUIDEDTOURS_TOUR_SMARTSEARCH_STEP_STATUS_TITLE',1,'COM_GUIDEDTOURS_TOUR_SMARTSEARCH_STEP_STATUS_DESCRIPTION',99,'bottom','#jform_state',2,3,'administrator/index.php?option=com_finder&view=filter&layout=edit','2026-01-26 07:54:09',81,'2026-01-26 07:54:09',81,NULL,NULL,'*','',NULL),(100,10,'COM_GUIDEDTOURS_TOUR_SMARTSEARCH_STEP_SAVECLOSE_TITLE',1,'COM_GUIDEDTOURS_TOUR_SMARTSEARCH_STEP_SAVECLOSE_DESCRIPTION',100,'bottom','#save-group-children-save .button-save',2,1,'administrator/index.php?option=com_finder&view=filter&layout=edit','2026-01-26 07:54:09',81,'2026-01-26 07:54:09',81,NULL,NULL,'*','',NULL),(101,10,'COM_GUIDEDTOURS_TOUR_SMARTSEARCH_STEP_CONGRATULATIONS_TITLE',1,'COM_GUIDEDTOURS_TOUR_SMARTSEARCH_STEP_CONGRATULATIONS_DESCRIPTION',101,'bottom','',0,1,'administrator/index.php?option=com_finder&view=filter&layout=edit','2026-01-26 07:54:09',81,'2026-01-26 07:54:09',81,NULL,NULL,'*','',NULL),(102,11,'COM_GUIDEDTOURS_TOUR_USERS_STEP_NEW_TITLE',1,'COM_GUIDEDTOURS_TOUR_USERS_STEP_NEW_DESCRIPTION',102,'bottom','.button-new',2,1,'administrator/index.php?option=com_users&view=user&layout=edit','2026-01-26 07:54:09',81,'2026-01-26 07:54:09',81,NULL,NULL,'*','',NULL),(103,11,'COM_GUIDEDTOURS_TOUR_USERS_STEP_NAME_TITLE',1,'COM_GUIDEDTOURS_TOUR_USERS_STEP_NAME_DESCRIPTION',103,'bottom','#jform_name',2,2,'administrator/index.php?option=com_users&view=user&layout=edit','2026-01-26 07:54:09',81,'2026-01-26 07:54:09',81,NULL,NULL,'*','',NULL),(104,11,'COM_GUIDEDTOURS_TOUR_USERS_STEP_LOGINNAME_TITLE',1,'COM_GUIDEDTOURS_TOUR_USERS_STEP_LOGINNAME_DESCRIPTION',104,'bottom','#jform_username',2,2,'administrator/index.php?option=com_users&view=user&layout=edit','2026-01-26 07:54:09',81,'2026-01-26 07:54:09',81,NULL,NULL,'*','',NULL),(105,11,'COM_GUIDEDTOURS_TOUR_USERS_STEP_PASSWORD_TITLE',1,'COM_GUIDEDTOURS_TOUR_USERS_STEP_PASSWORD_DESCRIPTION',105,'bottom','#jform_password',2,2,'administrator/index.php?option=com_users&view=user&layout=edit','2026-01-26 07:54:09',81,'2026-01-26 07:54:09',81,NULL,NULL,'*','',NULL),(106,11,'COM_GUIDEDTOURS_TOUR_USERS_STEP_PASSWORD2_TITLE',1,'COM_GUIDEDTOURS_TOUR_USERS_STEP_PASSWORD2_DESCRIPTION',106,'bottom','#jform_password2',2,2,'administrator/index.php?option=com_users&view=user&layout=edit','2026-01-26 07:54:09',81,'2026-01-26 07:54:09',81,NULL,NULL,'*','',NULL),(107,11,'COM_GUIDEDTOURS_TOUR_USERS_STEP_EMAIL_TITLE',1,'COM_GUIDEDTOURS_TOUR_USERS_STEP_EMAIL_DESCRIPTION',107,'bottom','#jform_email',2,2,'administrator/index.php?option=com_users&view=user&layout=edit','2026-01-26 07:54:09',81,'2026-01-26 07:54:09',81,NULL,NULL,'*','',NULL),(108,11,'COM_GUIDEDTOURS_TOUR_USERS_STEP_SYSTEMEMAIL_TITLE',1,'COM_GUIDEDTOURS_TOUR_USERS_STEP_SYSTEMEMAIL_DESCRIPTION',108,'top','#jform_sendEmail0',2,3,'administrator/index.php?option=com_users&view=user&layout=edit','2026-01-26 07:54:09',81,'2026-01-26 07:54:09',81,NULL,NULL,'*','',NULL),(109,11,'COM_GUIDEDTOURS_TOUR_USERS_STEP_STATUS_TITLE',1,'COM_GUIDEDTOURS_TOUR_USERS_STEP_STATUS_DESCRIPTION',109,'top','#jform_block0',2,3,'administrator/index.php?option=com_users&view=user&layout=edit','2026-01-26 07:54:09',81,'2026-01-26 07:54:09',81,NULL,NULL,'*','',NULL),(110,11,'COM_GUIDEDTOURS_TOUR_USERS_STEP_PASSWORDRESET_TITLE',1,'COM_GUIDEDTOURS_TOUR_USERS_STEP_PASSWORDRESET_DESCRIPTION',110,'top','#jform_requireReset0',2,3,'administrator/index.php?option=com_users&view=user&layout=edit','2026-01-26 07:54:09',81,'2026-01-26 07:54:09',81,NULL,NULL,'*','',NULL),(111,11,'COM_GUIDEDTOURS_TOUR_USERS_STEP_SAVECLOSE_TITLE',1,'COM_GUIDEDTOURS_TOUR_USERS_STEP_SAVECLOSE_DESCRIPTION',111,'bottom','#save-group-children-save .button-save',2,1,'administrator/index.php?option=com_users&view=user&layout=edit','2026-01-26 07:54:09',81,'2026-01-26 07:54:09',81,NULL,NULL,'*','',NULL),(112,11,'COM_GUIDEDTOURS_TOUR_USERS_STEP_CONGRATULATIONS_TITLE',1,'COM_GUIDEDTOURS_TOUR_USERS_STEP_CONGRATULATIONS_DESCRIPTION',112,'bottom','',0,1,'administrator/index.php?option=com_users&view=user&layout=edit','2026-01-26 07:54:09',81,'2026-01-26 07:54:09',81,NULL,NULL,'*','',NULL),(113,12,'COM_GUIDEDTOURS_TOUR_WELCOMETOJOOMLA_STEP_MENUS_TITLE',1,'COM_GUIDEDTOURS_TOUR_WELCOMETOJOOMLA_STEP_MENUS_DESCRIPTION',113,'right','#sidebarmenu',0,1,'','2026-01-26 07:54:09',81,'2026-01-26 07:54:09',81,NULL,NULL,'*','',NULL),(114,12,'COM_GUIDEDTOURS_TOUR_WELCOMETOJOOMLA_STEP_QUICKACCESS_TITLE',1,'COM_GUIDEDTOURS_TOUR_WELCOMETOJOOMLA_STEP_QUICKACCESS_DESCRIPTION',114,'center','',0,1,'','2026-01-26 07:54:09',81,'2026-01-26 07:54:09',81,NULL,NULL,'*','',NULL),(115,12,'COM_GUIDEDTOURS_TOUR_WELCOMETOJOOMLA_STEP_NOTIFICATIONS_TITLE',1,'COM_GUIDEDTOURS_TOUR_WELCOMETOJOOMLA_STEP_NOTIFICATIONS_DESCRIPTION',115,'left','.quickicons-for-update_quickicon .card',0,1,'','2026-01-26 07:54:09',81,'2026-01-26 07:54:09',81,NULL,NULL,'*','',NULL),(116,12,'COM_GUIDEDTOURS_TOUR_WELCOMETOJOOMLA_STEP_TOPBAR_TITLE',1,'COM_GUIDEDTOURS_TOUR_WELCOMETOJOOMLA_STEP_TOPBAR_DESCRIPTION',116,'bottom','#header',0,1,'','2026-01-26 07:54:09',81,'2026-01-26 07:54:09',81,NULL,NULL,'*','',NULL),(117,12,'COM_GUIDEDTOURS_TOUR_WELCOMETOJOOMLA_STEP_FINALWORDS_TITLE',1,'COM_GUIDEDTOURS_TOUR_WELCOMETOJOOMLA_STEP_FINALWORDS_DESCRIPTION',117,'right','#sidebarmenu nav > ul:first-of-type > li:last-child',0,1,'','2026-01-26 07:54:09',81,'2026-01-26 07:54:09',81,NULL,NULL,'*','',NULL);
/*!40000 ALTER TABLE `lcoa2_guidedtour_steps` ENABLE KEYS */;
UNLOCK TABLES;

--
-- Table structure for table `lcoa2_guidedtours`
--

DROP TABLE IF EXISTS `lcoa2_guidedtours`;
/*!40101 SET @saved_cs_client     = @@character_set_client */;
/*!50503 SET character_set_client = utf8mb4 */;
CREATE TABLE `lcoa2_guidedtours` (
  `id` int NOT NULL AUTO_INCREMENT,
  `title` varchar(255) CHARACTER SET utf8mb4 COLLATE utf8mb4_unicode_ci NOT NULL DEFAULT '',
  `uid` varchar(400) CHARACTER SET utf8mb4 COLLATE utf8mb4_bin NOT NULL,
  `description` text CHARACTER SET utf8mb4 COLLATE utf8mb4_unicode_ci NOT NULL,
  `ordering` int NOT NULL DEFAULT '0',
  `extensions` text CHARACTER SET utf8mb4 COLLATE utf8mb4_unicode_ci NOT NULL,
  `url` varchar(255) CHARACTER SET utf8mb4 COLLATE utf8mb4_unicode_ci NOT NULL,
  `created` datetime NOT NULL,
  `created_by` int NOT NULL DEFAULT '0',
  `modified` datetime NOT NULL,
  `modified_by` int NOT NULL DEFAULT '0',
  `checked_out_time` datetime DEFAULT NULL,
  `checked_out` int unsigned DEFAULT NULL,
  `published` tinyint NOT NULL DEFAULT '0',
  `language` varchar(7) CHARACTER SET utf8mb4 COLLATE utf8mb4_unicode_ci NOT NULL,
  `note` varchar(255) CHARACTER SET utf8mb4 COLLATE utf8mb4_unicode_ci NOT NULL DEFAULT '',
  `access` int unsigned NOT NULL DEFAULT '0',
  `autostart` int NOT NULL DEFAULT '0',
  PRIMARY KEY (`id`),
  KEY `idx_access` (`access`),
  KEY `idx_state` (`published`),
  KEY `idx_language` (`language`),
  KEY `idx_uid` (`uid`(191))
) ENGINE=InnoDB AUTO_INCREMENT=13 DEFAULT CHARSET=utf8mb4 COLLATE=utf8mb4_unicode_ci;
/*!40101 SET character_set_client = @saved_cs_client */;

--
-- Dumping data for table `lcoa2_guidedtours`
--

LOCK TABLES `lcoa2_guidedtours` WRITE;
/*!40000 ALTER TABLE `lcoa2_guidedtours` DISABLE KEYS */;
INSERT INTO `lcoa2_guidedtours` VALUES (1,'COM_GUIDEDTOURS_TOUR_GUIDEDTOURS_TITLE','joomla-guidedtours','COM_GUIDEDTOURS_TOUR_GUIDEDTOURS_DESCRIPTION',1,'[\"com_guidedtours\"]','administrator/index.php?option=com_guidedtours&view=tours','2026-01-26 07:54:09',81,'2026-01-26 07:54:09',81,NULL,NULL,1,'*','',1,0),(2,'COM_GUIDEDTOURS_TOUR_GUIDEDTOURSTEPS_TITLE','joomla-guidedtoursteps','COM_GUIDEDTOURS_TOUR_GUIDEDTOURSTEPS_DESCRIPTION',2,'[\"com_guidedtours\"]','administrator/index.php?option=com_guidedtours&view=tours','2026-01-26 07:54:09',81,'2026-01-26 07:54:09',81,NULL,NULL,1,'*','',1,0),(3,'COM_GUIDEDTOURS_TOUR_ARTICLES_TITLE','joomla-articles','COM_GUIDEDTOURS_TOUR_ARTICLES_DESCRIPTION',3,'[\"com_content\",\"com_categories\"]','administrator/index.php?option=com_content&view=articles','2026-01-26 07:54:09',81,'2026-01-26 07:54:09',81,NULL,NULL,1,'*','',1,0),(4,'COM_GUIDEDTOURS_TOUR_CATEGORIES_TITLE','joomla-categories','COM_GUIDEDTOURS_TOUR_CATEGORIES_DESCRIPTION',4,'[\"com_content\",\"com_categories\"]','administrator/index.php?option=com_categories&view=categories&extension=com_content','2026-01-26 07:54:09',81,'2026-01-26 07:54:09',81,NULL,NULL,1,'*','',1,0),(5,'COM_GUIDEDTOURS_TOUR_MENUS_TITLE','joomla-menus','COM_GUIDEDTOURS_TOUR_MENUS_DESCRIPTION',5,'[\"com_menus\"]','administrator/index.php?option=com_menus&view=menus','2026-01-26 07:54:09',81,'2026-01-26 07:54:09',81,NULL,NULL,1,'*','',1,0),(6,'COM_GUIDEDTOURS_TOUR_TAGS_TITLE','joomla-tags','COM_GUIDEDTOURS_TOUR_TAGS_DESCRIPTION',6,'[\"com_tags\"]','administrator/index.php?option=com_tags&view=tags','2026-01-26 07:54:09',81,'2026-01-26 07:54:09',81,NULL,NULL,1,'*','',1,0),(7,'COM_GUIDEDTOURS_TOUR_BANNERS_TITLE','joomla-banners','COM_GUIDEDTOURS_TOUR_BANNERS_DESCRIPTION',7,'[\"com_banners\"]','administrator/index.php?option=com_banners&view=banners','2026-01-26 07:54:09',81,'2026-01-26 07:54:09',81,NULL,NULL,1,'*','',1,0),(8,'COM_GUIDEDTOURS_TOUR_CONTACTS_TITLE','joomla-contacts','COM_GUIDEDTOURS_TOUR_CONTACTS_DESCRIPTION',8,'[\"com_contact\"]','administrator/index.php?option=com_contact&view=contacts','2026-01-26 07:54:09',81,'2026-01-26 07:54:09',81,NULL,NULL,1,'*','',1,0),(9,'COM_GUIDEDTOURS_TOUR_NEWSFEEDS_TITLE','joomla-newsfeeds','COM_GUIDEDTOURS_TOUR_NEWSFEEDS_DESCRIPTION',9,'[\"com_newsfeeds\"]','administrator/index.php?option=com_newsfeeds&view=newsfeeds','2026-01-26 07:54:09',81,'2026-01-26 07:54:09',81,NULL,NULL,1,'*','',1,0),(10,'COM_GUIDEDTOURS_TOUR_SMARTSEARCH_TITLE','joomla-smartsearch','COM_GUIDEDTOURS_TOUR_SMARTSEARCH_DESCRIPTION',10,'[\"com_finder\"]','administrator/index.php?option=com_finder&view=filters','2026-01-26 07:54:09',81,'2026-01-26 07:54:09',81,NULL,NULL,1,'*','',1,0),(11,'COM_GUIDEDTOURS_TOUR_USERS_TITLE','joomla-users','COM_GUIDEDTOURS_TOUR_USERS_DESCRIPTION',11,'[\"com_users\"]','administrator/index.php?option=com_users&view=users','2026-01-26 07:54:09',81,'2026-01-26 07:54:09',81,NULL,NULL,1,'*','',1,0),(12,'COM_GUIDEDTOURS_TOUR_WELCOMETOJOOMLA_TITLE','joomla-welcome','COM_GUIDEDTOURS_TOUR_WELCOMETOJOOMLA_DESCRIPTION',12,'[\"com_cpanel\"]','administrator/index.php','2026-01-26 07:54:09',81,'2026-01-26 07:54:09',81,NULL,NULL,1,'*','',1,1);
/*!40000 ALTER TABLE `lcoa2_guidedtours` ENABLE KEYS */;
UNLOCK TABLES;

--
-- Table structure for table `lcoa2_history`
--

DROP TABLE IF EXISTS `lcoa2_history`;
/*!40101 SET @saved_cs_client     = @@character_set_client */;
/*!50503 SET character_set_client = utf8mb4 */;
CREATE TABLE `lcoa2_history` (
  `version_id` int unsigned NOT NULL AUTO_INCREMENT,
  `item_id` varchar(50) CHARACTER SET utf8mb4 COLLATE utf8mb4_unicode_ci NOT NULL,
  `version_note` varchar(255) CHARACTER SET utf8mb4 COLLATE utf8mb4_unicode_ci NOT NULL DEFAULT '' COMMENT 'Optional version name',
  `save_date` datetime NOT NULL,
  `editor_user_id` int unsigned NOT NULL DEFAULT '0',
  `character_count` int unsigned NOT NULL DEFAULT '0' COMMENT 'Number of characters in this version.',
  `sha1_hash` varchar(50) CHARACTER SET utf8mb4 COLLATE utf8mb4_unicode_ci NOT NULL DEFAULT '' COMMENT 'SHA1 hash of the version_data column.',
  `version_data` mediumtext CHARACTER SET utf8mb4 COLLATE utf8mb4_unicode_ci NOT NULL COMMENT 'json-encoded string of version data',
  `keep_forever` tinyint NOT NULL DEFAULT '0' COMMENT '0=auto delete; 1=keep',
  `is_current` tinyint NOT NULL DEFAULT '0',
  `is_legacy` tinyint NOT NULL DEFAULT '0',
  PRIMARY KEY (`version_id`),
  KEY `idx_ucm_item_id` (`item_id`),
  KEY `idx_save_date` (`save_date`)
) ENGINE=InnoDB AUTO_INCREMENT=7 DEFAULT CHARSET=utf8mb4 COLLATE=utf8mb4_unicode_ci;
/*!40101 SET character_set_client = @saved_cs_client */;

--
-- Dumping data for table `lcoa2_history`
--

LOCK TABLES `lcoa2_history` WRITE;
/*!40000 ALTER TABLE `lcoa2_history` DISABLE KEYS */;
INSERT INTO `lcoa2_history` VALUES (1,'com_content.category.8','','2026-01-26 08:12:32',81,439,'48d24442d72aeae047ddbb6a8001b74661cd95c6','{\"id\":8,\"parent_id\":1,\"extension\":\"com_content\",\"title\":\"Clubs\",\"alias\":\"clubs\",\"note\":\"\",\"description\":\"\",\"published\":1,\"access\":1,\"metadesc\":\"\",\"metakey\":\"\",\"created_user_id\":81,\"created_time\":\"2026-01-26 08:12:32\",\"language\":\"*\",\"params\":\"{\\\"category_layout\\\":\\\"\\\",\\\"image\\\":\\\"\\\",\\\"image_alt\\\":\\\"\\\"}\",\"metadata\":\"{\\\"author\\\":\\\"\\\",\\\"robots\\\":\\\"\\\"}\",\"tags\":{},\"typeAlias\":\"{extension}.category\",\"level\":1,\"lft\":11,\"rgt\":12,\"asset_id\":100}',0,1,0),(2,'com_content.category.9','','2026-01-26 08:13:10',81,453,'ef9b9cb6cf6ed1330237610f648eb3d0294ed08e','{\"id\":9,\"parent_id\":8,\"extension\":\"com_content\",\"title\":\"Robotik-Club\",\"alias\":\"robotik-club\",\"note\":\"\",\"description\":\"\",\"published\":1,\"access\":1,\"metadesc\":\"\",\"metakey\":\"\",\"created_user_id\":81,\"created_time\":\"2026-01-26 08:13:10\",\"language\":\"*\",\"params\":\"{\\\"category_layout\\\":\\\"\\\",\\\"image\\\":\\\"\\\",\\\"image_alt\\\":\\\"\\\"}\",\"metadata\":\"{\\\"author\\\":\\\"\\\",\\\"robots\\\":\\\"\\\"}\",\"tags\":{},\"typeAlias\":\"{extension}.category\",\"level\":2,\"lft\":12,\"rgt\":13,\"asset_id\":101}',0,1,0),(3,'com_content.category.10','','2026-01-26 08:14:23',81,454,'99f45d7e2d039e9e7c5fc5f73c5b08f1faf06c8a','{\"id\":10,\"parent_id\":8,\"extension\":\"com_content\",\"title\":\"Theater-Club\",\"alias\":\"theater-club\",\"note\":\"\",\"description\":\"\",\"published\":1,\"access\":1,\"metadesc\":\"\",\"metakey\":\"\",\"created_user_id\":81,\"created_time\":\"2026-01-26 08:14:23\",\"language\":\"*\",\"params\":\"{\\\"category_layout\\\":\\\"\\\",\\\"image\\\":\\\"\\\",\\\"image_alt\\\":\\\"\\\"}\",\"metadata\":\"{\\\"author\\\":\\\"\\\",\\\"robots\\\":\\\"\\\"}\",\"tags\":{},\"typeAlias\":\"{extension}.category\",\"level\":2,\"lft\":14,\"rgt\":15,\"asset_id\":102}',0,1,0),(4,'com_content.category.11','','2026-01-26 08:15:04',81,446,'ad5f2c9dc3b20e53720c6751f8f38b94ad0473dc','{\"id\":11,\"parent_id\":1,\"extension\":\"com_content\",\"title\":\"Berichte\",\"alias\":\"berichte\",\"note\":\"\",\"description\":\"\",\"published\":1,\"access\":1,\"metadesc\":\"\",\"metakey\":\"\",\"created_user_id\":81,\"created_time\":\"2026-01-26 08:15:04\",\"language\":\"*\",\"params\":\"{\\\"category_layout\\\":\\\"\\\",\\\"image\\\":\\\"\\\",\\\"image_alt\\\":\\\"\\\"}\",\"metadata\":\"{\\\"author\\\":\\\"\\\",\\\"robots\\\":\\\"\\\"}\",\"tags\":{},\"typeAlias\":\"{extension}.category\",\"level\":1,\"lft\":17,\"rgt\":18,\"asset_id\":103}',0,1,0),(5,'com_content.article.1','','2026-01-26 08:16:42',81,1832,'bed024fb920235c6fdcbc1c55710c8c3c9aa5983','{\"id\":1,\"title\":\"Robotik-Club\",\"alias\":\"robotik-club\",\"note\":\"\",\"catid\":9,\"state\":1,\"created\":\"2026-01-26 08:16:42\",\"created_by\":81,\"created_by_alias\":\"\",\"publish_up\":\"2026-01-26 08:16:42\",\"publish_down\":null,\"featured_up\":\"\",\"featured_down\":\"\",\"metakey\":\"\",\"metadesc\":\"\",\"access\":1,\"language\":\"*\",\"featured\":0,\"attribs\":\"{\\\"article_layout\\\":\\\"\\\",\\\"show_title\\\":\\\"\\\",\\\"link_titles\\\":\\\"\\\",\\\"show_tags\\\":\\\"\\\",\\\"show_intro\\\":\\\"\\\",\\\"info_block_position\\\":\\\"\\\",\\\"info_block_show_title\\\":\\\"\\\",\\\"show_category\\\":\\\"\\\",\\\"link_category\\\":\\\"\\\",\\\"show_parent_category\\\":\\\"\\\",\\\"link_parent_category\\\":\\\"\\\",\\\"show_author\\\":\\\"\\\",\\\"link_author\\\":\\\"\\\",\\\"show_create_date\\\":\\\"\\\",\\\"show_modify_date\\\":\\\"\\\",\\\"show_publish_date\\\":\\\"\\\",\\\"show_item_navigation\\\":\\\"\\\",\\\"show_hits\\\":\\\"\\\",\\\"show_noauth\\\":\\\"\\\",\\\"urls_position\\\":\\\"\\\",\\\"alternative_readmore\\\":\\\"\\\",\\\"article_page_title\\\":\\\"\\\",\\\"show_publishing_options\\\":\\\"\\\",\\\"show_article_options\\\":\\\"\\\",\\\"show_urls_images_backend\\\":\\\"\\\",\\\"show_urls_images_frontend\\\":\\\"\\\"}\",\"images\":\"{\\\"image_intro\\\":\\\"\\\",\\\"image_intro_alt\\\":\\\"\\\",\\\"float_intro\\\":\\\"\\\",\\\"image_intro_caption\\\":\\\"\\\",\\\"image_fulltext\\\":\\\"\\\",\\\"image_fulltext_alt\\\":\\\"\\\",\\\"float_fulltext\\\":\\\"\\\",\\\"image_fulltext_caption\\\":\\\"\\\"}\",\"urls\":\"{\\\"urla\\\":\\\"\\\",\\\"urlatext\\\":\\\"\\\",\\\"targeta\\\":\\\"\\\",\\\"urlb\\\":\\\"\\\",\\\"urlbtext\\\":\\\"\\\",\\\"targetb\\\":\\\"\\\",\\\"urlc\\\":\\\"\\\",\\\"urlctext\\\":\\\"\\\",\\\"targetc\\\":\\\"\\\"}\",\"metadata\":\"{\\\"robots\\\":\\\"\\\",\\\"author\\\":\\\"\\\",\\\"rights\\\":\\\"\\\"}\",\"transition\":\"\",\"schema\":{\"extendJed\":\"\"},\"tags\":{},\"typeAlias\":\"com_content.article\",\"asset_id\":104,\"introtext\":\"<p>Der Robotik-Club besch\\u00e4ftigt sich mit der Entwicklung autonomer Roboter und nimmt regelm\\u00e4\\u00dfig an Wettbewerben teil.<\\/p>\\r\\n<p>Treffen: Jeden Mittwoch, 18:00 Uhr<br>Raum: Technikgeb\\u00e4ude, Raum 301<br>Kontakt: robotik@campus.de<\\/p>\",\"fulltext\":\"\",\"ordering\":0}',0,1,0),(6,'com_content.article.2','','2026-01-26 08:17:42',81,1830,'6c879a70bed8d8ff9b7aed3d6018e80725e59212','{\"id\":2,\"title\":\"Theater-Club\",\"alias\":\"theater-club\",\"note\":\"\",\"catid\":10,\"state\":1,\"created\":\"2026-01-26 08:17:42\",\"created_by\":81,\"created_by_alias\":\"\",\"publish_up\":\"2026-01-26 08:17:42\",\"publish_down\":null,\"featured_up\":\"\",\"featured_down\":\"\",\"metakey\":\"\",\"metadesc\":\"\",\"access\":1,\"language\":\"*\",\"featured\":0,\"attribs\":\"{\\\"article_layout\\\":\\\"\\\",\\\"show_title\\\":\\\"\\\",\\\"link_titles\\\":\\\"\\\",\\\"show_tags\\\":\\\"\\\",\\\"show_intro\\\":\\\"\\\",\\\"info_block_position\\\":\\\"\\\",\\\"info_block_show_title\\\":\\\"\\\",\\\"show_category\\\":\\\"\\\",\\\"link_category\\\":\\\"\\\",\\\"show_parent_category\\\":\\\"\\\",\\\"link_parent_category\\\":\\\"\\\",\\\"show_author\\\":\\\"\\\",\\\"link_author\\\":\\\"\\\",\\\"show_create_date\\\":\\\"\\\",\\\"show_modify_date\\\":\\\"\\\",\\\"show_publish_date\\\":\\\"\\\",\\\"show_item_navigation\\\":\\\"\\\",\\\"show_hits\\\":\\\"\\\",\\\"show_noauth\\\":\\\"\\\",\\\"urls_position\\\":\\\"\\\",\\\"alternative_readmore\\\":\\\"\\\",\\\"article_page_title\\\":\\\"\\\",\\\"show_publishing_options\\\":\\\"\\\",\\\"show_article_options\\\":\\\"\\\",\\\"show_urls_images_backend\\\":\\\"\\\",\\\"show_urls_images_frontend\\\":\\\"\\\"}\",\"images\":\"{\\\"image_intro\\\":\\\"\\\",\\\"image_intro_alt\\\":\\\"\\\",\\\"float_intro\\\":\\\"\\\",\\\"image_intro_caption\\\":\\\"\\\",\\\"image_fulltext\\\":\\\"\\\",\\\"image_fulltext_alt\\\":\\\"\\\",\\\"float_fulltext\\\":\\\"\\\",\\\"image_fulltext_caption\\\":\\\"\\\"}\",\"urls\":\"{\\\"urla\\\":\\\"\\\",\\\"urlatext\\\":\\\"\\\",\\\"targeta\\\":\\\"\\\",\\\"urlb\\\":\\\"\\\",\\\"urlbtext\\\":\\\"\\\",\\\"targetb\\\":\\\"\\\",\\\"urlc\\\":\\\"\\\",\\\"urlctext\\\":\\\"\\\",\\\"targetc\\\":\\\"\\\"}\",\"metadata\":\"{\\\"robots\\\":\\\"\\\",\\\"author\\\":\\\"\\\",\\\"rights\\\":\\\"\\\"}\",\"transition\":\"\",\"schema\":{\"extendJed\":\"\"},\"tags\":{},\"typeAlias\":\"com_content.article\",\"asset_id\":105,\"introtext\":\"<p>Der Theater-Club bringt jedes Semester ein neues St\\u00fcck auf die B\\u00fchne und bietet Workshops f\\u00fcr Schauspiel und Regie.<\\/p>\\r\\n<p>Treffen: Jeden Donnerstag, 19:00 Uhr<br>Raum: Aula, Hauptgeb\\u00e4ude<br>Kontakt: theater@campus.de<\\/p>\",\"fulltext\":\"\",\"ordering\":0}',0,1,0);
/*!40000 ALTER TABLE `lcoa2_history` ENABLE KEYS */;
UNLOCK TABLES;

--
-- Table structure for table `lcoa2_languages`
--

DROP TABLE IF EXISTS `lcoa2_languages`;
/*!40101 SET @saved_cs_client     = @@character_set_client */;
/*!50503 SET character_set_client = utf8mb4 */;
CREATE TABLE `lcoa2_languages` (
  `lang_id` int unsigned NOT NULL AUTO_INCREMENT,
  `asset_id` int unsigned NOT NULL DEFAULT '0',
  `lang_code` char(7) CHARACTER SET utf8mb4 COLLATE utf8mb4_bin NOT NULL,
  `title` varchar(50) CHARACTER SET utf8mb4 COLLATE utf8mb4_unicode_ci NOT NULL,
  `title_native` varchar(50) CHARACTER SET utf8mb4 COLLATE utf8mb4_unicode_ci NOT NULL,
  `sef` varchar(50) CHARACTER SET utf8mb4 COLLATE utf8mb4_unicode_ci NOT NULL,
  `image` varchar(50) CHARACTER SET utf8mb4 COLLATE utf8mb4_unicode_ci NOT NULL,
  `description` varchar(512) CHARACTER SET utf8mb4 COLLATE utf8mb4_unicode_ci NOT NULL,
  `metakey` text CHARACTER SET utf8mb4 COLLATE utf8mb4_unicode_ci,
  `metadesc` text CHARACTER SET utf8mb4 COLLATE utf8mb4_unicode_ci NOT NULL,
  `sitename` varchar(1024) CHARACTER SET utf8mb4 COLLATE utf8mb4_unicode_ci NOT NULL DEFAULT '',
  `published` int NOT NULL DEFAULT '0',
  `access` int unsigned NOT NULL DEFAULT '0',
  `ordering` int NOT NULL DEFAULT '0',
  PRIMARY KEY (`lang_id`),
  UNIQUE KEY `idx_sef` (`sef`),
  UNIQUE KEY `idx_langcode` (`lang_code`),
  KEY `idx_access` (`access`),
  KEY `idx_ordering` (`ordering`)
) ENGINE=InnoDB AUTO_INCREMENT=2 DEFAULT CHARSET=utf8mb4 COLLATE=utf8mb4_unicode_ci;
/*!40101 SET character_set_client = @saved_cs_client */;

--
-- Dumping data for table `lcoa2_languages`
--

LOCK TABLES `lcoa2_languages` WRITE;
/*!40000 ALTER TABLE `lcoa2_languages` DISABLE KEYS */;
INSERT INTO `lcoa2_languages` VALUES (1,0,'en-GB','English (en-GB)','English (United Kingdom)','en','en_gb','','','','',1,1,1);
/*!40000 ALTER TABLE `lcoa2_languages` ENABLE KEYS */;
UNLOCK TABLES;

--
-- Table structure for table `lcoa2_mail_templates`
--

DROP TABLE IF EXISTS `lcoa2_mail_templates`;
/*!40101 SET @saved_cs_client     = @@character_set_client */;
/*!50503 SET character_set_client = utf8mb4 */;
CREATE TABLE `lcoa2_mail_templates` (
  `template_id` varchar(127) CHARACTER SET utf8mb4 COLLATE utf8mb4_unicode_ci NOT NULL DEFAULT '',
  `extension` varchar(127) CHARACTER SET utf8mb4 COLLATE utf8mb4_unicode_ci NOT NULL DEFAULT '',
  `language` char(7) CHARACTER SET utf8mb4 COLLATE utf8mb4_unicode_ci NOT NULL DEFAULT '',
  `subject` varchar(255) CHARACTER SET utf8mb4 COLLATE utf8mb4_unicode_ci NOT NULL DEFAULT '',
  `body` text CHARACTER SET utf8mb4 COLLATE utf8mb4_unicode_ci NOT NULL,
  `htmlbody` mediumtext CHARACTER SET utf8mb4 COLLATE utf8mb4_unicode_ci NOT NULL,
  `attachments` text CHARACTER SET utf8mb4 COLLATE utf8mb4_unicode_ci NOT NULL,
  `params` text CHARACTER SET utf8mb4 COLLATE utf8mb4_unicode_ci NOT NULL,
  PRIMARY KEY (`template_id`,`language`)
) ENGINE=InnoDB DEFAULT CHARSET=utf8mb4 COLLATE=utf8mb4_unicode_ci;
/*!40101 SET character_set_client = @saved_cs_client */;

--
-- Dumping data for table `lcoa2_mail_templates`
--

LOCK TABLES `lcoa2_mail_templates` WRITE;
/*!40000 ALTER TABLE `lcoa2_mail_templates` DISABLE KEYS */;
INSERT INTO `lcoa2_mail_templates` VALUES ('com_actionlogs.notification','com_actionlogs','','COM_ACTIONLOGS_EMAIL_SUBJECT','COM_ACTIONLOGS_EMAIL_BODY','COM_ACTIONLOGS_EMAIL_HTMLBODY','','{\"tags\":[\"messages\",\"message\",\"date\",\"extension\",\"username\"]}'),('com_config.test_mail','com_config','','COM_CONFIG_SENDMAIL_SUBJECT','COM_CONFIG_SENDMAIL_BODY','','','{\"tags\":[\"sitename\",\"method\"]}'),('com_contact.mail','com_contact','','COM_CONTACT_ENQUIRY_SUBJECT','COM_CONTACT_ENQUIRY_TEXT','','','{\"tags\":[\"sitename\",\"name\",\"email\",\"subject\",\"body\",\"url\",\"customfields\"]}'),('com_contact.mail.copy','com_contact','','COM_CONTACT_COPYSUBJECT_OF','COM_CONTACT_COPYTEXT_OF','','','{\"tags\":[\"sitename\",\"name\",\"email\",\"subject\",\"body\",\"url\",\"customfields\",\"contactname\"]}'),('com_joomlaupdate.update.failed','com_joomlaupdate','','COM_JOOMLAUPDATE_UPDATE_FAILED_MAIL_SUBJECT','COM_JOOMLAUPDATE_UPDATE_FAILED_MAIL_BODY','','','{\"tags\":[\"newversion\",\"oldversion\",\"sitename\",\"url\"]}'),('com_joomlaupdate.update.success','com_joomlaupdate','','COM_JOOMLAUPDATE_UPDATE_SUCCESS_MAIL_SUBJECT','COM_JOOMLAUPDATE_UPDATE_SUCCESS_MAIL_BODY','','','{\"tags\":[\"newversion\",\"oldversion\",\"sitename\",\"url\"]}'),('com_messages.new_message','com_messages','','COM_MESSAGES_NEW_MESSAGE','COM_MESSAGES_NEW_MESSAGE_BODY','','','{\"tags\":[\"subject\",\"message\",\"fromname\",\"sitename\",\"siteurl\",\"fromemail\",\"toname\",\"toemail\"]}'),('com_privacy.notification.admin.export','com_privacy','','COM_PRIVACY_EMAIL_ADMIN_REQUEST_SUBJECT_EXPORT_REQUEST','COM_PRIVACY_EMAIL_ADMIN_REQUEST_BODY_EXPORT_REQUEST','','','{\"tags\":[\"sitename\",\"url\",\"tokenurl\",\"formurl\",\"token\"]}'),('com_privacy.notification.admin.remove','com_privacy','','COM_PRIVACY_EMAIL_ADMIN_REQUEST_SUBJECT_REMOVE_REQUEST','COM_PRIVACY_EMAIL_ADMIN_REQUEST_BODY_REMOVE_REQUEST','','','{\"tags\":[\"sitename\",\"url\",\"tokenurl\",\"formurl\",\"token\"]}'),('com_privacy.notification.export','com_privacy','','COM_PRIVACY_EMAIL_REQUEST_SUBJECT_EXPORT_REQUEST','COM_PRIVACY_EMAIL_REQUEST_BODY_EXPORT_REQUEST','','','{\"tags\":[\"sitename\",\"url\",\"tokenurl\",\"formurl\",\"token\"]}'),('com_privacy.notification.remove','com_privacy','','COM_PRIVACY_EMAIL_REQUEST_SUBJECT_REMOVE_REQUEST','COM_PRIVACY_EMAIL_REQUEST_BODY_REMOVE_REQUEST','','','{\"tags\":[\"sitename\",\"url\",\"tokenurl\",\"formurl\",\"token\"]}'),('com_privacy.userdataexport','com_privacy','','COM_PRIVACY_EMAIL_DATA_EXPORT_COMPLETED_SUBJECT','COM_PRIVACY_EMAIL_DATA_EXPORT_COMPLETED_BODY','','','{\"tags\":[\"sitename\",\"url\"]}'),('com_users.massmail.mail','com_users','','COM_USERS_MASSMAIL_MAIL_SUBJECT','COM_USERS_MASSMAIL_MAIL_BODY','','','{\"tags\":[\"subject\",\"body\",\"subjectprefix\",\"bodysuffix\"]}'),('com_users.password_reset','com_users','','COM_USERS_EMAIL_PASSWORD_RESET_SUBJECT','COM_USERS_EMAIL_PASSWORD_RESET_BODY','','','{\"tags\":[\"name\",\"email\",\"sitename\",\"link_text\",\"link_html\",\"token\"]}'),('com_users.registration.admin.new_notification','com_users','','COM_USERS_EMAIL_ACCOUNT_DETAILS','COM_USERS_EMAIL_REGISTERED_NOTIFICATION_TO_ADMIN_BODY','','','{\"tags\":[\"name\",\"sitename\",\"siteurl\",\"username\"]}'),('com_users.registration.admin.verification_request','com_users','','COM_USERS_EMAIL_ACTIVATE_WITH_ADMIN_ACTIVATION_SUBJECT','COM_USERS_EMAIL_ACTIVATE_WITH_ADMIN_ACTIVATION_BODY','','','{\"tags\":[\"name\",\"sitename\",\"email\",\"username\",\"activate\"]}'),('com_users.registration.user.admin_activated','com_users','','COM_USERS_EMAIL_ACTIVATED_BY_ADMIN_ACTIVATION_SUBJECT','COM_USERS_EMAIL_ACTIVATED_BY_ADMIN_ACTIVATION_BODY','','','{\"tags\":[\"name\",\"sitename\",\"siteurl\",\"username\"]}'),('com_users.registration.user.admin_activation','com_users','','COM_USERS_EMAIL_ACCOUNT_DETAILS','COM_USERS_EMAIL_REGISTERED_WITH_ADMIN_ACTIVATION_BODY_NOPW','','','{\"tags\":[\"name\",\"sitename\",\"activate\",\"siteurl\",\"username\"]}'),('com_users.registration.user.admin_activation_w_pw','com_users','','COM_USERS_EMAIL_ACCOUNT_DETAILS','COM_USERS_EMAIL_REGISTERED_WITH_ADMIN_ACTIVATION_BODY','','','{\"tags\":[\"name\",\"sitename\",\"activate\",\"siteurl\",\"username\",\"password_clear\"]}'),('com_users.registration.user.registration_mail','com_users','','COM_USERS_EMAIL_ACCOUNT_DETAILS','COM_USERS_EMAIL_REGISTERED_BODY_NOPW','','','{\"tags\":[\"name\",\"sitename\",\"siteurl\",\"username\"]}'),('com_users.registration.user.registration_mail_w_pw','com_users','','COM_USERS_EMAIL_ACCOUNT_DETAILS','COM_USERS_EMAIL_REGISTERED_BODY','','','{\"tags\":[\"name\",\"sitename\",\"siteurl\",\"username\",\"password_clear\"]}'),('com_users.registration.user.self_activation','com_users','','COM_USERS_EMAIL_ACCOUNT_DETAILS','COM_USERS_EMAIL_REGISTERED_WITH_ACTIVATION_BODY_NOPW','','','{\"tags\":[\"name\",\"sitename\",\"activate\",\"siteurl\",\"username\"]}'),('com_users.registration.user.self_activation_w_pw','com_users','','COM_USERS_EMAIL_ACCOUNT_DETAILS','COM_USERS_EMAIL_REGISTERED_WITH_ACTIVATION_BODY','','','{\"tags\":[\"name\",\"sitename\",\"activate\",\"siteurl\",\"username\",\"password_clear\"]}'),('com_users.reminder','com_users','','COM_USERS_EMAIL_USERNAME_REMINDER_SUBJECT','COM_USERS_EMAIL_USERNAME_REMINDER_BODY','','','{\"tags\":[\"name\",\"username\",\"sitename\",\"email\",\"link_text\",\"link_html\"]}'),('plg_content_joomla.newarticle','plg_content_joomla','','PLG_CONTENT_JOOMLA_NEW_ARTICLE_SUBJECT','PLG_CONTENT_JOOMLA_NEW_ARTICLE_BODY','','','{\"tags\":[\"sitename\",\"name\",\"email\",\"title\",\"url\"]}'),('plg_multifactorauth_email.mail','plg_multifactorauth_email','','PLG_MULTIFACTORAUTH_EMAIL_EMAIL_SUBJECT','PLG_MULTIFACTORAUTH_EMAIL_EMAIL_BODY','','','{\"tags\":[\"code\",\"sitename\",\"siteurl\",\"username\",\"email\",\"fullname\"]}'),('plg_system_tasknotification.failure_mail','plg_system_tasknotification','','PLG_SYSTEM_TASK_NOTIFICATION_FAILURE_MAIL_SUBJECT','PLG_SYSTEM_TASK_NOTIFICATION_FAILURE_MAIL_BODY','','','{\"tags\": [\"task_id\", \"task_title\", \"exit_code\", \"exec_data_time\", \"task_output\"]}'),('plg_system_tasknotification.fatal_recovery_mail','plg_system_tasknotification','','PLG_SYSTEM_TASK_NOTIFICATION_FATAL_MAIL_SUBJECT','PLG_SYSTEM_TASK_NOTIFICATION_FATAL_MAIL_BODY','','','{\"tags\": [\"task_id\", \"task_title\"]}'),('plg_system_tasknotification.orphan_mail','plg_system_tasknotification','','PLG_SYSTEM_TASK_NOTIFICATION_ORPHAN_MAIL_SUBJECT','PLG_SYSTEM_TASK_NOTIFICATION_ORPHAN_MAIL_BODY','','','{\"tags\": [\"task_id\", \"task_title\"]}'),('plg_system_tasknotification.success_mail','plg_system_tasknotification','','PLG_SYSTEM_TASK_NOTIFICATION_SUCCESS_MAIL_SUBJECT','PLG_SYSTEM_TASK_NOTIFICATION_SUCCESS_MAIL_BODY','','','{\"tags\":[\"task_id\", \"task_title\", \"exec_data_time\", \"task_output\"]}'),('plg_task_privacyconsent.request.reminder','plg_task_privacyconsent','','PLG_TASK_PRIVACYCONSENT_EMAIL_REMIND_SUBJECT','PLG_TASK_PRIVACYCONSENT_EMAIL_REMIND_BODY','','','{\"tags\":[\"sitename\",\"url\",\"tokenurl\",\"formurl\",\"token\"]}'),('plg_task_updatenotification.mail','plg_task_updatenotification','','PLG_TASK_UPDATENOTIFICATION_EMAIL_SUBJECT','PLG_TASK_UPDATENOTIFICATION_EMAIL_BODY','','','{\"tags\":[\"newversion\",\"curversion\",\"sitename\",\"url\",\"link\",\"releasenews\"]}'),('plg_user_joomla.mail','plg_user_joomla','','PLG_USER_JOOMLA_NEW_USER_EMAIL_SUBJECT','PLG_USER_JOOMLA_NEW_USER_EMAIL_BODY','','','{\"tags\":[\"name\",\"sitename\",\"url\",\"username\",\"password\",\"email\"]}');
/*!40000 ALTER TABLE `lcoa2_mail_templates` ENABLE KEYS */;
UNLOCK TABLES;

--
-- Table structure for table `lcoa2_menu`
--

DROP TABLE IF EXISTS `lcoa2_menu`;
/*!40101 SET @saved_cs_client     = @@character_set_client */;
/*!50503 SET character_set_client = utf8mb4 */;
CREATE TABLE `lcoa2_menu` (
  `id` int NOT NULL AUTO_INCREMENT,
  `menutype` varchar(24) CHARACTER SET utf8mb4 COLLATE utf8mb4_unicode_ci NOT NULL COMMENT 'The type of menu this item belongs to. FK to #__menu_types.menutype',
  `title` varchar(255) CHARACTER SET utf8mb4 COLLATE utf8mb4_unicode_ci NOT NULL COMMENT 'The display title of the menu item.',
  `alias` varchar(400) CHARACTER SET utf8mb4 COLLATE utf8mb4_bin NOT NULL COMMENT 'The SEF alias of the menu item.',
  `note` varchar(255) CHARACTER SET utf8mb4 COLLATE utf8mb4_unicode_ci NOT NULL DEFAULT '',
  `path` varchar(1024) CHARACTER SET utf8mb4 COLLATE utf8mb4_unicode_ci NOT NULL COMMENT 'The computed path of the menu item based on the alias field.',
  `link` varchar(1024) CHARACTER SET utf8mb4 COLLATE utf8mb4_unicode_ci NOT NULL COMMENT 'The actually link the menu item refers to.',
  `type` varchar(16) CHARACTER SET utf8mb4 COLLATE utf8mb4_unicode_ci NOT NULL COMMENT 'The type of link: Component, URL, Alias, Separator',
  `published` tinyint NOT NULL DEFAULT '0' COMMENT 'The published state of the menu link.',
  `parent_id` int unsigned NOT NULL DEFAULT '1' COMMENT 'The parent menu item in the menu tree.',
  `level` int unsigned NOT NULL DEFAULT '0' COMMENT 'The relative level in the tree.',
  `component_id` int unsigned NOT NULL DEFAULT '0' COMMENT 'FK to #__extensions.id',
  `checked_out` int unsigned DEFAULT NULL COMMENT 'FK to #__users.id',
  `checked_out_time` datetime DEFAULT NULL COMMENT 'The time the menu item was checked out.',
  `browserNav` tinyint NOT NULL DEFAULT '0' COMMENT 'The click behaviour of the link.',
  `access` int unsigned NOT NULL DEFAULT '0' COMMENT 'The access level required to view the menu item.',
  `img` varchar(255) CHARACTER SET utf8mb4 COLLATE utf8mb4_unicode_ci NOT NULL COMMENT 'The image of the menu item.',
  `template_style_id` int unsigned NOT NULL DEFAULT '0',
  `params` text CHARACTER SET utf8mb4 COLLATE utf8mb4_unicode_ci NOT NULL COMMENT 'JSON encoded data for the menu item.',
  `lft` int NOT NULL DEFAULT '0' COMMENT 'Nested set lft.',
  `rgt` int NOT NULL DEFAULT '0' COMMENT 'Nested set rgt.',
  `home` tinyint unsigned NOT NULL DEFAULT '0' COMMENT 'Indicates if this menu item is the home or default page.',
  `language` char(7) CHARACTER SET utf8mb4 COLLATE utf8mb4_unicode_ci NOT NULL DEFAULT '',
  `client_id` tinyint NOT NULL DEFAULT '0',
  `publish_up` datetime DEFAULT NULL,
  `publish_down` datetime DEFAULT NULL,
  PRIMARY KEY (`id`),
  UNIQUE KEY `idx_client_id_parent_id_alias_language` (`client_id`,`parent_id`,`alias`(100),`language`),
  KEY `idx_componentid` (`component_id`,`menutype`,`published`,`access`),
  KEY `idx_menutype` (`menutype`),
  KEY `idx_left_right` (`lft`,`rgt`),
  KEY `idx_alias` (`alias`(100)),
  KEY `idx_path` (`path`(100)),
  KEY `idx_language` (`language`)
) ENGINE=InnoDB AUTO_INCREMENT=103 DEFAULT CHARSET=utf8mb4 COLLATE=utf8mb4_unicode_ci;
/*!40101 SET character_set_client = @saved_cs_client */;

--
-- Dumping data for table `lcoa2_menu`
--

LOCK TABLES `lcoa2_menu` WRITE;
/*!40000 ALTER TABLE `lcoa2_menu` DISABLE KEYS */;
INSERT INTO `lcoa2_menu` VALUES (1,'','Menu_Item_Root','root','','','','',1,0,0,0,NULL,NULL,0,0,'',0,'',0,45,0,'*',0,NULL,NULL),(2,'main','com_banners','Banners','','Banners','index.php?option=com_banners','component',1,1,1,3,NULL,NULL,0,0,'class:bookmark',0,'',1,10,0,'*',1,NULL,NULL),(3,'main','com_banners','Banners','','Banners/Banners','index.php?option=com_banners&view=banners','component',1,2,2,3,NULL,NULL,0,0,'class:banners',0,'',2,3,0,'*',1,NULL,NULL),(4,'main','com_banners_categories','Categories','','Banners/Categories','index.php?option=com_categories&view=categories&extension=com_banners','component',1,2,2,5,NULL,NULL,0,0,'class:banners-cat',0,'',4,5,0,'*',1,NULL,NULL),(5,'main','com_banners_clients','Clients','','Banners/Clients','index.php?option=com_banners&view=clients','component',1,2,2,3,NULL,NULL,0,0,'class:banners-clients',0,'',6,7,0,'*',1,NULL,NULL),(6,'main','com_banners_tracks','Tracks','','Banners/Tracks','index.php?option=com_banners&view=tracks','component',1,2,2,3,NULL,NULL,0,0,'class:banners-tracks',0,'',8,9,0,'*',1,NULL,NULL),(7,'main','com_contact','Contacts','','Contacts','index.php?option=com_contact','component',1,1,1,7,NULL,NULL,0,0,'class:address-book',0,'',11,20,0,'*',1,NULL,NULL),(8,'main','com_contact_contacts','Contacts','','Contacts/Contacts','index.php?option=com_contact&view=contacts','component',1,7,2,7,NULL,NULL,0,0,'class:contact',0,'',12,13,0,'*',1,NULL,NULL),(9,'main','com_contact_categories','Categories','','Contacts/Categories','index.php?option=com_categories&view=categories&extension=com_contact','component',1,7,2,5,NULL,NULL,0,0,'class:contact-cat',0,'',14,15,0,'*',1,NULL,NULL),(10,'main','com_newsfeeds','News Feeds','','News Feeds','index.php?option=com_newsfeeds','component',1,1,1,16,NULL,NULL,0,0,'class:rss',0,'',23,28,0,'*',1,NULL,NULL),(11,'main','com_newsfeeds_feeds','Feeds','','News Feeds/Feeds','index.php?option=com_newsfeeds&view=newsfeeds','component',1,10,2,16,NULL,NULL,0,0,'class:newsfeeds',0,'',24,25,0,'*',1,NULL,NULL),(12,'main','com_newsfeeds_categories','Categories','','News Feeds/Categories','index.php?option=com_categories&view=categories&extension=com_newsfeeds','component',1,10,2,5,NULL,NULL,0,0,'class:newsfeeds-cat',0,'',26,27,0,'*',1,NULL,NULL),(13,'main','com_finder','Smart Search','','Smart Search','index.php?option=com_finder','component',1,1,1,23,NULL,NULL,0,0,'class:search-plus',0,'',29,38,0,'*',1,NULL,NULL),(14,'main','com_tags','Tags','','Tags','index.php?option=com_tags&view=tags','component',1,1,1,25,NULL,NULL,0,1,'class:tags',0,'',39,40,0,'',1,NULL,NULL),(15,'main','com_associations','Multilingual Associations','','Multilingual Associations','index.php?option=com_associations&view=associations','component',1,1,1,30,NULL,NULL,0,0,'class:language',0,'',21,22,0,'*',1,NULL,NULL),(16,'main','mod_menu_fields','Contact Custom Fields','','contact/Custom Fields','index.php?option=com_fields&context=com_contact.contact','component',1,7,2,29,NULL,NULL,0,0,'class:messages-add',0,'',16,17,0,'*',1,NULL,NULL),(17,'main','mod_menu_fields_group','Contact Custom Fields Group','','contact/Custom Fields Group','index.php?option=com_fields&view=groups&context=com_contact.contact','component',1,7,2,29,NULL,NULL,0,0,'class:messages-add',0,'',18,19,0,'*',1,NULL,NULL),(18,'main','com_finder_index','Smart-Search-Index','','Smart Search/Index','index.php?option=com_finder&view=index','component',1,13,2,23,NULL,NULL,0,0,'class:finder',0,'',30,31,0,'*',1,NULL,NULL),(19,'main','com_finder_maps','Smart-Search-Maps','','Smart Search/Maps','index.php?option=com_finder&view=maps','component',1,13,2,23,NULL,NULL,0,0,'class:finder-maps',0,'',32,33,0,'*',1,NULL,NULL),(20,'main','com_finder_filters','Smart-Search-Filters','','Smart Search/Filters','index.php?option=com_finder&view=filters','component',1,13,2,23,NULL,NULL,0,0,'class:finder-filters',0,'',34,35,0,'*',1,NULL,NULL),(21,'main','com_finder_searches','Smart-Search-Searches','','Smart Search/Searches','index.php?option=com_finder&view=searches','component',1,13,2,23,NULL,NULL,0,0,'class:finder-searches',0,'',36,37,0,'*',1,NULL,NULL),(101,'mainmenu','Home','home','','home','index.php?option=com_content&view=featured','component',1,1,1,19,NULL,NULL,0,1,'',0,'{\"featured_categories\":[\"\"],\"layout_type\":\"blog\",\"blog_class_leading\":\"\",\"blog_class\":\"\",\"num_leading_articles\":\"1\",\"num_intro_articles\":\"3\",\"num_links\":\"0\",\"link_intro_image\":\"\",\"orderby_pri\":\"\",\"orderby_sec\":\"front\",\"order_date\":\"\",\"show_pagination\":\"2\",\"show_pagination_results\":\"1\",\"show_title\":\"\",\"link_titles\":\"\",\"show_intro\":\"\",\"info_block_position\":\"\",\"info_block_show_title\":\"\",\"show_category\":\"\",\"link_category\":\"\",\"show_parent_category\":\"\",\"link_parent_category\":\"\",\"show_associations\":\"\",\"show_author\":\"\",\"link_author\":\"\",\"show_create_date\":\"\",\"show_modify_date\":\"\",\"show_publish_date\":\"\",\"show_item_navigation\":\"\",\"show_vote\":\"\",\"show_readmore\":\"\",\"show_readmore_title\":\"\",\"show_hits\":\"\",\"show_tags\":\"\",\"show_noauth\":\"\",\"show_feed_link\":\"1\",\"feed_summary\":\"\",\"menu-anchor_title\":\"\",\"menu-anchor_css\":\"\",\"menu_image\":\"\",\"menu_image_css\":\"\",\"menu_text\":1,\"menu_show\":1,\"page_title\":\"\",\"show_page_heading\":\"1\",\"page_heading\":\"\",\"pageclass_sfx\":\"\",\"menu-meta_description\":\"\",\"robots\":\"\"}',41,42,1,'*',0,NULL,NULL),(102,'mainmenu','Unsere Clubs','unsere-clubs','','unsere-clubs','index.php?option=com_content&view=category&layout=blog&id=8','component',1,1,1,19,NULL,NULL,0,1,' ',0,'{\"layout_type\":\"blog\",\"show_category_title\":\"\",\"show_description\":\"\",\"show_description_image\":\"\",\"maxLevel\":\"\",\"show_empty_categories\":\"\",\"show_no_articles\":\"\",\"show_category_heading_title_text\":\"\",\"show_subcat_desc\":\"\",\"show_cat_num_articles\":\"\",\"show_cat_tags\":\"\",\"num_leading_articles\":\"\",\"blog_class_leading\":\"\",\"num_intro_articles\":\"\",\"blog_class\":\"\",\"num_columns\":\"\",\"multi_column_order\":\"\",\"num_links\":\"\",\"show_featured\":\"\",\"link_intro_image\":\"\",\"show_subcategory_content\":\"\",\"orderby_pri\":\"\",\"orderby_sec\":\"\",\"order_date\":\"\",\"show_pagination\":\"\",\"show_pagination_results\":\"\",\"article_layout\":\"_:default\",\"show_title\":\"\",\"link_titles\":\"\",\"show_intro\":\"\",\"info_block_position\":\"\",\"info_block_show_title\":\"\",\"show_category\":\"\",\"link_category\":\"\",\"show_parent_category\":\"\",\"link_parent_category\":\"\",\"show_author\":\"\",\"link_author\":\"\",\"show_create_date\":\"\",\"show_modify_date\":\"\",\"show_publish_date\":\"\",\"show_item_navigation\":\"\",\"show_readmore\":\"\",\"show_readmore_title\":\"\",\"show_hits\":\"\",\"show_tags\":\"\",\"show_noauth\":\"\",\"show_feed_link\":\"\",\"feed_summary\":\"\",\"menu-anchor_title\":\"\",\"menu-anchor_css\":\"\",\"menu_icon_css\":\"\",\"menu_image\":\"\",\"menu_image_css\":\"\",\"menu_text\":1,\"menu_show\":1,\"page_title\":\"\",\"show_page_heading\":\"\",\"page_heading\":\"\",\"pageclass_sfx\":\"\",\"menu-meta_description\":\"\",\"robots\":\"\"}',43,44,0,'*',0,NULL,NULL);
/*!40000 ALTER TABLE `lcoa2_menu` ENABLE KEYS */;
UNLOCK TABLES;

--
-- Table structure for table `lcoa2_menu_types`
--

DROP TABLE IF EXISTS `lcoa2_menu_types`;
/*!40101 SET @saved_cs_client     = @@character_set_client */;
/*!50503 SET character_set_client = utf8mb4 */;
CREATE TABLE `lcoa2_menu_types` (
  `id` int unsigned NOT NULL AUTO_INCREMENT,
  `asset_id` int unsigned NOT NULL DEFAULT '0',
  `menutype` varchar(24) CHARACTER SET utf8mb4 COLLATE utf8mb4_unicode_ci NOT NULL,
  `title` varchar(48) CHARACTER SET utf8mb4 COLLATE utf8mb4_unicode_ci NOT NULL,
  `description` varchar(255) CHARACTER SET utf8mb4 COLLATE utf8mb4_unicode_ci NOT NULL DEFAULT '',
  `client_id` int NOT NULL DEFAULT '0',
  `ordering` int NOT NULL DEFAULT '0',
  PRIMARY KEY (`id`),
  UNIQUE KEY `idx_menutype` (`menutype`)
) ENGINE=InnoDB AUTO_INCREMENT=2 DEFAULT CHARSET=utf8mb4 COLLATE=utf8mb4_unicode_ci;
/*!40101 SET character_set_client = @saved_cs_client */;

--
-- Dumping data for table `lcoa2_menu_types`
--

LOCK TABLES `lcoa2_menu_types` WRITE;
/*!40000 ALTER TABLE `lcoa2_menu_types` DISABLE KEYS */;
INSERT INTO `lcoa2_menu_types` VALUES (1,0,'mainmenu','Main Menu','The main menu for the site',0,1);
/*!40000 ALTER TABLE `lcoa2_menu_types` ENABLE KEYS */;
UNLOCK TABLES;

--
-- Table structure for table `lcoa2_messages`
--

DROP TABLE IF EXISTS `lcoa2_messages`;
/*!40101 SET @saved_cs_client     = @@character_set_client */;
/*!50503 SET character_set_client = utf8mb4 */;
CREATE TABLE `lcoa2_messages` (
  `message_id` int unsigned NOT NULL AUTO_INCREMENT,
  `user_id_from` int unsigned NOT NULL DEFAULT '0',
  `user_id_to` int unsigned NOT NULL DEFAULT '0',
  `folder_id` tinyint unsigned NOT NULL DEFAULT '0',
  `date_time` datetime NOT NULL,
  `state` tinyint NOT NULL DEFAULT '0',
  `priority` tinyint unsigned NOT NULL DEFAULT '0',
  `subject` varchar(255) CHARACTER SET utf8mb4 COLLATE utf8mb4_unicode_ci NOT NULL DEFAULT '',
  `message` text CHARACTER SET utf8mb4 COLLATE utf8mb4_unicode_ci NOT NULL,
  PRIMARY KEY (`message_id`),
  KEY `useridto_state` (`user_id_to`,`state`)
) ENGINE=InnoDB DEFAULT CHARSET=utf8mb4 COLLATE=utf8mb4_unicode_ci;
/*!40101 SET character_set_client = @saved_cs_client */;

--
-- Dumping data for table `lcoa2_messages`
--

LOCK TABLES `lcoa2_messages` WRITE;
/*!40000 ALTER TABLE `lcoa2_messages` DISABLE KEYS */;
/*!40000 ALTER TABLE `lcoa2_messages` ENABLE KEYS */;
UNLOCK TABLES;

--
-- Table structure for table `lcoa2_messages_cfg`
--

DROP TABLE IF EXISTS `lcoa2_messages_cfg`;
/*!40101 SET @saved_cs_client     = @@character_set_client */;
/*!50503 SET character_set_client = utf8mb4 */;
CREATE TABLE `lcoa2_messages_cfg` (
  `user_id` int unsigned NOT NULL DEFAULT '0',
  `cfg_name` varchar(100) CHARACTER SET utf8mb4 COLLATE utf8mb4_unicode_ci NOT NULL DEFAULT '',
  `cfg_value` varchar(255) CHARACTER SET utf8mb4 COLLATE utf8mb4_unicode_ci NOT NULL DEFAULT '',
  UNIQUE KEY `idx_user_var_name` (`user_id`,`cfg_name`)
) ENGINE=InnoDB DEFAULT CHARSET=utf8mb4 COLLATE=utf8mb4_unicode_ci;
/*!40101 SET character_set_client = @saved_cs_client */;

--
-- Dumping data for table `lcoa2_messages_cfg`
--

LOCK TABLES `lcoa2_messages_cfg` WRITE;
/*!40000 ALTER TABLE `lcoa2_messages_cfg` DISABLE KEYS */;
/*!40000 ALTER TABLE `lcoa2_messages_cfg` ENABLE KEYS */;
UNLOCK TABLES;

--
-- Table structure for table `lcoa2_modules`
--

DROP TABLE IF EXISTS `lcoa2_modules`;
/*!40101 SET @saved_cs_client     = @@character_set_client */;
/*!50503 SET character_set_client = utf8mb4 */;
CREATE TABLE `lcoa2_modules` (
  `id` int NOT NULL AUTO_INCREMENT,
  `asset_id` int unsigned NOT NULL DEFAULT '0' COMMENT 'FK to the #__assets table.',
  `title` varchar(100) CHARACTER SET utf8mb4 COLLATE utf8mb4_unicode_ci NOT NULL DEFAULT '',
  `note` varchar(255) CHARACTER SET utf8mb4 COLLATE utf8mb4_unicode_ci NOT NULL DEFAULT '',
  `content` text CHARACTER SET utf8mb4 COLLATE utf8mb4_unicode_ci,
  `ordering` int NOT NULL DEFAULT '0',
  `position` varchar(50) CHARACTER SET utf8mb4 COLLATE utf8mb4_unicode_ci NOT NULL DEFAULT '',
  `checked_out` int unsigned DEFAULT NULL,
  `checked_out_time` datetime DEFAULT NULL,
  `publish_up` datetime DEFAULT NULL,
  `publish_down` datetime DEFAULT NULL,
  `published` tinyint NOT NULL DEFAULT '0',
  `module` varchar(50) CHARACTER SET utf8mb4 COLLATE utf8mb4_unicode_ci DEFAULT NULL,
  `access` int unsigned NOT NULL DEFAULT '0',
  `showtitle` tinyint unsigned NOT NULL DEFAULT '1',
  `params` text CHARACTER SET utf8mb4 COLLATE utf8mb4_unicode_ci NOT NULL,
  `client_id` tinyint NOT NULL DEFAULT '0',
  `language` char(7) CHARACTER SET utf8mb4 COLLATE utf8mb4_unicode_ci NOT NULL,
  PRIMARY KEY (`id`),
  KEY `published` (`published`,`access`),
  KEY `newsfeeds` (`module`,`published`),
  KEY `idx_language` (`language`)
) ENGINE=InnoDB AUTO_INCREMENT=110 DEFAULT CHARSET=utf8mb4 COLLATE=utf8mb4_unicode_ci;
/*!40101 SET character_set_client = @saved_cs_client */;

--
-- Dumping data for table `lcoa2_modules`
--

LOCK TABLES `lcoa2_modules` WRITE;
/*!40000 ALTER TABLE `lcoa2_modules` DISABLE KEYS */;
INSERT INTO `lcoa2_modules` VALUES (1,39,'Main Menu','','',1,'sidebar-right',NULL,NULL,NULL,NULL,1,'mod_menu',1,1,'{\"menutype\":\"mainmenu\",\"startLevel\":\"0\",\"endLevel\":\"0\",\"showAllChildren\":\"1\",\"tag_id\":\"\",\"class_sfx\":\"\",\"window_open\":\"\",\"layout\":\"_:default\",\"moduleclass_sfx\":\"\",\"cache\":\"1\",\"cache_time\":\"900\",\"cachemode\":\"itemid\"}',0,'*'),(2,40,'Login','','',1,'login',NULL,NULL,NULL,NULL,1,'mod_login',1,1,'',1,'*'),(3,41,'Popular Articles','','',6,'cpanel',NULL,NULL,NULL,NULL,1,'mod_popular',3,1,'{\"count\":\"5\",\"catid\":\"\",\"user_id\":\"0\",\"layout\":\"_:default\",\"moduleclass_sfx\":\"\",\"cache\":\"0\", \"bootstrap_size\": \"12\",\"header_tag\":\"h2\"}',1,'*'),(4,42,'Recently Added Articles','','',4,'cpanel',NULL,NULL,NULL,NULL,1,'mod_latest',3,1,'{\"count\":\"5\",\"ordering\":\"c_dsc\",\"catid\":\"\",\"user_id\":\"0\",\"layout\":\"_:default\",\"moduleclass_sfx\":\"\",\"cache\":\"0\", \"bootstrap_size\": \"12\",\"header_tag\":\"h2\"}',1,'*'),(8,43,'Toolbar','','',1,'toolbar',NULL,NULL,NULL,NULL,1,'mod_toolbar',3,1,'',1,'*'),(9,44,'Notifications','','',3,'icon',NULL,NULL,NULL,NULL,1,'mod_quickicon',3,1,'{\"context\":\"update_quickicon\",\"header_icon\":\"icon-sync\",\"show_jupdate\":\"1\",\"show_eupdate\":\"1\",\"show_oupdate\":\"1\",\"show_privacy\":\"1\",\"layout\":\"_:default\",\"moduleclass_sfx\":\"\",\"cache\":1,\"cache_time\":900,\"style\":\"0\",\"module_tag\":\"div\",\"bootstrap_size\":\"12\",\"header_tag\":\"h2\",\"header_class\":\"\"}',1,'*'),(10,45,'Logged-in Users','','',2,'cpanel',NULL,NULL,NULL,NULL,1,'mod_logged',3,1,'{\"count\":\"5\",\"name\":\"1\",\"layout\":\"_:default\",\"moduleclass_sfx\":\"\",\"cache\":\"0\", \"bootstrap_size\": \"12\",\"header_tag\":\"h2\"}',1,'*'),(12,46,'Admin Menu','','',1,'menu',NULL,NULL,NULL,NULL,1,'mod_menu',3,1,'{\"layout\":\"\",\"moduleclass_sfx\":\"\",\"shownew\":\"1\",\"showhelp\":\"1\",\"cache\":\"0\"}',1,'*'),(15,49,'Title','','',1,'title',NULL,NULL,NULL,NULL,1,'mod_title',3,1,'',1,'*'),(16,50,'Login Form','','',7,'sidebar-right',NULL,NULL,NULL,NULL,1,'mod_login',1,1,'{\"greeting\":\"1\",\"name\":\"0\"}',0,'*'),(17,51,'Breadcrumbs','','',1,'breadcrumbs',NULL,NULL,NULL,NULL,1,'mod_breadcrumbs',1,1,'{\"moduleclass_sfx\":\"\",\"showHome\":\"1\",\"homeText\":\"\",\"showComponent\":\"1\",\"separator\":\"\",\"cache\":\"0\",\"cache_time\":\"0\",\"cachemode\":\"itemid\"}',0,'*'),(79,52,'Multilanguage status','','',2,'status',NULL,NULL,NULL,NULL,1,'mod_multilangstatus',3,1,'{\"layout\":\"_:default\",\"moduleclass_sfx\":\"\",\"cache\":\"0\"}',1,'*'),(86,53,'Joomla Version','','',1,'status',NULL,NULL,NULL,NULL,1,'mod_version',3,1,'{\"layout\":\"_:default\",\"moduleclass_sfx\":\"\",\"cache\":\"0\"}',1,'*'),(87,55,'Sample Data','','',1,'cpanel',NULL,NULL,NULL,NULL,1,'mod_sampledata',6,1,'{\"bootstrap_size\": \"12\",\"header_tag\":\"h2\"}',1,'*'),(88,67,'Latest Actions','','',3,'cpanel',NULL,NULL,NULL,NULL,1,'mod_latestactions',6,1,'{\"bootstrap_size\": \"12\",\"header_tag\":\"h2\"}',1,'*'),(89,68,'Privacy Dashboard','','',5,'cpanel',NULL,NULL,NULL,NULL,1,'mod_privacy_dashboard',6,1,'{\"bootstrap_size\": \"12\",\"header_tag\":\"h2\"}',1,'*'),(90,89,'Login Support','','',1,'sidebar',NULL,NULL,NULL,NULL,1,'mod_loginsupport',1,1,'{\"forum_url\":\"https://forum.joomla.org/\",\"documentation_url\":\"https://docs.joomla.org/\",\"news_url\":\"https://www.joomla.org/announcements.html\",\"automatic_title\":1,\"prepare_content\":1,\"layout\":\"_:default\",\"moduleclass_sfx\":\"\",\"cache\":1,\"cache_time\":900,\"module_tag\":\"div\",\"bootstrap_size\":\"0\",\"header_tag\":\"h3\",\"header_class\":\"\",\"style\":\"0\"}',1,'*'),(91,72,'System Dashboard','','',1,'cpanel-system',NULL,NULL,NULL,NULL,1,'mod_submenu',1,0,'{\"menutype\":\"*\",\"preset\":\"system\",\"layout\":\"_:default\",\"moduleclass_sfx\":\"\",\"module_tag\":\"div\",\"bootstrap_size\":\"12\",\"header_tag\":\"h2\",\"header_class\":\"\",\"style\":\"System-none\"}',1,'*'),(92,73,'Content Dashboard','','',1,'cpanel-content',NULL,NULL,NULL,NULL,1,'mod_submenu',1,0,'{\"menutype\":\"*\",\"preset\":\"content\",\"layout\":\"_:default\",\"moduleclass_sfx\":\"\",\"module_tag\":\"div\",\"bootstrap_size\":\"12\",\"header_tag\":\"h2\",\"header_class\":\"\",\"style\":\"System-none\"}',1,'*'),(93,74,'Menus Dashboard','','',1,'cpanel-menus',NULL,NULL,NULL,NULL,1,'mod_submenu',1,0,'{\"menutype\":\"*\",\"preset\":\"menus\",\"layout\":\"_:default\",\"moduleclass_sfx\":\"\",\"module_tag\":\"div\",\"bootstrap_size\":\"12\",\"header_tag\":\"h2\",\"header_class\":\"\",\"style\":\"System-none\"}',1,'*'),(94,75,'Components Dashboard','','',1,'cpanel-components',NULL,NULL,NULL,NULL,1,'mod_submenu',1,0,'{\"menutype\":\"*\",\"preset\":\"components\",\"layout\":\"_:default\",\"moduleclass_sfx\":\"\",\"module_tag\":\"div\",\"bootstrap_size\":\"12\",\"header_tag\":\"h2\",\"header_class\":\"\",\"style\":\"System-none\"}',1,'*'),(95,76,'Users Dashboard','','',1,'cpanel-users',NULL,NULL,NULL,NULL,1,'mod_submenu',1,0,'{\"menutype\":\"*\",\"preset\":\"users\",\"layout\":\"_:default\",\"moduleclass_sfx\":\"\",\"module_tag\":\"div\",\"bootstrap_size\":\"12\",\"header_tag\":\"h2\",\"header_class\":\"\",\"style\":\"System-none\"}',1,'*'),(96,86,'Popular Articles','','',3,'cpanel-content',NULL,NULL,NULL,NULL,1,'mod_popular',3,1,'{\"count\":\"5\",\"catid\":\"\",\"user_id\":\"0\",\"layout\":\"_:default\",\"moduleclass_sfx\":\"\",\"cache\":\"0\", \"bootstrap_size\": \"12\",\"header_tag\":\"h2\"}',1,'*'),(97,87,'Recently Added Articles','','',4,'cpanel-content',NULL,NULL,NULL,NULL,1,'mod_latest',3,1,'{\"count\":\"5\",\"ordering\":\"c_dsc\",\"catid\":\"\",\"user_id\":\"0\",\"layout\":\"_:default\",\"moduleclass_sfx\":\"\",\"cache\":\"0\", \"bootstrap_size\": \"12\",\"header_tag\":\"h2\"}',1,'*'),(98,88,'Logged-in Users','','',2,'cpanel-users',NULL,NULL,NULL,NULL,1,'mod_logged',3,1,'{\"count\":\"5\",\"name\":\"1\",\"layout\":\"_:default\",\"moduleclass_sfx\":\"\",\"cache\":\"0\", \"bootstrap_size\": \"12\",\"header_tag\":\"h2\"}',1,'*'),(99,77,'Frontend Link','','',5,'status',NULL,NULL,NULL,NULL,1,'mod_frontend',1,1,'',1,'*'),(100,78,'Messages','','',4,'status',NULL,NULL,NULL,NULL,1,'mod_messages',3,1,'',1,'*'),(101,79,'Post Install Messages','','',3,'status',NULL,NULL,NULL,NULL,1,'mod_post_installation_messages',3,1,'',1,'*'),(102,80,'User Status','','',6,'status',NULL,NULL,NULL,NULL,1,'mod_user',3,1,'',1,'*'),(103,70,'Site','','',1,'icon',82,'2026-02-02 07:37:40',NULL,NULL,0,'mod_quickicon',1,1,'{\"context\":\"site_quickicon\",\"header_icon\":\"icon-desktop\",\"show_users\":\"1\",\"show_articles\":\"1\",\"show_categories\":\"1\",\"show_media\":\"1\",\"show_menuItems\":\"1\",\"show_modules\":\"1\",\"show_plugins\":\"1\",\"show_templates\":\"1\",\"layout\":\"_:default\",\"moduleclass_sfx\":\"\",\"cache\":1,\"cache_time\":900,\"style\":\"0\",\"module_tag\":\"div\",\"bootstrap_size\":\"12\",\"header_tag\":\"h2\",\"header_class\":\"\"}',1,'*'),(104,71,'System','','',2,'icon',NULL,NULL,NULL,NULL,1,'mod_quickicon',1,1,'{\"context\":\"system_quickicon\",\"header_icon\":\"icon-wrench\",\"show_global\":\"1\",\"show_checkin\":\"1\",\"show_cache\":\"1\",\"layout\":\"_:default\",\"moduleclass_sfx\":\"\",\"cache\":1,\"cache_time\":900,\"style\":\"0\",\"module_tag\":\"div\",\"bootstrap_size\":\"12\",\"header_tag\":\"h2\",\"header_class\":\"\"}',1,'*'),(105,82,'3rd Party','','',4,'icon',NULL,NULL,NULL,NULL,1,'mod_quickicon',1,1,'{\"context\":\"mod_quickicon\",\"header_icon\":\"icon-boxes\",\"load_plugins\":\"1\",\"layout\":\"_:default\",\"moduleclass_sfx\":\"\",\"cache\":1,\"cache_time\":900,\"style\":\"0\",\"module_tag\":\"div\",\"bootstrap_size\":\"12\",\"header_tag\":\"h2\",\"header_class\":\"\"}',1,'*'),(106,83,'Help Dashboard','','',1,'cpanel-help',NULL,NULL,NULL,NULL,1,'mod_submenu',1,0,'{\"menutype\":\"*\",\"preset\":\"help\",\"layout\":\"_:default\",\"moduleclass_sfx\":\"\",\"style\":\"System-none\",\"module_tag\":\"div\",\"bootstrap_size\":\"12\",\"header_tag\":\"h2\",\"header_class\":\"\"}',1,'*'),(107,84,'Privacy Requests','','',1,'cpanel-privacy',NULL,NULL,NULL,NULL,1,'mod_privacy_dashboard',1,1,'{\"layout\":\"_:default\",\"moduleclass_sfx\":\"\",\"cache\":1,\"cache_time\":900,\"cachemode\":\"static\",\"style\":\"0\",\"module_tag\":\"div\",\"bootstrap_size\":\"12\",\"header_tag\":\"h2\",\"header_class\":\"\"}',1,'*'),(108,85,'Privacy Status','','',1,'cpanel-privacy',NULL,NULL,NULL,NULL,1,'mod_privacy_status',1,1,'{\"layout\":\"_:default\",\"moduleclass_sfx\":\"\",\"cache\":1,\"cache_time\":900,\"cachemode\":\"static\",\"style\":\"0\",\"module_tag\":\"div\",\"bootstrap_size\":\"12\",\"header_tag\":\"h2\",\"header_class\":\"\"}',1,'*'),(109,96,'Guided Tours','','',1,'status',NULL,NULL,NULL,NULL,1,'mod_guidedtours',1,1,'',1,'*');
/*!40000 ALTER TABLE `lcoa2_modules` ENABLE KEYS */;
UNLOCK TABLES;

--
-- Table structure for table `lcoa2_modules_menu`
--

DROP TABLE IF EXISTS `lcoa2_modules_menu`;
/*!40101 SET @saved_cs_client     = @@character_set_client */;
/*!50503 SET character_set_client = utf8mb4 */;
CREATE TABLE `lcoa2_modules_menu` (
  `moduleid` int NOT NULL DEFAULT '0',
  `menuid` int NOT NULL DEFAULT '0',
  PRIMARY KEY (`moduleid`,`menuid`)
) ENGINE=InnoDB DEFAULT CHARSET=utf8mb4 COLLATE=utf8mb4_unicode_ci;
/*!40101 SET character_set_client = @saved_cs_client */;

--
-- Dumping data for table `lcoa2_modules_menu`
--

LOCK TABLES `lcoa2_modules_menu` WRITE;
/*!40000 ALTER TABLE `lcoa2_modules_menu` DISABLE KEYS */;
INSERT INTO `lcoa2_modules_menu` VALUES (1,0),(2,0),(3,0),(4,0),(6,0),(7,0),(8,0),(9,0),(10,0),(12,0),(14,0),(15,0),(16,0),(17,0),(79,0),(86,0),(87,0),(88,0),(89,0),(90,0),(91,0),(92,0),(93,0),(94,0),(95,0),(96,0),(97,0),(98,0),(99,0),(100,0),(101,0),(102,0),(103,0),(104,0),(105,0),(106,0),(107,0),(108,0),(109,0);
/*!40000 ALTER TABLE `lcoa2_modules_menu` ENABLE KEYS */;
UNLOCK TABLES;

--
-- Table structure for table `lcoa2_newsfeeds`
--

DROP TABLE IF EXISTS `lcoa2_newsfeeds`;
/*!40101 SET @saved_cs_client     = @@character_set_client */;
/*!50503 SET character_set_client = utf8mb4 */;
CREATE TABLE `lcoa2_newsfeeds` (
  `catid` int NOT NULL DEFAULT '0',
  `id` int unsigned NOT NULL AUTO_INCREMENT,
  `name` varchar(100) CHARACTER SET utf8mb4 COLLATE utf8mb4_unicode_ci NOT NULL DEFAULT '',
  `alias` varchar(400) CHARACTER SET utf8mb4 COLLATE utf8mb4_bin NOT NULL DEFAULT '',
  `link` varchar(2048) CHARACTER SET utf8mb4 COLLATE utf8mb4_unicode_ci NOT NULL DEFAULT '',
  `published` tinyint NOT NULL DEFAULT '0',
  `numarticles` int unsigned NOT NULL DEFAULT '1',
  `cache_time` int unsigned NOT NULL DEFAULT '3600',
  `checked_out` int unsigned DEFAULT NULL,
  `checked_out_time` datetime DEFAULT NULL,
  `ordering` int NOT NULL DEFAULT '0',
  `rtl` tinyint NOT NULL DEFAULT '0',
  `access` int unsigned NOT NULL DEFAULT '0',
  `language` char(7) CHARACTER SET utf8mb4 COLLATE utf8mb4_unicode_ci NOT NULL DEFAULT '',
  `params` text CHARACTER SET utf8mb4 COLLATE utf8mb4_unicode_ci NOT NULL,
  `created` datetime NOT NULL,
  `created_by` int unsigned NOT NULL DEFAULT '0',
  `created_by_alias` varchar(255) CHARACTER SET utf8mb4 COLLATE utf8mb4_unicode_ci NOT NULL DEFAULT '',
  `modified` datetime NOT NULL,
  `modified_by` int unsigned NOT NULL DEFAULT '0',
  `metakey` text CHARACTER SET utf8mb4 COLLATE utf8mb4_unicode_ci,
  `metadesc` text CHARACTER SET utf8mb4 COLLATE utf8mb4_unicode_ci NOT NULL,
  `metadata` text CHARACTER SET utf8mb4 COLLATE utf8mb4_unicode_ci NOT NULL,
  `publish_up` datetime DEFAULT NULL,
  `publish_down` datetime DEFAULT NULL,
  `description` text CHARACTER SET utf8mb4 COLLATE utf8mb4_unicode_ci NOT NULL,
  `version` int unsigned NOT NULL DEFAULT '1',
  `hits` int unsigned NOT NULL DEFAULT '0',
  `images` text CHARACTER SET utf8mb4 COLLATE utf8mb4_unicode_ci NOT NULL,
  PRIMARY KEY (`id`),
  KEY `idx_access` (`access`),
  KEY `idx_checkout` (`checked_out`),
  KEY `idx_state` (`published`),
  KEY `idx_catid` (`catid`),
  KEY `idx_createdby` (`created_by`),
  KEY `idx_language` (`language`)
) ENGINE=InnoDB DEFAULT CHARSET=utf8mb4 COLLATE=utf8mb4_unicode_ci;
/*!40101 SET character_set_client = @saved_cs_client */;

--
-- Dumping data for table `lcoa2_newsfeeds`
--

LOCK TABLES `lcoa2_newsfeeds` WRITE;
/*!40000 ALTER TABLE `lcoa2_newsfeeds` DISABLE KEYS */;
/*!40000 ALTER TABLE `lcoa2_newsfeeds` ENABLE KEYS */;
UNLOCK TABLES;

--
-- Table structure for table `lcoa2_overrider`
--

DROP TABLE IF EXISTS `lcoa2_overrider`;
/*!40101 SET @saved_cs_client     = @@character_set_client */;
/*!50503 SET character_set_client = utf8mb4 */;
CREATE TABLE `lcoa2_overrider` (
  `id` int NOT NULL AUTO_INCREMENT COMMENT 'Primary Key',
  `constant` varchar(255) CHARACTER SET utf8mb4 COLLATE utf8mb4_unicode_ci NOT NULL,
  `string` text CHARACTER SET utf8mb4 COLLATE utf8mb4_unicode_ci NOT NULL,
  `file` varchar(255) CHARACTER SET utf8mb4 COLLATE utf8mb4_unicode_ci NOT NULL,
  PRIMARY KEY (`id`)
) ENGINE=InnoDB DEFAULT CHARSET=utf8mb4 COLLATE=utf8mb4_unicode_ci;
/*!40101 SET character_set_client = @saved_cs_client */;

--
-- Dumping data for table `lcoa2_overrider`
--

LOCK TABLES `lcoa2_overrider` WRITE;
/*!40000 ALTER TABLE `lcoa2_overrider` DISABLE KEYS */;
/*!40000 ALTER TABLE `lcoa2_overrider` ENABLE KEYS */;
UNLOCK TABLES;

--
-- Table structure for table `lcoa2_postinstall_messages`
--

DROP TABLE IF EXISTS `lcoa2_postinstall_messages`;
/*!40101 SET @saved_cs_client     = @@character_set_client */;
/*!50503 SET character_set_client = utf8mb4 */;
CREATE TABLE `lcoa2_postinstall_messages` (
  `postinstall_message_id` bigint unsigned NOT NULL AUTO_INCREMENT,
  `extension_id` bigint NOT NULL DEFAULT '700' COMMENT 'FK to #__extensions',
  `title_key` varchar(255) CHARACTER SET utf8mb4 COLLATE utf8mb4_unicode_ci NOT NULL DEFAULT '' COMMENT 'Lang key for the title',
  `description_key` varchar(255) CHARACTER SET utf8mb4 COLLATE utf8mb4_unicode_ci NOT NULL DEFAULT '' COMMENT 'Lang key for description',
  `action_key` varchar(255) CHARACTER SET utf8mb4 COLLATE utf8mb4_unicode_ci NOT NULL DEFAULT '',
  `language_extension` varchar(255) CHARACTER SET utf8mb4 COLLATE utf8mb4_unicode_ci NOT NULL DEFAULT 'com_postinstall' COMMENT 'Extension holding lang keys',
  `language_client_id` tinyint NOT NULL DEFAULT '1',
  `type` varchar(10) CHARACTER SET utf8mb4 COLLATE utf8mb4_unicode_ci NOT NULL DEFAULT 'link' COMMENT 'Message type - message, link, action',
  `action_file` varchar(255) CHARACTER SET utf8mb4 COLLATE utf8mb4_unicode_ci DEFAULT '' COMMENT 'RAD URI to the PHP file containing action method',
  `action` varchar(255) CHARACTER SET utf8mb4 COLLATE utf8mb4_unicode_ci DEFAULT '' COMMENT 'Action method name or URL',
  `condition_file` varchar(255) CHARACTER SET utf8mb4 COLLATE utf8mb4_unicode_ci DEFAULT NULL COMMENT 'RAD URI to file holding display condition method',
  `condition_method` varchar(255) CHARACTER SET utf8mb4 COLLATE utf8mb4_unicode_ci DEFAULT NULL COMMENT 'Display condition method, must return boolean',
  `version_introduced` varchar(50) CHARACTER SET utf8mb4 COLLATE utf8mb4_unicode_ci NOT NULL DEFAULT '3.2.0' COMMENT 'Version when this message was introduced',
  `enabled` tinyint NOT NULL DEFAULT '1',
  PRIMARY KEY (`postinstall_message_id`)
) ENGINE=InnoDB AUTO_INCREMENT=6 DEFAULT CHARSET=utf8mb4 COLLATE=utf8mb4_unicode_ci;
/*!40101 SET character_set_client = @saved_cs_client */;

--
-- Dumping data for table `lcoa2_postinstall_messages`
--

LOCK TABLES `lcoa2_postinstall_messages` WRITE;
/*!40000 ALTER TABLE `lcoa2_postinstall_messages` DISABLE KEYS */;
INSERT INTO `lcoa2_postinstall_messages` VALUES (1,246,'COM_CPANEL_WELCOME_BEGINNERS_TITLE','COM_CPANEL_WELCOME_BEGINNERS_MESSAGE','','com_cpanel',1,'message','','','','','3.2.0',0),(2,246,'COM_CPANEL_MSG_STATS_COLLECTION_TITLE','COM_CPANEL_MSG_STATS_COLLECTION_BODY','','com_cpanel',1,'message','','','admin://components/com_admin/postinstall/statscollection.php','admin_postinstall_statscollection_condition','3.5.0',0),(3,246,'PLG_SYSTEM_HTTPHEADERS_POSTINSTALL_INTRODUCTION_TITLE','PLG_SYSTEM_HTTPHEADERS_POSTINSTALL_INTRODUCTION_BODY','PLG_SYSTEM_HTTPHEADERS_POSTINSTALL_INTRODUCTION_ACTION','plg_system_httpheaders',1,'action','site://plugins/system/httpheaders/postinstall/introduction.php','httpheaders_postinstall_action','site://plugins/system/httpheaders/postinstall/introduction.php','httpheaders_postinstall_condition','4.0.0',1),(4,246,'COM_USERS_POSTINSTALL_MULTIFACTORAUTH_TITLE','COM_USERS_POSTINSTALL_MULTIFACTORAUTH_BODY','COM_USERS_POSTINSTALL_MULTIFACTORAUTH_ACTION','com_users',1,'action','admin://components/com_users/postinstall/multifactorauth.php','com_users_postinstall_mfa_action','admin://components/com_users/postinstall/multifactorauth.php','com_users_postinstall_mfa_condition','4.2.0',1),(5,246,'COM_JOOMLAUPDATE_POSTINSTALL_MSG_AUTOMATED_UPDATES_TITLE','COM_JOOMLAUPDATE_POSTINSTALL_MSG_AUTOMATED_UPDATES_DESCRIPTION','COM_JOOMLAUPDATE_POSTINSTALL_MSG_AUTOMATED_UPDATES_ACTION','com_joomlaupdate',1,'action','admin://components/com_joomlaupdate/postinstall/autoupdate.php','com_joomlaupdate_postinstall_autoupdate_action','admin://components/com_joomlaupdate/postinstall/autoupdate.php','com_joomlaupdate_postinstall_autoupdate_condition','5.4.0',1);
/*!40000 ALTER TABLE `lcoa2_postinstall_messages` ENABLE KEYS */;
UNLOCK TABLES;

--
-- Table structure for table `lcoa2_privacy_consents`
--

DROP TABLE IF EXISTS `lcoa2_privacy_consents`;
/*!40101 SET @saved_cs_client     = @@character_set_client */;
/*!50503 SET character_set_client = utf8mb4 */;
CREATE TABLE `lcoa2_privacy_consents` (
  `id` int unsigned NOT NULL AUTO_INCREMENT,
  `user_id` int unsigned NOT NULL DEFAULT '0',
  `state` int NOT NULL DEFAULT '1',
  `created` datetime NOT NULL,
  `subject` varchar(255) CHARACTER SET utf8mb4 COLLATE utf8mb4_unicode_ci NOT NULL DEFAULT '',
  `body` text CHARACTER SET utf8mb4 COLLATE utf8mb4_unicode_ci NOT NULL,
  `remind` tinyint NOT NULL DEFAULT '0',
  `token` varchar(100) CHARACTER SET utf8mb4 COLLATE utf8mb4_unicode_ci NOT NULL DEFAULT '',
  PRIMARY KEY (`id`),
  KEY `idx_user_id` (`user_id`)
) ENGINE=InnoDB DEFAULT CHARSET=utf8mb4 COLLATE=utf8mb4_unicode_ci;
/*!40101 SET character_set_client = @saved_cs_client */;

--
-- Dumping data for table `lcoa2_privacy_consents`
--

LOCK TABLES `lcoa2_privacy_consents` WRITE;
/*!40000 ALTER TABLE `lcoa2_privacy_consents` DISABLE KEYS */;
/*!40000 ALTER TABLE `lcoa2_privacy_consents` ENABLE KEYS */;
UNLOCK TABLES;

--
-- Table structure for table `lcoa2_privacy_requests`
--

DROP TABLE IF EXISTS `lcoa2_privacy_requests`;
/*!40101 SET @saved_cs_client     = @@character_set_client */;
/*!50503 SET character_set_client = utf8mb4 */;
CREATE TABLE `lcoa2_privacy_requests` (
  `id` int unsigned NOT NULL AUTO_INCREMENT,
  `email` varchar(100) CHARACTER SET utf8mb4 COLLATE utf8mb4_unicode_ci NOT NULL DEFAULT '',
  `requested_at` datetime NOT NULL,
  `status` tinyint NOT NULL DEFAULT '0',
  `request_type` varchar(25) CHARACTER SET utf8mb4 COLLATE utf8mb4_unicode_ci NOT NULL DEFAULT '',
  `confirm_token` varchar(100) CHARACTER SET utf8mb4 COLLATE utf8mb4_unicode_ci NOT NULL DEFAULT '',
  `confirm_token_created_at` datetime DEFAULT NULL,
  PRIMARY KEY (`id`)
) ENGINE=InnoDB DEFAULT CHARSET=utf8mb4 COLLATE=utf8mb4_unicode_ci;
/*!40101 SET character_set_client = @saved_cs_client */;

--
-- Dumping data for table `lcoa2_privacy_requests`
--

LOCK TABLES `lcoa2_privacy_requests` WRITE;
/*!40000 ALTER TABLE `lcoa2_privacy_requests` DISABLE KEYS */;
/*!40000 ALTER TABLE `lcoa2_privacy_requests` ENABLE KEYS */;
UNLOCK TABLES;

--
-- Table structure for table `lcoa2_redirect_links`
--

DROP TABLE IF EXISTS `lcoa2_redirect_links`;
/*!40101 SET @saved_cs_client     = @@character_set_client */;
/*!50503 SET character_set_client = utf8mb4 */;
CREATE TABLE `lcoa2_redirect_links` (
  `id` int unsigned NOT NULL AUTO_INCREMENT,
  `old_url` varchar(2048) CHARACTER SET utf8mb4 COLLATE utf8mb4_unicode_ci NOT NULL,
  `new_url` varchar(2048) CHARACTER SET utf8mb4 COLLATE utf8mb4_unicode_ci DEFAULT NULL,
  `referer` varchar(2048) CHARACTER SET utf8mb4 COLLATE utf8mb4_unicode_ci NOT NULL,
  `comment` varchar(255) CHARACTER SET utf8mb4 COLLATE utf8mb4_unicode_ci NOT NULL DEFAULT '',
  `hits` int unsigned NOT NULL DEFAULT '0',
  `published` tinyint NOT NULL,
  `created_date` datetime NOT NULL,
  `modified_date` datetime NOT NULL,
  `header` smallint NOT NULL DEFAULT '301',
  PRIMARY KEY (`id`),
  KEY `idx_old_url` (`old_url`(100)),
  KEY `idx_link_modified` (`modified_date`)
) ENGINE=InnoDB DEFAULT CHARSET=utf8mb4 COLLATE=utf8mb4_unicode_ci;
/*!40101 SET character_set_client = @saved_cs_client */;

--
-- Dumping data for table `lcoa2_redirect_links`
--

LOCK TABLES `lcoa2_redirect_links` WRITE;
/*!40000 ALTER TABLE `lcoa2_redirect_links` DISABLE KEYS */;
/*!40000 ALTER TABLE `lcoa2_redirect_links` ENABLE KEYS */;
UNLOCK TABLES;

--
-- Table structure for table `lcoa2_scheduler_logs`
--

DROP TABLE IF EXISTS `lcoa2_scheduler_logs`;
/*!40101 SET @saved_cs_client     = @@character_set_client */;
/*!50503 SET character_set_client = utf8mb4 */;
CREATE TABLE `lcoa2_scheduler_logs` (
  `id` int unsigned NOT NULL AUTO_INCREMENT,
  `taskname` varchar(255) CHARACTER SET utf8mb4 COLLATE utf8mb4_unicode_ci NOT NULL DEFAULT '',
  `tasktype` varchar(128) CHARACTER SET utf8mb4 COLLATE utf8mb4_unicode_ci NOT NULL COMMENT 'unique identifier for job defined by plugin',
  `duration` decimal(5,3) NOT NULL,
  `jobid` int unsigned NOT NULL,
  `taskid` int unsigned NOT NULL,
  `exitcode` int NOT NULL,
  `lastdate` datetime DEFAULT NULL COMMENT 'Timestamp of last run',
  `nextdate` datetime DEFAULT NULL COMMENT 'Timestamp of next (planned) run, referred for execution on trigger',
  PRIMARY KEY (`id`),
  KEY `idx_taskname` (`taskname`),
  KEY `idx_tasktype` (`tasktype`),
  KEY `idx_lastdate` (`lastdate`),
  KEY `idx_nextdate` (`nextdate`)
) ENGINE=InnoDB AUTO_INCREMENT=3 DEFAULT CHARSET=utf8mb4 COLLATE=utf8mb4_unicode_ci;
/*!40101 SET character_set_client = @saved_cs_client */;

--
-- Dumping data for table `lcoa2_scheduler_logs`
--

LOCK TABLES `lcoa2_scheduler_logs` WRITE;
/*!40000 ALTER TABLE `lcoa2_scheduler_logs` DISABLE KEYS */;
INSERT INTO `lcoa2_scheduler_logs` VALUES (1,'Session GC','Session Data Purge',0.019,2,1,0,'2026-02-01 18:55:16','2026-02-02 18:55:22'),(2,'Update Notification','Joomla! Update Notification',12.522,3,1,0,'2026-02-01 18:56:55','2026-02-02 18:57:08');
/*!40000 ALTER TABLE `lcoa2_scheduler_logs` ENABLE KEYS */;
UNLOCK TABLES;

--
-- Table structure for table `lcoa2_scheduler_tasks`
--

DROP TABLE IF EXISTS `lcoa2_scheduler_tasks`;
/*!40101 SET @saved_cs_client     = @@character_set_client */;
/*!50503 SET character_set_client = utf8mb4 */;
CREATE TABLE `lcoa2_scheduler_tasks` (
  `id` int unsigned NOT NULL AUTO_INCREMENT,
  `asset_id` int unsigned NOT NULL DEFAULT '0' COMMENT 'FK to the #__assets table.',
  `title` varchar(255) CHARACTER SET utf8mb4 COLLATE utf8mb4_unicode_ci NOT NULL DEFAULT '',
  `type` varchar(128) CHARACTER SET utf8mb4 COLLATE utf8mb4_unicode_ci NOT NULL COMMENT 'unique identifier for job defined by plugin',
  `execution_rules` text CHARACTER SET utf8mb4 COLLATE utf8mb4_unicode_ci COMMENT 'Execution Rules, Unprocessed',
  `cron_rules` text CHARACTER SET utf8mb4 COLLATE utf8mb4_unicode_ci COMMENT 'Processed execution rules, crontab-like JSON form',
  `state` tinyint NOT NULL DEFAULT '0',
  `last_exit_code` int NOT NULL DEFAULT '0' COMMENT 'Exit code when job was last run',
  `last_execution` datetime DEFAULT NULL COMMENT 'Timestamp of last run',
  `next_execution` datetime DEFAULT NULL COMMENT 'Timestamp of next (planned) run, referred for execution on trigger',
  `times_executed` int DEFAULT '0' COMMENT 'Count of successful triggers',
  `times_failed` int DEFAULT '0' COMMENT 'Count of failures',
  `locked` datetime DEFAULT NULL,
  `priority` smallint NOT NULL DEFAULT '0',
  `ordering` int NOT NULL DEFAULT '0' COMMENT 'Configurable list ordering',
  `cli_exclusive` smallint NOT NULL DEFAULT '0' COMMENT 'If 1, the task is only accessible via CLI',
  `params` text CHARACTER SET utf8mb4 COLLATE utf8mb4_unicode_ci NOT NULL,
  `note` text CHARACTER SET utf8mb4 COLLATE utf8mb4_unicode_ci,
  `created` datetime NOT NULL,
  `created_by` int unsigned NOT NULL DEFAULT '0',
  `checked_out` int unsigned DEFAULT NULL,
  `checked_out_time` datetime DEFAULT NULL,
  PRIMARY KEY (`id`),
  KEY `idx_type` (`type`),
  KEY `idx_state` (`state`),
  KEY `idx_last_exit` (`last_exit_code`),
  KEY `idx_next_exec` (`next_execution`),
  KEY `idx_locked` (`locked`),
  KEY `idx_priority` (`priority`),
  KEY `idx_cli_exclusive` (`cli_exclusive`),
  KEY `idx_checked_out` (`checked_out`)
) ENGINE=InnoDB AUTO_INCREMENT=4 DEFAULT CHARSET=utf8mb4 COLLATE=utf8mb4_unicode_ci;
/*!40101 SET character_set_client = @saved_cs_client */;

--
-- Dumping data for table `lcoa2_scheduler_tasks`
--

LOCK TABLES `lcoa2_scheduler_tasks` WRITE;
/*!40000 ALTER TABLE `lcoa2_scheduler_tasks` DISABLE KEYS */;
INSERT INTO `lcoa2_scheduler_tasks` VALUES (1,97,'Rotate Logs','rotation.logs','{\"rule-type\":\"interval-days\",\"interval-days\":\"30\",\"exec-day\":\"26\",\"exec-time\":\"07:00\"}','{\"type\":\"interval\",\"exp\":\"P30D\"}',1,0,NULL,'2026-02-25 07:00:00',0,0,NULL,0,0,0,'{\"individual_log\":false,\"log_file\":\"\",\"notifications\":{\"success_mail\":\"0\",\"failure_mail\":\"1\",\"fatal_failure_mail\":\"1\",\"orphan_mail\":\"1\"},\"logstokeep\":1}',NULL,'2026-01-26 07:54:09',81,NULL,NULL),(2,98,'Session GC','session.gc','{\"rule-type\":\"interval-hours\",\"interval-hours\":\"24\",\"exec-day\":\"01\",\"exec-time\":\"07:00\"}','{\"type\":\"interval\",\"exp\":\"PT24H\"}',1,0,'2026-02-01 18:55:22','2026-02-02 18:55:22',1,0,NULL,0,0,0,'{\"individual_log\":false,\"log_file\":\"\",\"notifications\":{\"success_mail\":\"0\",\"failure_mail\":\"1\",\"fatal_failure_mail\":\"1\",\"orphan_mail\":\"1\"},\"enable_session_gc\":1,\"enable_session_metadata_gc\":1}',NULL,'2026-01-26 07:54:09',81,NULL,NULL),(3,99,'Update Notification','update.notification','{\"rule-type\":\"interval-hours\",\"interval-hours\":\"24\",\"exec-day\":\"01\",\"exec-time\":\"07:00\"}','{\"type\":\"interval\",\"exp\":\"PT24H\"}',1,0,'2026-02-01 18:56:56','2026-02-02 18:57:08',1,0,NULL,0,0,0,'{\"individual_log\":false,\"log_file\":\"\",\"notifications\":{\"success_mail\":\"0\",\"failure_mail\":\"1\",\"fatal_failure_mail\":\"1\",\"orphan_mail\":\"1\"},\"email\":\"\",\"language_override\":\"\"}',NULL,'2026-01-26 07:54:09',81,NULL,NULL);
/*!40000 ALTER TABLE `lcoa2_scheduler_tasks` ENABLE KEYS */;
UNLOCK TABLES;

--
-- Table structure for table `lcoa2_schemaorg`
--

DROP TABLE IF EXISTS `lcoa2_schemaorg`;
/*!40101 SET @saved_cs_client     = @@character_set_client */;
/*!50503 SET character_set_client = utf8mb4 */;
CREATE TABLE `lcoa2_schemaorg` (
  `id` int unsigned NOT NULL AUTO_INCREMENT,
  `itemId` int unsigned DEFAULT NULL,
  `context` varchar(100) CHARACTER SET utf8mb4 COLLATE utf8mb4_unicode_ci DEFAULT NULL,
  `schemaType` varchar(100) CHARACTER SET utf8mb4 COLLATE utf8mb4_unicode_ci DEFAULT NULL,
  `schema` text CHARACTER SET utf8mb4 COLLATE utf8mb4_unicode_ci,
  PRIMARY KEY (`id`)
) ENGINE=InnoDB DEFAULT CHARSET=utf8mb4 COLLATE=utf8mb4_unicode_ci;
/*!40101 SET character_set_client = @saved_cs_client */;

--
-- Dumping data for table `lcoa2_schemaorg`
--

LOCK TABLES `lcoa2_schemaorg` WRITE;
/*!40000 ALTER TABLE `lcoa2_schemaorg` DISABLE KEYS */;
/*!40000 ALTER TABLE `lcoa2_schemaorg` ENABLE KEYS */;
UNLOCK TABLES;

--
-- Table structure for table `lcoa2_schemas`
--

DROP TABLE IF EXISTS `lcoa2_schemas`;
/*!40101 SET @saved_cs_client     = @@character_set_client */;
/*!50503 SET character_set_client = utf8mb4 */;
CREATE TABLE `lcoa2_schemas` (
  `extension_id` int NOT NULL,
  `version_id` varchar(20) CHARACTER SET utf8mb4 COLLATE utf8mb4_unicode_ci NOT NULL,
  PRIMARY KEY (`extension_id`,`version_id`)
) ENGINE=InnoDB DEFAULT CHARSET=utf8mb4 COLLATE=utf8mb4_unicode_ci;
/*!40101 SET character_set_client = @saved_cs_client */;

--
-- Dumping data for table `lcoa2_schemas`
--

LOCK TABLES `lcoa2_schemas` WRITE;
/*!40000 ALTER TABLE `lcoa2_schemas` DISABLE KEYS */;
INSERT INTO `lcoa2_schemas` VALUES (246,'6.0.1-2025-10-29');
/*!40000 ALTER TABLE `lcoa2_schemas` ENABLE KEYS */;
UNLOCK TABLES;

--
-- Table structure for table `lcoa2_session`
--

DROP TABLE IF EXISTS `lcoa2_session`;
/*!40101 SET @saved_cs_client     = @@character_set_client */;
/*!50503 SET character_set_client = utf8mb4 */;
CREATE TABLE `lcoa2_session` (
  `session_id` varbinary(192) NOT NULL,
  `client_id` tinyint unsigned DEFAULT NULL,
  `guest` tinyint unsigned DEFAULT '1',
  `time` int NOT NULL DEFAULT '0',
  `data` mediumtext CHARACTER SET utf8mb4 COLLATE utf8mb4_unicode_ci,
  `userid` int DEFAULT '0',
  `username` varchar(150) CHARACTER SET utf8mb4 COLLATE utf8mb4_unicode_ci DEFAULT '',
  PRIMARY KEY (`session_id`),
  KEY `userid` (`userid`),
  KEY `time` (`time`),
  KEY `client_id_guest` (`client_id`,`guest`)
) ENGINE=InnoDB DEFAULT CHARSET=utf8mb4 COLLATE=utf8mb4_unicode_ci;
/*!40101 SET character_set_client = @saved_cs_client */;

--
-- Dumping data for table `lcoa2_session`
--

LOCK TABLES `lcoa2_session` WRITE;
/*!40000 ALTER TABLE `lcoa2_session` DISABLE KEYS */;
INSERT INTO `lcoa2_session` VALUES (_binary '3733d100ec4848016606d3b97b894e03',0,1,1770019921,'joomla|s:700:\"TzoyNDoiSm9vbWxhXFJlZ2lzdHJ5XFJlZ2lzdHJ5IjozOntzOjc6IgAqAGRhdGEiO086ODoic3RkQ2xhc3MiOjM6e3M6Nzoic2Vzc2lvbiI7Tzo4OiJzdGRDbGFzcyI6Mzp7czo3OiJjb3VudGVyIjtpOjEyO3M6NToidGltZXIiO086ODoic3RkQ2xhc3MiOjM6e3M6NToic3RhcnQiO2k6MTc3MDAxNzMzMTtzOjQ6Imxhc3QiO2k6MTc3MDAxOTQxMDtzOjM6Im5vdyI7aToxNzcwMDE5OTE5O31zOjU6InRva2VuIjtzOjMyOiJlYWZjZWVjZjA2ZTYyYzRjYmExMjE1MzQzN2Q2OWFlYyI7fXM6ODoicmVnaXN0cnkiO086MjQ6Ikpvb21sYVxSZWdpc3RyeVxSZWdpc3RyeSI6Mzp7czo3OiIAKgBkYXRhIjtPOjg6InN0ZENsYXNzIjowOnt9czoxNDoiACoAaW5pdGlhbGl6ZWQiO2I6MDtzOjEyOiIAKgBzZXBhcmF0b3IiO3M6MToiLiI7fXM6NDoidXNlciI7TzoyMDoiSm9vbWxhXENNU1xVc2VyXFVzZXIiOjE6e3M6MjoiaWQiO2k6MDt9fXM6MTQ6IgAqAGluaXRpYWxpemVkIjtiOjA7czoxMjoiACoAc2VwYXJhdG9yIjtzOjE6Ii4iO30=\";',0,''),(_binary '778dd217f4093e533c95c55f5ce0d074',0,1,1769984537,'joomla|s:700:\"TzoyNDoiSm9vbWxhXFJlZ2lzdHJ5XFJlZ2lzdHJ5IjozOntzOjc6IgAqAGRhdGEiO086ODoic3RkQ2xhc3MiOjM6e3M6Nzoic2Vzc2lvbiI7Tzo4OiJzdGRDbGFzcyI6Mzp7czo3OiJjb3VudGVyIjtpOjk7czo1OiJ0aW1lciI7Tzo4OiJzdGRDbGFzcyI6Mzp7czo1OiJzdGFydCI7aToxNzY5OTgzNjYwO3M6NDoibGFzdCI7aToxNzY5OTg0MjY2O3M6Mzoibm93IjtpOjE3Njk5ODQ1MzU7fXM6NToidG9rZW4iO3M6MzI6IjZhMDY0NDM5OTAwMWU5ZWYwMjQ3ZDRkODJjY2UxMTAyIjt9czo4OiJyZWdpc3RyeSI7TzoyNDoiSm9vbWxhXFJlZ2lzdHJ5XFJlZ2lzdHJ5IjozOntzOjc6IgAqAGRhdGEiO086ODoic3RkQ2xhc3MiOjA6e31zOjE0OiIAKgBpbml0aWFsaXplZCI7YjowO3M6MTI6IgAqAHNlcGFyYXRvciI7czoxOiIuIjt9czo0OiJ1c2VyIjtPOjIwOiJKb29tbGFcQ01TXFVzZXJcVXNlciI6MTp7czoyOiJpZCI7aTowO319czoxNDoiACoAaW5pdGlhbGl6ZWQiO2I6MDtzOjEyOiIAKgBzZXBhcmF0b3IiO3M6MToiLiI7fQ==\";',0,''),(_binary '8679ee4d7cfc40cd215f4f106a598a53',1,0,1769981769,'joomla|s:1036:\"TzoyNDoiSm9vbWxhXFJlZ2lzdHJ5XFJlZ2lzdHJ5IjozOntzOjc6IgAqAGRhdGEiO086ODoic3RkQ2xhc3MiOjU6e3M6Nzoic2Vzc2lvbiI7Tzo4OiJzdGRDbGFzcyI6Mzp7czo3OiJjb3VudGVyIjtpOjE2O3M6NToidGltZXIiO086ODoic3RkQ2xhc3MiOjM6e3M6NToic3RhcnQiO2k6MTc2OTk3OTk4NDtzOjQ6Imxhc3QiO2k6MTc2OTk4MDkzNDtzOjM6Im5vdyI7aToxNzY5OTgxNzY2O31zOjU6InRva2VuIjtzOjMyOiI5Y2Y3MmNmNTRjOGVjNjI1ZmNkOTk3YjBlZDJkOGE3YiI7fXM6ODoicmVnaXN0cnkiO086MjQ6Ikpvb21sYVxSZWdpc3RyeVxSZWdpc3RyeSI6Mzp7czo3OiIAKgBkYXRhIjtPOjg6InN0ZENsYXNzIjoxOntzOjExOiJjb21fY29udGVudCI7Tzo4OiJzdGRDbGFzcyI6MTp7czo0OiJlZGl0IjtPOjg6InN0ZENsYXNzIjoxOntzOjc6ImFydGljbGUiO086ODoic3RkQ2xhc3MiOjI6e3M6MjoiaWQiO2E6MTp7aTowO2k6Mjt9czo0OiJkYXRhIjtOO319fX1zOjE0OiIAKgBpbml0aWFsaXplZCI7YjowO3M6MTI6IgAqAHNlcGFyYXRvciI7czoxOiIuIjt9czo0OiJ1c2VyIjtPOjIwOiJKb29tbGFcQ01TXFVzZXJcVXNlciI6MTp7czoyOiJpZCI7aTo4Mjt9czoxMToiYXBwbGljYXRpb24iO086ODoic3RkQ2xhc3MiOjE6e3M6NToicXVldWUiO2E6MDp7fX1zOjk6ImNvbV91c2VycyI7Tzo4OiJzdGRDbGFzcyI6MTp7czoxMToibWZhX2NoZWNrZWQiO2k6MTt9fXM6MTQ6IgAqAGluaXRpYWxpemVkIjtiOjA7czoxMjoiACoAc2VwYXJhdG9yIjtzOjE6Ii4iO30=\";',82,'redakteur'),(_binary '99ad121a9236d32c0a7b488589fd12b6',0,1,1769979801,'joomla|s:628:\"TzoyNDoiSm9vbWxhXFJlZ2lzdHJ5XFJlZ2lzdHJ5IjozOntzOjc6IgAqAGRhdGEiO086ODoic3RkQ2xhc3MiOjM6e3M6Nzoic2Vzc2lvbiI7Tzo4OiJzdGRDbGFzcyI6Mjp7czo3OiJjb3VudGVyIjtpOjE7czo1OiJ0aW1lciI7Tzo4OiJzdGRDbGFzcyI6Mzp7czo1OiJzdGFydCI7aToxNzY5OTc5ODAwO3M6NDoibGFzdCI7aToxNzY5OTc5ODAwO3M6Mzoibm93IjtpOjE3Njk5Nzk4MDA7fX1zOjg6InJlZ2lzdHJ5IjtPOjI0OiJKb29tbGFcUmVnaXN0cnlcUmVnaXN0cnkiOjM6e3M6NzoiACoAZGF0YSI7Tzo4OiJzdGRDbGFzcyI6MDp7fXM6MTQ6IgAqAGluaXRpYWxpemVkIjtiOjA7czoxMjoiACoAc2VwYXJhdG9yIjtzOjE6Ii4iO31zOjQ6InVzZXIiO086MjA6Ikpvb21sYVxDTVNcVXNlclxVc2VyIjoxOntzOjI6ImlkIjtpOjA7fX1zOjE0OiIAKgBpbml0aWFsaXplZCI7YjowO3M6MTI6IgAqAHNlcGFyYXRvciI7czoxOiIuIjt9\";',0,''),(_binary '9d887fe2f268a7cc4703eaf275aecd3f',1,0,1769986248,'joomla|s:3800:\"TzoyNDoiSm9vbWxhXFJlZ2lzdHJ5XFJlZ2lzdHJ5IjozOntzOjc6IgAqAGRhdGEiO086ODoic3RkQ2xhc3MiOjQ6e3M6Nzoic2Vzc2lvbiI7Tzo4OiJzdGRDbGFzcyI6Mzp7czo1OiJ0aW1lciI7Tzo4OiJzdGRDbGFzcyI6Mzp7czo1OiJzdGFydCI7aToxNzY5OTg0MTc1O3M6NDoibGFzdCI7aToxNzY5OTg1NDA3O3M6Mzoibm93IjtpOjE3Njk5ODYyNDc7fXM6NzoiY291bnRlciI7aToyMDtzOjU6InRva2VuIjtzOjMyOiJmMjhmOTkyNDFjNGZhZGU4NWUyNGQxMTVmMjk2Mzk5NyI7fXM6ODoicmVnaXN0cnkiO086MjQ6Ikpvb21sYVxSZWdpc3RyeVxSZWdpc3RyeSI6Mzp7czo3OiIAKgBkYXRhIjtPOjg6InN0ZENsYXNzIjoyOntzOjk6ImNvbV91c2VycyI7Tzo4OiJzdGRDbGFzcyI6MTp7czo5OiJkZWJ1Z3VzZXIiO086ODoic3RkQ2xhc3MiOjE6e3M6NzoiZGVmYXVsdCI7Tzo4OiJzdGRDbGFzcyI6NDp7czo3OiJ1c2VyX2lkIjtpOjgyO3M6NDoibGlzdCI7YToyOntzOjEyOiJmdWxsb3JkZXJpbmciO3M6OToiYS5sZnQgQVNDIjtzOjU6ImxpbWl0IjtzOjI6IjIwIjt9czo2OiJmaWx0ZXIiO2E6NDp7czo2OiJzZWFyY2giO3M6MDoiIjtzOjk6ImNvbXBvbmVudCI7czowOiIiO3M6MTE6ImxldmVsX3N0YXJ0IjtzOjA6IiI7czo5OiJsZXZlbF9lbmQiO3M6MDoiIjt9czoxMDoibGltaXRzdGFydCI7aTo0MDt9fX1zOjExOiJjb21fY29udGVudCI7Tzo4OiJzdGRDbGFzcyI6MTp7czo0OiJlZGl0IjtPOjg6InN0ZENsYXNzIjoxOntzOjc6ImFydGljbGUiO086ODoic3RkQ2xhc3MiOjE6e3M6NDoiZGF0YSI7YToyOTp7czo1OiJ0aXRsZSI7czo0OiJ0ZXN0IjtzOjU6ImFsaWFzIjtzOjA6IiI7czoxMToiYXJ0aWNsZXRleHQiO3M6MTM6IjxwPmJsYWJsYTwvcD4iO3M6MTA6InRyYW5zaXRpb24iO3M6MDoiIjtzOjU6InN0YXRlIjtzOjE6IjEiO3M6NToiY2F0aWQiO3M6MToiMiI7czo4OiJmZWF0dXJlZCI7czoxOiIxIjtzOjY6ImFjY2VzcyI7czoxOiI2IjtzOjg6Imxhbmd1YWdlIjtzOjE6IioiO3M6NDoibm90ZSI7czowOiIiO3M6MTI6InZlcnNpb25fbm90ZSI7czowOiIiO3M6NjoiaW1hZ2VzIjthOjg6e3M6MTE6ImltYWdlX2ludHJvIjtzOjA6IiI7czoxNToiaW1hZ2VfaW50cm9fYWx0IjtzOjA6IiI7czoxMToiZmxvYXRfaW50cm8iO3M6MDoiIjtzOjE5OiJpbWFnZV9pbnRyb19jYXB0aW9uIjtzOjA6IiI7czoxNDoiaW1hZ2VfZnVsbHRleHQiO3M6MDoiIjtzOjE4OiJpbWFnZV9mdWxsdGV4dF9hbHQiO3M6MDoiIjtzOjE0OiJmbG9hdF9mdWxsdGV4dCI7czowOiIiO3M6MjI6ImltYWdlX2Z1bGx0ZXh0X2NhcHRpb24iO3M6MDoiIjt9czo0OiJ1cmxzIjthOjk6e3M6NDoidXJsYSI7czowOiIiO3M6ODoidXJsYXRleHQiO3M6MDoiIjtzOjc6InRhcmdldGEiO3M6MDoiIjtzOjQ6InVybGIiO3M6MDoiIjtzOjg6InVybGJ0ZXh0IjtzOjA6IiI7czo3OiJ0YXJnZXRiIjtzOjA6IiI7czo0OiJ1cmxjIjtzOjA6IiI7czo4OiJ1cmxjdGV4dCI7czowOiIiO3M6NzoidGFyZ2V0YyI7czowOiIiO31zOjc6ImF0dHJpYnMiO2E6MjI6e3M6MTQ6ImFydGljbGVfbGF5b3V0IjtzOjA6IiI7czoxMDoic2hvd190aXRsZSI7czowOiIiO3M6MTE6ImxpbmtfdGl0bGVzIjtzOjA6IiI7czo5OiJzaG93X3RhZ3MiO3M6MDoiIjtzOjEwOiJzaG93X2ludHJvIjtzOjA6IiI7czoxOToiaW5mb19ibG9ja19wb3NpdGlvbiI7czowOiIiO3M6MjE6ImluZm9fYmxvY2tfc2hvd190aXRsZSI7czowOiIiO3M6MTM6InNob3dfY2F0ZWdvcnkiO3M6MDoiIjtzOjEzOiJsaW5rX2NhdGVnb3J5IjtzOjA6IiI7czoyMDoic2hvd19wYXJlbnRfY2F0ZWdvcnkiO3M6MDoiIjtzOjIwOiJsaW5rX3BhcmVudF9jYXRlZ29yeSI7czowOiIiO3M6MTE6InNob3dfYXV0aG9yIjtzOjA6IiI7czoxMToibGlua19hdXRob3IiO3M6MDoiIjtzOjE2OiJzaG93X2NyZWF0ZV9kYXRlIjtzOjA6IiI7czoxNjoic2hvd19tb2RpZnlfZGF0ZSI7czowOiIiO3M6MTc6InNob3dfcHVibGlzaF9kYXRlIjtzOjA6IiI7czoyMDoic2hvd19pdGVtX25hdmlnYXRpb24iO3M6MDoiIjtzOjk6InNob3dfaGl0cyI7czowOiIiO3M6MTE6InNob3dfbm9hdXRoIjtzOjA6IiI7czoxMzoidXJsc19wb3NpdGlvbiI7czowOiIiO3M6MjA6ImFsdGVybmF0aXZlX3JlYWRtb3JlIjtzOjA6IiI7czoxODoiYXJ0aWNsZV9wYWdlX3RpdGxlIjtzOjA6IiI7fXM6Njoic2NoZW1hIjthOjE6e3M6OToiZXh0ZW5kSmVkIjtzOjA6IiI7fXM6MTA6InB1Ymxpc2hfdXAiO3M6MDoiIjtzOjEyOiJwdWJsaXNoX2Rvd24iO3M6MDoiIjtzOjExOiJmZWF0dXJlZF91cCI7czowOiIiO3M6MTM6ImZlYXR1cmVkX2Rvd24iO3M6MDoiIjtzOjc6ImNyZWF0ZWQiO3M6MDoiIjtzOjEwOiJjcmVhdGVkX2J5IjtzOjA6IiI7czoxNjoiY3JlYXRlZF9ieV9hbGlhcyI7czowOiIiO3M6ODoibW9kaWZpZWQiO3M6MDoiIjtzOjc6InZlcnNpb24iO3M6MDoiIjtzOjQ6ImhpdHMiO3M6MToiMCI7czoyOiJpZCI7aTowO3M6ODoibWV0YWRlc2MiO3M6MDoiIjtzOjc6Im1ldGFrZXkiO3M6MDoiIjtzOjg6Im1ldGFkYXRhIjthOjM6e3M6Njoicm9ib3RzIjtzOjA6IiI7czo2OiJhdXRob3IiO3M6MDoiIjtzOjY6InJpZ2h0cyI7czowOiIiO319fX19fXM6MTQ6IgAqAGluaXRpYWxpemVkIjtiOjA7czoxMjoiACoAc2VwYXJhdG9yIjtzOjE6Ii4iO31zOjQ6InVzZXIiO086MjA6Ikpvb21sYVxDTVNcVXNlclxVc2VyIjoxOntzOjI6ImlkIjtpOjgyO31zOjk6ImNvbV91c2VycyI7Tzo4OiJzdGRDbGFzcyI6MTp7czoxMToibWZhX2NoZWNrZWQiO2k6MTt9fXM6MTQ6IgAqAGluaXRpYWxpemVkIjtiOjA7czoxMjoiACoAc2VwYXJhdG9yIjtzOjE6Ii4iO30=\";',82,'redakteur'),(_binary 'aee9f93f9150ebca7e49cd0c8924d31e',0,1,1769982320,'joomla|s:632:\"TzoyNDoiSm9vbWxhXFJlZ2lzdHJ5XFJlZ2lzdHJ5IjozOntzOjc6IgAqAGRhdGEiO086ODoic3RkQ2xhc3MiOjM6e3M6Nzoic2Vzc2lvbiI7Tzo4OiJzdGRDbGFzcyI6Mjp7czo1OiJ0aW1lciI7Tzo4OiJzdGRDbGFzcyI6Mzp7czo1OiJzdGFydCI7aToxNzY5OTc5MjUzO3M6NDoibGFzdCI7aToxNzY5OTgyMTk4O3M6Mzoibm93IjtpOjE3Njk5ODIzMTc7fXM6NzoiY291bnRlciI7aToxNDt9czo4OiJyZWdpc3RyeSI7TzoyNDoiSm9vbWxhXFJlZ2lzdHJ5XFJlZ2lzdHJ5IjozOntzOjc6IgAqAGRhdGEiO086ODoic3RkQ2xhc3MiOjA6e31zOjE0OiIAKgBpbml0aWFsaXplZCI7YjowO3M6MTI6IgAqAHNlcGFyYXRvciI7czoxOiIuIjt9czo0OiJ1c2VyIjtPOjIwOiJKb29tbGFcQ01TXFVzZXJcVXNlciI6MTp7czoyOiJpZCI7aTowO319czoxNDoiACoAaW5pdGlhbGl6ZWQiO2I6MDtzOjEyOiIAKgBzZXBhcmF0b3IiO3M6MToiLiI7fQ==\";',0,''),(_binary 'cc30dce50a99453390983b49537460af',1,0,1770019313,'joomla|s:3548:\"TzoyNDoiSm9vbWxhXFJlZ2lzdHJ5XFJlZ2lzdHJ5IjozOntzOjc6IgAqAGRhdGEiO086ODoic3RkQ2xhc3MiOjQ6e3M6Nzoic2Vzc2lvbiI7Tzo4OiJzdGRDbGFzcyI6Mzp7czo1OiJ0aW1lciI7Tzo4OiJzdGRDbGFzcyI6Mzp7czo1OiJzdGFydCI7aToxNzcwMDE3NTQ3O3M6NDoibGFzdCI7aToxNzcwMDE4NDcxO3M6Mzoibm93IjtpOjE3NzAwMTkzMTA7fXM6NzoiY291bnRlciI7aToyMTtzOjU6InRva2VuIjtzOjMyOiJjYTMyMzIxOTY1MjQzN2ZmYmFkZDE1NTYyZTA0YjAwMyI7fXM6ODoicmVnaXN0cnkiO086MjQ6Ikpvb21sYVxSZWdpc3RyeVxSZWdpc3RyeSI6Mzp7czo3OiIAKgBkYXRhIjtPOjg6InN0ZENsYXNzIjoyOntzOjExOiJjb21fY29udGVudCI7Tzo4OiJzdGRDbGFzcyI6MTp7czo0OiJlZGl0IjtPOjg6InN0ZENsYXNzIjoxOntzOjc6ImFydGljbGUiO086ODoic3RkQ2xhc3MiOjE6e3M6NDoiZGF0YSI7YToyOTp7czo1OiJ0aXRsZSI7czo0OiJkc2RzIjtzOjU6ImFsaWFzIjtzOjM6InNkcyI7czoxMToiYXJ0aWNsZXRleHQiO3M6MTE6IjxwPmRhZGE8L3A+IjtzOjEwOiJ0cmFuc2l0aW9uIjtzOjA6IiI7czo1OiJzdGF0ZSI7czoxOiIxIjtzOjU6ImNhdGlkIjtzOjI6IjExIjtzOjg6ImZlYXR1cmVkIjtzOjE6IjAiO3M6NjoiYWNjZXNzIjtzOjE6IjEiO3M6ODoibGFuZ3VhZ2UiO3M6MToiKiI7czo0OiJub3RlIjtzOjA6IiI7czoxMjoidmVyc2lvbl9ub3RlIjtzOjA6IiI7czo2OiJpbWFnZXMiO2E6ODp7czoxMToiaW1hZ2VfaW50cm8iO3M6MDoiIjtzOjE1OiJpbWFnZV9pbnRyb19hbHQiO3M6MDoiIjtzOjExOiJmbG9hdF9pbnRybyI7czowOiIiO3M6MTk6ImltYWdlX2ludHJvX2NhcHRpb24iO3M6MDoiIjtzOjE0OiJpbWFnZV9mdWxsdGV4dCI7czowOiIiO3M6MTg6ImltYWdlX2Z1bGx0ZXh0X2FsdCI7czowOiIiO3M6MTQ6ImZsb2F0X2Z1bGx0ZXh0IjtzOjA6IiI7czoyMjoiaW1hZ2VfZnVsbHRleHRfY2FwdGlvbiI7czowOiIiO31zOjQ6InVybHMiO2E6OTp7czo0OiJ1cmxhIjtzOjA6IiI7czo4OiJ1cmxhdGV4dCI7czowOiIiO3M6NzoidGFyZ2V0YSI7czowOiIiO3M6NDoidXJsYiI7czowOiIiO3M6ODoidXJsYnRleHQiO3M6MDoiIjtzOjc6InRhcmdldGIiO3M6MDoiIjtzOjQ6InVybGMiO3M6MDoiIjtzOjg6InVybGN0ZXh0IjtzOjA6IiI7czo3OiJ0YXJnZXRjIjtzOjA6IiI7fXM6NzoiYXR0cmlicyI7YToyMjp7czoxNDoiYXJ0aWNsZV9sYXlvdXQiO3M6MDoiIjtzOjEwOiJzaG93X3RpdGxlIjtzOjA6IiI7czoxMToibGlua190aXRsZXMiO3M6MDoiIjtzOjk6InNob3dfdGFncyI7czowOiIiO3M6MTA6InNob3dfaW50cm8iO3M6MDoiIjtzOjE5OiJpbmZvX2Jsb2NrX3Bvc2l0aW9uIjtzOjA6IiI7czoyMToiaW5mb19ibG9ja19zaG93X3RpdGxlIjtzOjA6IiI7czoxMzoic2hvd19jYXRlZ29yeSI7czowOiIiO3M6MTM6ImxpbmtfY2F0ZWdvcnkiO3M6MDoiIjtzOjIwOiJzaG93X3BhcmVudF9jYXRlZ29yeSI7czowOiIiO3M6MjA6ImxpbmtfcGFyZW50X2NhdGVnb3J5IjtzOjA6IiI7czoxMToic2hvd19hdXRob3IiO3M6MDoiIjtzOjExOiJsaW5rX2F1dGhvciI7czowOiIiO3M6MTY6InNob3dfY3JlYXRlX2RhdGUiO3M6MDoiIjtzOjE2OiJzaG93X21vZGlmeV9kYXRlIjtzOjA6IiI7czoxNzoic2hvd19wdWJsaXNoX2RhdGUiO3M6MDoiIjtzOjIwOiJzaG93X2l0ZW1fbmF2aWdhdGlvbiI7czowOiIiO3M6OToic2hvd19oaXRzIjtzOjA6IiI7czoxMToic2hvd19ub2F1dGgiO3M6MDoiIjtzOjEzOiJ1cmxzX3Bvc2l0aW9uIjtzOjA6IiI7czoyMDoiYWx0ZXJuYXRpdmVfcmVhZG1vcmUiO3M6MDoiIjtzOjE4OiJhcnRpY2xlX3BhZ2VfdGl0bGUiO3M6MDoiIjt9czo2OiJzY2hlbWEiO2E6MTp7czo5OiJleHRlbmRKZWQiO3M6MDoiIjt9czoxMDoicHVibGlzaF91cCI7czowOiIiO3M6MTI6InB1Ymxpc2hfZG93biI7czowOiIiO3M6MTE6ImZlYXR1cmVkX3VwIjtzOjA6IiI7czoxMzoiZmVhdHVyZWRfZG93biI7czowOiIiO3M6NzoiY3JlYXRlZCI7czowOiIiO3M6MTA6ImNyZWF0ZWRfYnkiO3M6MDoiIjtzOjE2OiJjcmVhdGVkX2J5X2FsaWFzIjtzOjA6IiI7czo4OiJtb2RpZmllZCI7czowOiIiO3M6NzoidmVyc2lvbiI7czowOiIiO3M6NDoiaGl0cyI7czoxOiIwIjtzOjI6ImlkIjtpOjA7czo4OiJtZXRhZGVzYyI7czowOiIiO3M6NzoibWV0YWtleSI7czowOiIiO3M6ODoibWV0YWRhdGEiO2E6Mzp7czo2OiJyb2JvdHMiO3M6MDoiIjtzOjY6ImF1dGhvciI7czowOiIiO3M6NjoicmlnaHRzIjtzOjA6IiI7fX19fX1zOjExOiJjb21fbW9kdWxlcyI7Tzo4OiJzdGRDbGFzcyI6MTp7czo0OiJlZGl0IjtPOjg6InN0ZENsYXNzIjoxOntzOjY6Im1vZHVsZSI7Tzo4OiJzdGRDbGFzcyI6Mjp7czoyOiJpZCI7YToxOntpOjA7aToxMDM7fXM6NDoiZGF0YSI7Tjt9fX19czoxNDoiACoAaW5pdGlhbGl6ZWQiO2I6MDtzOjEyOiIAKgBzZXBhcmF0b3IiO3M6MToiLiI7fXM6NDoidXNlciI7TzoyMDoiSm9vbWxhXENNU1xVc2VyXFVzZXIiOjE6e3M6MjoiaWQiO2k6ODI7fXM6OToiY29tX3VzZXJzIjtPOjg6InN0ZENsYXNzIjoxOntzOjExOiJtZmFfY2hlY2tlZCI7aToxO319czoxNDoiACoAaW5pdGlhbGl6ZWQiO2I6MDtzOjEyOiIAKgBzZXBhcmF0b3IiO3M6MToiLiI7fQ==\";',82,'redakteur'),(_binary 'd57184f542060653d0f00161924f7bbd',NULL,1,1770017548,'joomla|s:780:\"TzoyNDoiSm9vbWxhXFJlZ2lzdHJ5XFJlZ2lzdHJ5IjozOntzOjc6IgAqAGRhdGEiO086ODoic3RkQ2xhc3MiOjQ6e3M6Nzoic2Vzc2lvbiI7Tzo4OiJzdGRDbGFzcyI6Mzp7czo3OiJjb3VudGVyIjtpOjEzO3M6NToidGltZXIiO086ODoic3RkQ2xhc3MiOjM6e3M6NToic3RhcnQiO2k6MTc3MDAxNzQxMztzOjQ6Imxhc3QiO2k6MTc3MDAxNzU0NjtzOjM6Im5vdyI7aToxNzcwMDE3NTQ3O31zOjU6InRva2VuIjtzOjMyOiJmYTdjZGI3OTE4OWZjMjBiNGJhYTZkY2VlMjNkNjJhMiI7fXM6ODoicmVnaXN0cnkiO086MjQ6Ikpvb21sYVxSZWdpc3RyeVxSZWdpc3RyeSI6Mzp7czo3OiIAKgBkYXRhIjtPOjg6InN0ZENsYXNzIjowOnt9czoxNDoiACoAaW5pdGlhbGl6ZWQiO2I6MDtzOjEyOiIAKgBzZXBhcmF0b3IiO3M6MToiLiI7fXM6NDoidXNlciI7TzoyMDoiSm9vbWxhXENNU1xVc2VyXFVzZXIiOjE6e3M6MjoiaWQiO2k6ODE7fXM6OToiY29tX3VzZXJzIjtPOjg6InN0ZENsYXNzIjoxOntzOjExOiJtZmFfY2hlY2tlZCI7aToxO319czoxNDoiACoAaW5pdGlhbGl6ZWQiO2I6MDtzOjEyOiIAKgBzZXBhcmF0b3IiO3M6MToiLiI7fQ==\";',0,''),(_binary 'ffdd51adc4590063fd8f384813dd6bdc',1,1,1769979951,'joomla|s:628:\"TzoyNDoiSm9vbWxhXFJlZ2lzdHJ5XFJlZ2lzdHJ5IjozOntzOjc6IgAqAGRhdGEiO086ODoic3RkQ2xhc3MiOjM6e3M6Nzoic2Vzc2lvbiI7Tzo4OiJzdGRDbGFzcyI6Mjp7czo3OiJjb3VudGVyIjtpOjE7czo1OiJ0aW1lciI7Tzo4OiJzdGRDbGFzcyI6Mzp7czo1OiJzdGFydCI7aToxNzY5OTc5OTUwO3M6NDoibGFzdCI7aToxNzY5OTc5OTUwO3M6Mzoibm93IjtpOjE3Njk5Nzk5NTA7fX1zOjg6InJlZ2lzdHJ5IjtPOjI0OiJKb29tbGFcUmVnaXN0cnlcUmVnaXN0cnkiOjM6e3M6NzoiACoAZGF0YSI7Tzo4OiJzdGRDbGFzcyI6MDp7fXM6MTQ6IgAqAGluaXRpYWxpemVkIjtiOjA7czoxMjoiACoAc2VwYXJhdG9yIjtzOjE6Ii4iO31zOjQ6InVzZXIiO086MjA6Ikpvb21sYVxDTVNcVXNlclxVc2VyIjoxOntzOjI6ImlkIjtpOjA7fX1zOjE0OiIAKgBpbml0aWFsaXplZCI7YjowO3M6MTI6IgAqAHNlcGFyYXRvciI7czoxOiIuIjt9\";',0,'');
/*!40000 ALTER TABLE `lcoa2_session` ENABLE KEYS */;
UNLOCK TABLES;

--
-- Table structure for table `lcoa2_tags`
--

DROP TABLE IF EXISTS `lcoa2_tags`;
/*!40101 SET @saved_cs_client     = @@character_set_client */;
/*!50503 SET character_set_client = utf8mb4 */;
CREATE TABLE `lcoa2_tags` (
  `id` int unsigned NOT NULL AUTO_INCREMENT,
  `parent_id` int unsigned NOT NULL DEFAULT '0',
  `lft` int NOT NULL DEFAULT '0',
  `rgt` int NOT NULL DEFAULT '0',
  `level` int unsigned NOT NULL DEFAULT '0',
  `path` varchar(400) CHARACTER SET utf8mb4 COLLATE utf8mb4_unicode_ci NOT NULL DEFAULT '',
  `title` varchar(255) CHARACTER SET utf8mb4 COLLATE utf8mb4_unicode_ci NOT NULL,
  `alias` varchar(400) CHARACTER SET utf8mb4 COLLATE utf8mb4_bin NOT NULL DEFAULT '',
  `note` varchar(255) CHARACTER SET utf8mb4 COLLATE utf8mb4_unicode_ci NOT NULL DEFAULT '',
  `description` mediumtext CHARACTER SET utf8mb4 COLLATE utf8mb4_unicode_ci NOT NULL,
  `published` tinyint NOT NULL DEFAULT '0',
  `checked_out` int unsigned DEFAULT NULL,
  `checked_out_time` datetime DEFAULT NULL,
  `access` int unsigned NOT NULL DEFAULT '0',
  `params` text CHARACTER SET utf8mb4 COLLATE utf8mb4_unicode_ci NOT NULL,
  `metadesc` varchar(1024) CHARACTER SET utf8mb4 COLLATE utf8mb4_unicode_ci NOT NULL COMMENT 'The meta description for the page.',
  `metakey` varchar(1024) CHARACTER SET utf8mb4 COLLATE utf8mb4_unicode_ci NOT NULL DEFAULT '' COMMENT 'The keywords for the page.',
  `metadata` varchar(2048) CHARACTER SET utf8mb4 COLLATE utf8mb4_unicode_ci NOT NULL COMMENT 'JSON encoded metadata properties.',
  `created_user_id` int unsigned NOT NULL DEFAULT '0',
  `created_time` datetime NOT NULL,
  `created_by_alias` varchar(255) CHARACTER SET utf8mb4 COLLATE utf8mb4_unicode_ci NOT NULL DEFAULT '',
  `modified_user_id` int unsigned NOT NULL DEFAULT '0',
  `modified_time` datetime NOT NULL,
  `images` text CHARACTER SET utf8mb4 COLLATE utf8mb4_unicode_ci NOT NULL,
  `urls` text CHARACTER SET utf8mb4 COLLATE utf8mb4_unicode_ci NOT NULL,
  `hits` int unsigned NOT NULL DEFAULT '0',
  `language` char(7) CHARACTER SET utf8mb4 COLLATE utf8mb4_unicode_ci NOT NULL,
  `version` int unsigned NOT NULL DEFAULT '1',
  `publish_up` datetime DEFAULT NULL,
  `publish_down` datetime DEFAULT NULL,
  PRIMARY KEY (`id`),
  KEY `tag_idx` (`published`,`access`),
  KEY `idx_access` (`access`),
  KEY `idx_checkout` (`checked_out`),
  KEY `idx_path` (`path`(100)),
  KEY `idx_left_right` (`lft`,`rgt`),
  KEY `idx_alias` (`alias`(100)),
  KEY `idx_language` (`language`)
) ENGINE=InnoDB AUTO_INCREMENT=2 DEFAULT CHARSET=utf8mb4 COLLATE=utf8mb4_unicode_ci;
/*!40101 SET character_set_client = @saved_cs_client */;

--
-- Dumping data for table `lcoa2_tags`
--

LOCK TABLES `lcoa2_tags` WRITE;
/*!40000 ALTER TABLE `lcoa2_tags` DISABLE KEYS */;
INSERT INTO `lcoa2_tags` VALUES (1,0,0,1,0,'','ROOT','root','','',1,NULL,NULL,1,'','','','',81,'2026-01-26 07:54:06','',81,'2026-01-26 07:54:06','','',0,'*',1,NULL,NULL);
/*!40000 ALTER TABLE `lcoa2_tags` ENABLE KEYS */;
UNLOCK TABLES;

--
-- Table structure for table `lcoa2_template_overrides`
--

DROP TABLE IF EXISTS `lcoa2_template_overrides`;
/*!40101 SET @saved_cs_client     = @@character_set_client */;
/*!50503 SET character_set_client = utf8mb4 */;
CREATE TABLE `lcoa2_template_overrides` (
  `id` int unsigned NOT NULL AUTO_INCREMENT,
  `template` varchar(50) CHARACTER SET utf8mb4 COLLATE utf8mb4_unicode_ci NOT NULL DEFAULT '',
  `hash_id` varchar(255) CHARACTER SET utf8mb4 COLLATE utf8mb4_unicode_ci NOT NULL DEFAULT '',
  `extension_id` int DEFAULT '0',
  `state` tinyint NOT NULL DEFAULT '0',
  `action` varchar(50) CHARACTER SET utf8mb4 COLLATE utf8mb4_unicode_ci NOT NULL DEFAULT '',
  `client_id` tinyint unsigned NOT NULL DEFAULT '0',
  `created_date` datetime NOT NULL,
  `modified_date` datetime DEFAULT NULL,
  PRIMARY KEY (`id`),
  KEY `idx_template` (`template`),
  KEY `idx_extension_id` (`extension_id`)
) ENGINE=InnoDB DEFAULT CHARSET=utf8mb4 COLLATE=utf8mb4_unicode_ci;
/*!40101 SET character_set_client = @saved_cs_client */;

--
-- Dumping data for table `lcoa2_template_overrides`
--

LOCK TABLES `lcoa2_template_overrides` WRITE;
/*!40000 ALTER TABLE `lcoa2_template_overrides` DISABLE KEYS */;
/*!40000 ALTER TABLE `lcoa2_template_overrides` ENABLE KEYS */;
UNLOCK TABLES;

--
-- Table structure for table `lcoa2_template_styles`
--

DROP TABLE IF EXISTS `lcoa2_template_styles`;
/*!40101 SET @saved_cs_client     = @@character_set_client */;
/*!50503 SET character_set_client = utf8mb4 */;
CREATE TABLE `lcoa2_template_styles` (
  `id` int unsigned NOT NULL AUTO_INCREMENT,
  `template` varchar(50) CHARACTER SET utf8mb4 COLLATE utf8mb4_unicode_ci NOT NULL DEFAULT '',
  `client_id` tinyint unsigned NOT NULL DEFAULT '0',
  `home` char(7) CHARACTER SET utf8mb4 COLLATE utf8mb4_unicode_ci NOT NULL DEFAULT '0',
  `title` varchar(255) CHARACTER SET utf8mb4 COLLATE utf8mb4_unicode_ci NOT NULL DEFAULT '',
  `inheritable` tinyint NOT NULL DEFAULT '0',
  `parent` varchar(50) CHARACTER SET utf8mb4 COLLATE utf8mb4_unicode_ci DEFAULT '',
  `params` text CHARACTER SET utf8mb4 COLLATE utf8mb4_unicode_ci NOT NULL,
  PRIMARY KEY (`id`),
  KEY `idx_template` (`template`),
  KEY `idx_client_id` (`client_id`),
  KEY `idx_client_id_home` (`client_id`,`home`)
) ENGINE=InnoDB AUTO_INCREMENT=13 DEFAULT CHARSET=utf8mb4 COLLATE=utf8mb4_unicode_ci;
/*!40101 SET character_set_client = @saved_cs_client */;

--
-- Dumping data for table `lcoa2_template_styles`
--

LOCK TABLES `lcoa2_template_styles` WRITE;
/*!40000 ALTER TABLE `lcoa2_template_styles` DISABLE KEYS */;
INSERT INTO `lcoa2_template_styles` VALUES (10,'atum',1,'1','Atum - Default',1,'','{\"hue\":\"hsl(214, 63%, 20%)\",\"bg-light\":\"#f0f4fb\",\"text-dark\":\"#495057\",\"text-light\":\"#ffffff\",\"link-color\":\"#2a69b8\",\"special-color\":\"#001b4c\",\"colorScheme\":\"os\",\"monochrome\":\"0\",\"loginLogo\":\"\",\"loginLogoAlt\":\"\",\"logoBrandLarge\":\"\",\"logoBrandLargeAlt\":\"\",\"logoBrandSmall\":\"\",\"logoBrandSmallAlt\":\"\"}'),(11,'cassiopeia',0,'1','Cassiopeia - Default',1,'','{\"brand\":\"1\",\"logoFile\":\"\",\"siteTitle\":\"\",\"siteDescription\":\"\",\"useFontScheme\":\"0\",\"colorName\":\"colors_standard\",\"fluidContainer\":\"0\",\"stickyHeader\":0,\"backTop\":0}'),(12,'cassiopeia_extended',0,'0','Cassiopeia Extended - Default',0,'cassiopeia','{\"brand\":\"1\",\"logoFile\":\"\",\"siteTitle\":\"\",\"siteDescription\":\"\",\"useFontScheme\":\"0\",\"systemFontBody\":\"\",\"systemFontHeading\":\"\",\"colorName\":\"colors_standard\",\"fluidContainer\":\"0\",\"stickyHeader\":\"0\",\"backTop\":\"0\",\"colorSettings\":\"0\",\"headerbg\":\"rgb(193, 205, 207)\",\"headercolor\":\"rgb(23, 23, 23)\",\"bodybg\":\"rgb(254, 254, 254)\",\"bodycolor\":\"rgb(23, 23, 23)\",\"linkcolor\":\"rgb(29, 121, 137)\",\"linkcolorh\":\"rgb(14, 59, 67)\",\"btnbg\":\"rgb(206, 60, 55)\",\"btnbgh\":\"rgb(131, 35, 32)\",\"btncolor\":\"rgb(254, 254, 254)\",\"btncolorh\":\"rgb(254, 254, 254)\",\"footerbg\":\"rgb(29, 121, 137)\",\"footercolor\":\"rgb(254, 254, 254)\",\"fontSettings\":\"0\",\"bodysize\":\"1\",\"h1size\":\"2\",\"h2size\":\"1.7\",\"h3size\":\"1.5\"}');
/*!40000 ALTER TABLE `lcoa2_template_styles` ENABLE KEYS */;
UNLOCK TABLES;

--
-- Table structure for table `lcoa2_tuf_metadata`
--

DROP TABLE IF EXISTS `lcoa2_tuf_metadata`;
/*!40101 SET @saved_cs_client     = @@character_set_client */;
/*!50503 SET character_set_client = utf8mb4 */;
CREATE TABLE `lcoa2_tuf_metadata` (
  `id` int NOT NULL AUTO_INCREMENT,
  `update_site_id` int DEFAULT '0',
  `root` text CHARACTER SET utf8mb4 COLLATE utf8mb4_unicode_ci,
  `targets` text CHARACTER SET utf8mb4 COLLATE utf8mb4_unicode_ci,
  `snapshot` text CHARACTER SET utf8mb4 COLLATE utf8mb4_unicode_ci,
  `timestamp` text CHARACTER SET utf8mb4 COLLATE utf8mb4_unicode_ci,
  `mirrors` text CHARACTER SET utf8mb4 COLLATE utf8mb4_unicode_ci,
  PRIMARY KEY (`id`)
) ENGINE=InnoDB AUTO_INCREMENT=2 DEFAULT CHARSET=utf8mb4 COLLATE=utf8mb4_unicode_ci COMMENT='Secure TUF Updates';
/*!40101 SET character_set_client = @saved_cs_client */;

--
-- Dumping data for table `lcoa2_tuf_metadata`
--

LOCK TABLES `lcoa2_tuf_metadata` WRITE;
/*!40000 ALTER TABLE `lcoa2_tuf_metadata` DISABLE KEYS */;
INSERT INTO `lcoa2_tuf_metadata` VALUES (1,1,'{\"signed\":{\"_type\":\"root\",\"spec_version\":\"1.0\",\"version\":12,\"expires\":\"2026-12-16T13:18:16Z\",\"keys\":{\"00e432b504508246e2bd536dd6c13e55e8b3256f0be9f767fae26da6c2a28663\":{\"keytype\":\"ed25519\",\"scheme\":\"ed25519\",\"keyid_hash_algorithms\":[\"sha256\",\"sha512\"],\"keyval\":{\"public\":\"250f8d293c49817a83909dead96ad82b62f7ac16844cf589f8d2f0e0b15cab21\"}},\"07eb082f367c034a95878687f6648aa76d93652b6ee73e58817053d89af6c44f\":{\"keytype\":\"ed25519\",\"scheme\":\"ed25519\",\"keyid_hash_algorithms\":[\"sha256\",\"sha512\"],\"keyval\":{\"public\":\"9b2af2d9b9727227735253d795bd27ea8f0e294a5f3603e822dc5052b44802b9\"}},\"179d107f20a2354ac5bd9a1f32a2df1763c0059617f0c132bebeb4816a1a8637\":{\"keytype\":\"ed25519\",\"scheme\":\"ed25519\",\"keyid_hash_algorithms\":[\"sha256\",\"sha512\"],\"keyval\":{\"public\":\"159a4195cbafce2bb959f09ab2b36a2127b8967f94d389f65f1e7892fccfe8b8\"}},\"192ad7343e7d431533d9577fd957b6f924680177db4dc6c0e146dad6810a90a4\":{\"keytype\":\"ed25519\",\"scheme\":\"ed25519\",\"keyid_hash_algorithms\":[\"sha256\",\"sha512\"],\"keyval\":{\"public\":\"042b66e1431a1f5c2c15b4a16ea60f23f466851b58e9ff057dbfc2a5e0d821d1\"}},\"1b1b1dd55b2c1c7258714cf1c1ae06f23e4607b28c762d016a9d81c48ffe5669\":{\"keytype\":\"ed25519\",\"scheme\":\"ed25519\",\"keyid_hash_algorithms\":[\"sha256\",\"sha512\"],\"keyval\":{\"public\":\"a18e5ebabc19d5d5984b601a292ece61ba3662ab2d071dc520da5bd4f8948799\"}},\"273e94e5477e306ad6de75be1524860e219e265ff9a57c81ababd0691e45706c\":{\"keytype\":\"ed25519\",\"scheme\":\"ed25519\",\"keyid_hash_algorithms\":[\"sha256\",\"sha512\"],\"keyval\":{\"public\":\"1cb6702338830ef1c9e76a022fed27172d475bbaace754d8141ebc96dad8b15f\"}},\"2dcaf3d0e552f150792f7c636d45429246dcfa34ac35b46a44f5c87cd17d457e\":{\"keytype\":\"ed25519\",\"scheme\":\"ed25519\",\"keyid_hash_algorithms\":[\"sha256\",\"sha512\"],\"keyval\":{\"public\":\"cb0a7a131961a20edea051d6dc2b091fb650bd399bd8514adb67b3c60db9f8f9\"}},\"31dd7c7290d664c9b88c0dead2697175293ea7df81b7f24153a37370fd3901c3\":{\"keytype\":\"ed25519\",\"scheme\":\"ed25519\",\"keyid_hash_algorithms\":[\"sha256\",\"sha512\"],\"keyval\":{\"public\":\"589d029a68b470deff1ca16dbf3eea6b5b3fcba0ae7bb52c468abc7fb058b2a2\"}},\"9e41a9d62d94c6a1c8a304f62c5bd72d84a9f286f27e8327cedeacb09e5156cc\":{\"keytype\":\"ed25519\",\"scheme\":\"ed25519\",\"keyid_hash_algorithms\":[\"sha256\",\"sha512\"],\"keyval\":{\"public\":\"6043c8bacc76ac5c9750f45454dd865c6ca1fc57d69e14cc192cfd420f6a66a9\"}},\"9eabc37383b243cd236375c66693db385911914b52556e1ec05fc70ed45e1bfe\":{\"keytype\":\"ed25519\",\"scheme\":\"ed25519\",\"keyid_hash_algorithms\":[\"sha256\",\"sha512\"],\"keyval\":{\"public\":\"a4b8509488f1c29ab0b1f610e7452fbec78b4f33f1fba5a418d6ff087c567429\"}},\"a1a4b7fdbeedfdeff12d7776de098a2f8de8d2ab7bfe10062a281b3819b078c1\":{\"keytype\":\"ed25519\",\"scheme\":\"ed25519\",\"keyid_hash_algorithms\":[\"sha256\",\"sha512\"],\"keyval\":{\"public\":\"ea764b0b475b3c396627ac6689cbd8f54a5f93e87b6f5e3eb44a7ccafb542ff3\"}},\"a599a27a3ec4d520059c591338759dc401006b1c4cb1db85a286e667253d28b6\":{\"keytype\":\"ed25519\",\"scheme\":\"ed25519\",\"keyid_hash_algorithms\":[\"sha256\",\"sha512\"],\"keyval\":{\"public\":\"45e416d24d13a60ace5ab028827d5cfc8ba177bb9466bf2acd8efa6e3547911a\"}},\"bfee044dd4574a281c9b7c0b6829913ef292c66c0512d1091a298cfca8493da9\":{\"keytype\":\"ed25519\",\"scheme\":\"ed25519\",\"keyid_hash_algorithms\":[\"sha256\",\"sha512\"],\"keyval\":{\"public\":\"6eb44460e5914e8e0df726ddb90bd1f3771b8ce5af19b40fb01ac5a85b023a6f\"}},\"e2229942b0fc1e6d7f82adf258e5bdadac10046d1470b7ec459c9eb4e076026b\":{\"keytype\":\"ed25519\",\"scheme\":\"ed25519\",\"keyid_hash_algorithms\":[\"sha256\",\"sha512\"],\"keyval\":{\"public\":\"ad1950e117b29ebe7a38635a2e574123e07571e4f9a011783e053b5f15d2562a\"}},\"ecc851a051c8d6439331ff0a37c7727321fc39896a34f950f73638b8a7cb472e\":{\"keytype\":\"ed25519\",\"scheme\":\"ed25519\",\"keyid_hash_algorithms\":[\"sha256\",\"sha512\"],\"keyval\":{\"public\":\"5d451915bc2b93a0e4e4745bc6a8b292d58996d50e0fb66c78c7827152a65879\"}}},\"roles\":{\"root\":{\"keyids\":[\"1b1b1dd55b2c1c7258714cf1c1ae06f23e4607b28c762d016a9d81c48ffe5669\",\"2dcaf3d0e552f150792f7c636d45429246dcfa34ac35b46a44f5c87cd17d457e\",\"192ad7343e7d431533d9577fd957b6f924680177db4dc6c0e146dad6810a90a4\"],\"threshold\":1},\"snapshot\":{\"keyids\":[\"07eb082f367c034a95878687f6648aa76d93652b6ee73e58817053d89af6c44f\",\"2dcaf3d0e552f150792f7c636d45429246dcfa34ac35b46a44f5c87cd17d457e\",\"ecc851a051c8d6439331ff0a37c7727321fc39896a34f950f73638b8a7cb472e\",\"e2229942b0fc1e6d7f82adf258e5bdadac10046d1470b7ec459c9eb4e076026b\",\"bfee044dd4574a281c9b7c0b6829913ef292c66c0512d1091a298cfca8493da9\",\"9eabc37383b243cd236375c66693db385911914b52556e1ec05fc70ed45e1bfe\",\"273e94e5477e306ad6de75be1524860e219e265ff9a57c81ababd0691e45706c\",\"00e432b504508246e2bd536dd6c13e55e8b3256f0be9f767fae26da6c2a28663\",\"179d107f20a2354ac5bd9a1f32a2df1763c0059617f0c132bebeb4816a1a8637\",\"a1a4b7fdbeedfdeff12d7776de098a2f8de8d2ab7bfe10062a281b3819b078c1\",\"192ad7343e7d431533d9577fd957b6f924680177db4dc6c0e146dad6810a90a4\",\"a599a27a3ec4d520059c591338759dc401006b1c4cb1db85a286e667253d28b6\"],\"threshold\":1},\"targets\":{\"keyids\":[\"31dd7c7290d664c9b88c0dead2697175293ea7df81b7f24153a37370fd3901c3\",\"ecc851a051c8d6439331ff0a37c7727321fc39896a34f950f73638b8a7cb472e\",\"e2229942b0fc1e6d7f82adf258e5bdadac10046d1470b7ec459c9eb4e076026b\",\"bfee044dd4574a281c9b7c0b6829913ef292c66c0512d1091a298cfca8493da9\",\"9eabc37383b243cd236375c66693db385911914b52556e1ec05fc70ed45e1bfe\",\"273e94e5477e306ad6de75be1524860e219e265ff9a57c81ababd0691e45706c\",\"00e432b504508246e2bd536dd6c13e55e8b3256f0be9f767fae26da6c2a28663\",\"179d107f20a2354ac5bd9a1f32a2df1763c0059617f0c132bebeb4816a1a8637\",\"a1a4b7fdbeedfdeff12d7776de098a2f8de8d2ab7bfe10062a281b3819b078c1\"],\"threshold\":1},\"timestamp\":{\"keyids\":[\"9e41a9d62d94c6a1c8a304f62c5bd72d84a9f286f27e8327cedeacb09e5156cc\"],\"threshold\":1}},\"consistent_snapshot\":true},\"signatures\":[{\"keyid\":\"1b1b1dd55b2c1c7258714cf1c1ae06f23e4607b28c762d016a9d81c48ffe5669\",\"sig\":\"566d6aa10932b36ebda6fbb56f17a683c0044cc1e94947fa26f454319e544bf83ccaaca8197874ef51c2eb51ba252297bc1b4f8c6d8b58ed31f30d6d8e100801\"}]}','{\"signed\":{\"_type\":\"targets\",\"spec_version\":\"1.0\",\"version\":81,\"expires\":\"2026-04-20T15:43:15Z\",\"targets\":{\"Joomla_5.1.2-Stable-Upgrade_Package.zip\":{\"length\":28134889,\"hashes\":{\"sha512\":\"d6b46cdedb9b31d01a607fe4c2f3a830a3265ed6ae5c0cb7b0f836b1b016ee7c639bd8948df00baf1b61a87f2fc71368a80b39e67ef9ec2b8842ee0ab09a620f\"},\"custom\":{\"client\":\"site\",\"description\":\"Joomla! 5.1.2 Release\",\"downloads\":[{\"url\":\"https://downloads.joomla.org/cms/joomla5/5-1-2/Joomla_5.1.2-Stable-Update_Package.zip\",\"format\":\"zip\",\"type\":\"full\"},{\"url\":\"https://github.com/joomla/joomla-cms/releases/download/5.1.2/Joomla_5.1.2-Stable-Update_Package.zip\",\"format\":\"zip\",\"type\":\"full\"},{\"url\":\"https://update.joomla.org/releases/5.1.2/Joomla_5.1.2-Stable-Update_Package.zip\",\"format\":\"zip\",\"type\":\"full\"}],\"element\":\"joomla\",\"infourl\":{\"url\":\"https://www.joomla.org/announcements/release-news/5909-joomla-5-1-2-and-joomla-4-4-6-security-and-bug-fix-release.html\",\"title\":\"Joomla! 5.1.2 Release\"},\"maintainer\":\"Joomla! Production Department\",\"maintainerurl\":\"https://www.joomla.org\",\"name\":\"Joomla! 5.1.2\",\"php_minimum\":\"8.1.0\",\"channel\":\"6.x\",\"stability\":\"Stable\",\"supported_databases\":{\"mariadb\":\"10.4\",\"mysql\":\"8.0.13\",\"postgresql\":\"11.0\"},\"targetplatform\":{\"name\":\"joomla\",\"version\":\"(5\\\\.[0-4])|^(4\\\\.4)\"},\"type\":\"file\",\"version\":\"5.1.2\"}},\"Joomla_5.3.3-Stable-Update_Package.zip\":{\"length\":29441974,\"hashes\":{\"sha512\":\"396cdba79e1c85138341e00f7e91fcb7d78e6de4126a7f9f76dc5a3973ceaf20dee90bb1b09492669dbaf4d4c9200df46677c09fb7fbd0535d14505d3c7cf3a2\"},\"custom\":{\"client\":\"site\",\"description\":\"Joomla! 5.3.3 Release\",\"downloads\":[{\"url\":\"https://downloads.joomla.org/cms/joomla5/5-3-3/Joomla_5.3.3-Stable-Update_Package.zip\",\"format\":\"zip\",\"type\":\"full\"},{\"url\":\"https://github.com/joomla/joomla-cms/releases/download/5.3.3/Joomla_5.3.3-Stable-Update_Package.zip\",\"format\":\"zip\",\"type\":\"full\"},{\"url\":\"https://update.joomla.org/releases/5.3.3/Joomla_5.3.3-Stable-Update_Package.zip\",\"format\":\"zip\",\"type\":\"full\"}],\"element\":\"joomla\",\"infourl\":{\"url\":\"https://www.joomla.org/announcements/release-news/5930-joomla-5-3-3-bugfix-release.html\",\"title\":\"Joomla! 5.3.3 Release\"},\"maintainer\":\"Joomla! Production Department\",\"maintainerurl\":\"https://www.joomla.org\",\"name\":\"Joomla! 5.3.3\",\"php_minimum\":\"8.1.0\",\"channel\":\"5.x\",\"stability\":\"Stable\",\"supported_databases\":{\"mariadb\":\"10.4\",\"mysql\":\"8.0.13\",\"postgresql\":\"11.0\"},\"targetplatform\":{\"name\":\"joomla\",\"version\":\"(5\\\\.[0-4])|^(4\\\\.4)\"},\"type\":\"file\",\"version\":\"5.3.3\"}},\"Joomla_5.3.4-Stable-Update_Package.zip\":{\"length\":29854677,\"hashes\":{\"sha512\":\"12a386645464b4f973ec28b40252cca28f56fdbe3f89efa37a4deaebb3334088c427e74bb90fa3068efc2df785a96510befde496f6341bd83f2a1b45b3d693ea\"},\"custom\":{\"client\":\"site\",\"description\":\"Joomla! 5.3.4 Release\",\"downloads\":[{\"url\":\"https://downloads.joomla.org/cms/joomla5/5-3-4/Joomla_5.3.4-Stable-Update_Package.zip\",\"format\":\"zip\",\"type\":\"full\"},{\"url\":\"https://github.com/joomla/joomla-cms/releases/download/5.3.4/Joomla_5.3.4-Stable-Update_Package.zip\",\"format\":\"zip\",\"type\":\"full\"},{\"url\":\"https://update.joomla.org/releases/5.3.4/Joomla_5.3.4-Stable-Update_Package.zip\",\"format\":\"zip\",\"type\":\"full\"}],\"element\":\"joomla\",\"infourl\":{\"url\":\"https://www.joomla.org/announcements/release-news/5936-joomla-5-3-4-security-bugfix-release.html\",\"title\":\"Joomla! 5.3.4 Release\"},\"maintainer\":\"Joomla! Production Department\",\"maintainerurl\":\"https://www.joomla.org\",\"name\":\"Joomla! 5.3.4\",\"php_minimum\":\"8.1.0\",\"channel\":\"5.x\",\"stability\":\"Stable\",\"supported_databases\":{\"mariadb\":\"10.4\",\"mysql\":\"8.0.13\",\"postgresql\":\"11.0\"},\"targetplatform\":{\"name\":\"joomla\",\"version\":\"(5\\\\.[0-4])|^(4\\\\.4)\"},\"type\":\"file\",\"version\":\"5.3.4\"}},\"Joomla_5.4.0-Stable-Update_Package.zip\":{\"length\":29974846,\"hashes\":{\"sha512\":\"c862b2674acd3f7da6062ea2a0defa35c2c5c9091eaf742106f6cf5793d321ed7a9b99901c7ad15845cef4e4cb7e2806af64794fdcf5a30b7e1c4db60bcd10ae\"},\"custom\":{\"client\":\"site\",\"description\":\"Joomla! 5.4.0 Release\",\"downloads\":[{\"url\":\"https://downloads.joomla.org/cms/joomla5/5-4-0/Joomla_5.4.0-Stable-Update_Package.zip\",\"format\":\"zip\",\"type\":\"full\"},{\"url\":\"https://github.com/joomla/joomla-cms/releases/download/5.4.0/Joomla_5.4.0-Stable-Update_Package.zip\",\"format\":\"zip\",\"type\":\"full\"},{\"url\":\"https://update.joomla.org/releases/5.4.0/Joomla_5.4.0-Stable-Update_Package.zip\",\"format\":\"zip\",\"type\":\"full\"}],\"element\":\"joomla\",\"infourl\":{\"url\":\"https://www.joomla.org/announcements/release-news/5939-joomla-6-0-and-joomla-5-4-are-here.html\",\"title\":\"Joomla! 5.4.0 Release\"},\"maintainer\":\"Joomla! Production Department\",\"maintainerurl\":\"https://www.joomla.org\",\"name\":\"Joomla! 5.4.0\",\"php_minimum\":\"8.1.0\",\"channel\":\"5.x\",\"stability\":\"Stable\",\"supported_databases\":{\"mariadb\":\"10.4\",\"mysql\":\"8.0.13\",\"postgresql\":\"11.0\"},\"targetplatform\":{\"name\":\"joomla\",\"version\":\"(5\\\\.[0-4])|^(4\\\\.4)\"},\"type\":\"file\",\"version\":\"5.4.0\"}},\"Joomla_5.4.1-Stable-Update_Package.zip\":{\"length\":30009045,\"hashes\":{\"sha512\":\"aeddd1143cd574ff3f6e9bc7d7c67bf5d21dc1b404d98498a691b1fff12f5d245b48424f97155f20e2807e4ee2c1aed7313fae3ab8c0d27a08a20947c166c43e\"},\"custom\":{\"client\":\"site\",\"description\":\"Joomla! 5.4.1 Release\",\"downloads\":[{\"url\":\"https://downloads.joomla.org/cms/joomla5/5-4-1/Joomla_5.4.1-Stable-Update_Package.zip\",\"format\":\"zip\",\"type\":\"full\"},{\"url\":\"https://github.com/joomla/joomla-cms/releases/download/5.4.1/Joomla_5.4.1-Stable-Update_Package.zip\",\"format\":\"zip\",\"type\":\"full\"},{\"url\":\"https://update.joomla.org/releases/5.4.1/Joomla_5.4.1-Stable-Update_Package.zip\",\"format\":\"zip\",\"type\":\"full\"}],\"element\":\"joomla\",\"infourl\":{\"url\":\"https://www.joomla.org/announcements/release-news/5941-joomla-6-0-1-and-5-4-1-bugfix-release.html\",\"title\":\"Joomla! 5.4.1 Release\"},\"maintainer\":\"Joomla! Production Department\",\"maintainerurl\":\"https://www.joomla.org\",\"name\":\"Joomla! 5.4.1\",\"php_minimum\":\"8.1.0\",\"channel\":\"5.x\",\"stability\":\"Stable\",\"supported_databases\":{\"mariadb\":\"10.4\",\"mysql\":\"8.0.13\",\"postgresql\":\"11.0\"},\"targetplatform\":{\"name\":\"joomla\",\"version\":\"(5\\\\.[0-4])|^(4\\\\.4)\"},\"type\":\"file\",\"version\":\"5.4.1\"}},\"Joomla_5.4.1-rc1-Release_Candidate-Update_Package.zip\":{\"length\":30010108,\"hashes\":{\"sha512\":\"facfd83e03d245c474ca166ebb0bf9635e7b225177c5dd96e18686db67dcd778a68cfaf346cc363761b1df4e5ad3f2d7870f0ea21ecc1a6fbbb46d85a40a00e1\"},\"custom\":{\"client\":\"site\",\"description\":\"Joomla! 5.4.1-rc1 Release\",\"downloads\":[{\"url\":\"https://github.com/joomla/joomla-cms/releases/download/5.4.1-rc1/Joomla_5.4.1-rc1-Release_Candidate-Update_Package.zip\",\"format\":\"zip\",\"type\":\"full\"}],\"element\":\"joomla\",\"infourl\":{\"url\":\"https://github.com/joomla/joomla-cms/releases/tag/5.4.1\",\"title\":\"Joomla! 5.4.1-rc1 Release\"},\"maintainer\":\"Joomla! Production Department\",\"maintainerurl\":\"https://www.joomla.org\",\"name\":\"Joomla! 5.4.1-rc1\",\"php_minimum\":\"8.1.0\",\"channel\":\"5.x\",\"stability\":\"RC\",\"supported_databases\":{\"mariadb\":\"10.4\",\"mysql\":\"8.0.13\",\"postgresql\":\"11.0\"},\"targetplatform\":{\"name\":\"joomla\",\"version\":\"(5\\\\.[0-4])|^(4\\\\.4)\"},\"type\":\"file\",\"version\":\"5.4.1-rc1\"}},\"Joomla_5.4.1-rc2-Release_Candidate-Update_Package.zip\":{\"length\":30009059,\"hashes\":{\"sha512\":\"9345d1d34e6ae6fd7611bff6c164638df2ad07dbdd985d20f3aec0072147d4aebe74f87c0eaf7e767aa5d8232a624ff1db87bc2950d7d83027bb693a17504a20\"},\"custom\":{\"client\":\"site\",\"description\":\"Joomla! 5.4.1-rc2 Release\",\"downloads\":[{\"url\":\"https://github.com/joomla/joomla-cms/releases/download/5.4.1-rc2/Joomla_5.4.1-rc2-Release_Candidate-Update_Package.zip\",\"format\":\"zip\",\"type\":\"full\"}],\"element\":\"joomla\",\"infourl\":{\"url\":\"https://github.com/joomla/joomla-cms/releases/tag/5.4.1-rc2\",\"title\":\"Joomla! 5.4.1-rc2 Release\"},\"maintainer\":\"Joomla! Production Department\",\"maintainerurl\":\"https://www.joomla.org\",\"name\":\"Joomla! 5.4.1-rc2\",\"php_minimum\":\"8.1.0\",\"channel\":\"5.x\",\"stability\":\"RC\",\"supported_databases\":{\"mariadb\":\"10.4\",\"mysql\":\"8.0.13\",\"postgresql\":\"11.0\"},\"targetplatform\":{\"name\":\"joomla\",\"version\":\"(5\\\\.[0-4])|^(4\\\\.4)\"},\"type\":\"file\",\"version\":\"5.4.1-rc2\"}},\"Joomla_5.4.2-Stable-Update_Package.zip\":{\"length\":30316442,\"hashes\":{\"sha512\":\"e83add95a43103ec2d6ccada9e33a29fa6feb2d8e27b6bd16376f4a75d9b588c029b1f24c97b0772e3a6eb0e20d2b8e0e3526cf2af242d90c280ef63abeddaa9\"},\"custom\":{\"client\":\"site\",\"description\":\"Joomla! 5.4.2 Release\",\"downloads\":[{\"url\":\"https://downloads.joomla.org/cms/joomla5/5-4-2/Joomla_5.4.2-Stable-Update_Package.zip\",\"format\":\"zip\",\"type\":\"full\"},{\"url\":\"https://github.com/joomla/joomla-cms/releases/download/5.4.2/Joomla_5.4.2-Stable-Update_Package.zip\",\"format\":\"zip\",\"type\":\"full\"},{\"url\":\"https://update.joomla.org/releases/5.4.2/Joomla_5.4.2-Stable-Update_Package.zip\",\"format\":\"zip\",\"type\":\"full\"}],\"element\":\"joomla\",\"infourl\":{\"url\":\"https://www.joomla.org/announcements/release-news/5942-joomla-6-0-2-and-5-4-2-security-bugfix-release.html\",\"title\":\"Joomla! 5.4.2 Release\"},\"maintainer\":\"Joomla! Production Department\",\"maintainerurl\":\"https://www.joomla.org\",\"name\":\"Joomla! 5.4.2\",\"php_minimum\":\"8.1.0\",\"channel\":\"5.x\",\"stability\":\"Stable\",\"supported_databases\":{\"mariadb\":\"10.4\",\"mysql\":\"8.0.13\",\"postgresql\":\"11.0\"},\"targetplatform\":{\"name\":\"joomla\",\"version\":\"(5\\\\.[0-4])|^(4\\\\.4)\"},\"type\":\"file\",\"version\":\"5.4.2\"}},\"Joomla_5.4.2-rc1-Release_Candidate-Update_Package.zip\":{\"length\":30316061,\"hashes\":{\"sha512\":\"31e53a1a242dfc49fb900e5d6000f6a0235115c13d636d037825b2061df36645da9aa01088d2e33cccb6546fd797a3c76068d5615057d36bc63f06ee5acc2124\"},\"custom\":{\"client\":\"site\",\"description\":\"Joomla! 5.4.2-rc1 Release\",\"downloads\":[{\"url\":\"https://github.com/joomla/joomla-cms/releases/download/5.4.2-rc1/Joomla_5.4.2-rc1-Release_Candidate-Update_Package.zip\",\"format\":\"zip\",\"type\":\"full\"}],\"element\":\"joomla\",\"infourl\":{\"url\":\"https://github.com/joomla/joomla-cms/releases/tag/5.4.2-rc1\",\"title\":\"Joomla! 5.4.2-rc1 Release\"},\"maintainer\":\"Joomla! Production Department\",\"maintainerurl\":\"https://www.joomla.org\",\"name\":\"Joomla! 5.4.2-rc1\",\"php_minimum\":\"8.1.0\",\"channel\":\"5.x\",\"stability\":\"RC\",\"supported_databases\":{\"mariadb\":\"10.4\",\"mysql\":\"8.0.13\",\"postgresql\":\"11.0\"},\"targetplatform\":{\"name\":\"joomla\",\"version\":\"(5\\\\.[0-4])|^(4\\\\.4)\"},\"type\":\"file\",\"version\":\"5.4.2-rc1\"}},\"Joomla_6.0.0-Stable-Update_Package.zip\":{\"length\":30236123,\"hashes\":{\"sha512\":\"ab69bb8305aa23f010695366ef769c99ec5a32343afbb418b6ed03c9ca541ad0222136d3a7ed4a8989f33d638ffdfc4c551e96250e0dbaa3fe45f2c2e8825018\"},\"custom\":{\"client\":\"site\",\"description\":\"Joomla! 6.0.0 Release\",\"downloads\":[{\"url\":\"https://downloads.joomla.org/cms/joomla6/6-0-0/Joomla_6.0.0-Stable-Update_Package.zip\",\"format\":\"zip\",\"type\":\"full\"},{\"url\":\"https://github.com/joomla/joomla-cms/releases/download/6.0.0/Joomla_6.0.0-Stable-Update_Package.zip\",\"format\":\"zip\",\"type\":\"full\"},{\"url\":\"https://update.joomla.org/releases/6.0.0/Joomla_6.0.0-Stable-Update_Package.zip\",\"format\":\"zip\",\"type\":\"full\"}],\"element\":\"joomla\",\"infourl\":{\"url\":\"https://www.joomla.org/announcements/release-news/5939-joomla-6-0-and-joomla-5-4-are-here.html\",\"title\":\"Joomla! 6.0.0 Release\"},\"maintainer\":\"Joomla! Production Department\",\"maintainerurl\":\"https://www.joomla.org\",\"name\":\"Joomla! 6.0.0\",\"php_minimum\":\"8.3.0\",\"channel\":\"6.x\",\"stability\":\"Stable\",\"supported_databases\":{\"mariadb\":\"10.4\",\"mysql\":\"8.0.13\",\"postgresql\":\"12.0\"},\"targetplatform\":{\"name\":\"joomla\",\"version\":\"(6\\\\.[0-4])|^(5\\\\.4)\"},\"type\":\"file\",\"version\":\"6.0.0\"}},\"Joomla_6.0.1-Stable-Update_Package.zip\":{\"length\":30247182,\"hashes\":{\"sha512\":\"38f8dd3ff1fd48b9973193a4484591b3b9f4a7516eb7640ff1687d84c81d4dc8cd05f6f58b9f48172bae41a466442f4a5af4a23e3d63869aeb1b05f4fdd6512e\"},\"custom\":{\"client\":\"site\",\"description\":\"Joomla! 6.0.1 Release\",\"downloads\":[{\"url\":\"https://downloads.joomla.org/cms/joomla6/6-0-1/Joomla_6.0.1-Stable-Update_Package.zip\",\"format\":\"zip\",\"type\":\"full\"},{\"url\":\"https://github.com/joomla/joomla-cms/releases/download/6.0.1/Joomla_6.0.1-Stable-Update_Package.zip\",\"format\":\"zip\",\"type\":\"full\"},{\"url\":\"https://update.joomla.org/releases/6.0.1/Joomla_6.0.1-Stable-Update_Package.zip\",\"format\":\"zip\",\"type\":\"full\"}],\"element\":\"joomla\",\"infourl\":{\"url\":\"https://www.joomla.org/announcements/release-news/5941-joomla-6-0-1-and-5-4-1-bugfix-release.html\",\"title\":\"Joomla! 6.0.1 Release\"},\"maintainer\":\"Joomla! Production Department\",\"maintainerurl\":\"https://www.joomla.org\",\"name\":\"Joomla! 6.0.1\",\"php_minimum\":\"8.3.0\",\"channel\":\"6.x\",\"stability\":\"Stable\",\"supported_databases\":{\"mariadb\":\"10.4\",\"mysql\":\"8.0.13\",\"postgresql\":\"12.0\"},\"targetplatform\":{\"name\":\"joomla\",\"version\":\"(6\\\\.[0-4])|^(5\\\\.4)\"},\"type\":\"file\",\"version\":\"6.0.1\"}},\"Joomla_6.0.1-rc1-Release_Candidate-Update_Package.zip\":{\"length\":30248231,\"hashes\":{\"sha512\":\"fe48586af9382070dd6275885f931d7bb6eca63129e2a252587c7c48ca9d666d3a38f41a0122698f671657a729467f4eef4fde09dfc97dbfb3c633341b568839\"},\"custom\":{\"client\":\"site\",\"description\":\"Joomla! 6.0.1-rc1 Release\",\"downloads\":[{\"url\":\"https://github.com/joomla/joomla-cms/releases/download/6.0.1-rc1/Joomla_6.0.1-rc1-Release_Candidate-Update_Package.zip\",\"format\":\"zip\",\"type\":\"full\"}],\"element\":\"joomla\",\"infourl\":{\"url\":\"https://github.com/joomla/joomla-cms/releases/tag/6.0.1-rc1\",\"title\":\"Joomla! 6.0.1-rc1 Release\"},\"maintainer\":\"Joomla! Production Department\",\"maintainerurl\":\"https://www.joomla.org\",\"name\":\"Joomla! 6.0.1-rc1\",\"php_minimum\":\"8.3.0\",\"channel\":\"6.x\",\"stability\":\"RC\",\"supported_databases\":{\"mariadb\":\"10.4\",\"mysql\":\"8.0.13\",\"postgresql\":\"12.0\"},\"targetplatform\":{\"name\":\"joomla\",\"version\":\"(6\\\\.[0-4])|^(5\\\\.4)\"},\"type\":\"file\",\"version\":\"6.0.1-rc1\"}},\"Joomla_6.0.1-rc2-Release_Candidate-Update_Package.zip\":{\"length\":30247185,\"hashes\":{\"sha512\":\"37aa3600138a3e61250060b6650276bccd975d2dd629a0fb074762024a77a2a94197b1424a49785aa1382d48d4526acc59932fe8ac00e1207d30cc9f82544343\"},\"custom\":{\"client\":\"site\",\"description\":\"Joomla! 6.0.1-rc2 Release\",\"downloads\":[{\"url\":\"https://github.com/joomla/joomla-cms/releases/download/6.0.1-rc2/Joomla_6.0.1-rc2-Release_Candidate-Update_Package.zip\",\"format\":\"zip\",\"type\":\"full\"}],\"element\":\"joomla\",\"infourl\":{\"url\":\"https://github.com/joomla/joomla-cms/releases/tag/6.0.1-rc2\",\"title\":\"Joomla! 6.0.1-rc2 Release\"},\"maintainer\":\"Joomla! Production Department\",\"maintainerurl\":\"https://www.joomla.org\",\"name\":\"Joomla! 6.0.1-rc2\",\"php_minimum\":\"8.3.0\",\"channel\":\"6.x\",\"stability\":\"RC\",\"supported_databases\":{\"mariadb\":\"10.4\",\"mysql\":\"8.0.13\",\"postgresql\":\"12.0\"},\"targetplatform\":{\"name\":\"joomla\",\"version\":\"(6\\\\.[0-4])|^(5\\\\.4)\"},\"type\":\"file\",\"version\":\"6.0.1-rc2\"}},\"Joomla_6.0.2-Stable-Update_Package.zip\":{\"length\":30555623,\"hashes\":{\"sha512\":\"c0cff255fcf8e0359453c18365f4906afcce115981a5114e3388da583ad192bde320c8bdd191cd8ca4e55ad5585c9c4cd098c2e1661d8a109d37b94340e4b6a6\"},\"custom\":{\"client\":\"site\",\"description\":\"Joomla! 6.0.2 Release\",\"downloads\":[{\"url\":\"https://downloads.joomla.org/cms/joomla6/6-0-2/Joomla_6.0.2-Stable-Update_Package.zip\",\"format\":\"zip\",\"type\":\"full\"},{\"url\":\"https://github.com/joomla/joomla-cms/releases/download/6.0.2/Joomla_6.0.2-Stable-Update_Package.zip\",\"format\":\"zip\",\"type\":\"full\"},{\"url\":\"https://update.joomla.org/releases/6.0.2/Joomla_6.0.2-Stable-Update_Package.zip\",\"format\":\"zip\",\"type\":\"full\"}],\"element\":\"joomla\",\"infourl\":{\"url\":\"https://www.joomla.org/announcements/release-news/5942-joomla-6-0-2-and-5-4-2-security-bugfix-release.html\",\"title\":\"Joomla! 6.0.2 Release\"},\"maintainer\":\"Joomla! Production Department\",\"maintainerurl\":\"https://www.joomla.org\",\"name\":\"Joomla! 6.0.2\",\"php_minimum\":\"8.3.0\",\"channel\":\"6.x\",\"stability\":\"Stable\",\"supported_databases\":{\"mariadb\":\"10.4\",\"mysql\":\"8.0.13\",\"postgresql\":\"12.0\"},\"targetplatform\":{\"name\":\"joomla\",\"version\":\"(6\\\\.[0-4])|^(5\\\\.4)\"},\"type\":\"file\",\"version\":\"6.0.2\"}},\"Joomla_6.0.2-rc1-Release_Candidate-Update_Package.zip\":{\"length\":30555248,\"hashes\":{\"sha512\":\"298fb6c5510b95ed5be9862d9e574220a7cf638105c210bc64aad6677bb84b524cb02b6a9dbc8ca1d02fa936f410f4ed501b0914feab3eb7620b47e68696aaa4\"},\"custom\":{\"client\":\"site\",\"description\":\"Joomla! 6.0.2-rc1 Release\",\"downloads\":[{\"url\":\"https://github.com/joomla/joomla-cms/releases/download/6.0.2-rc1/Joomla_6.0.2-rc1-Release_Candidate-Update_Package.zip\",\"format\":\"zip\",\"type\":\"full\"}],\"element\":\"joomla\",\"infourl\":{\"url\":\"https://github.com/joomla/joomla-cms/releases/tag/6.0.2-rc1\",\"title\":\"Joomla! 6.0.2-rc1 Release\"},\"maintainer\":\"Joomla! Production Department\",\"maintainerurl\":\"https://www.joomla.org\",\"name\":\"Joomla! 6.0.2-rc1\",\"php_minimum\":\"8.3.0\",\"channel\":\"6.x\",\"stability\":\"RC\",\"supported_databases\":{\"mariadb\":\"10.4\",\"mysql\":\"8.0.13\",\"postgresql\":\"12.0\"},\"targetplatform\":{\"name\":\"joomla\",\"version\":\"(6\\\\.[0-4])|^(5\\\\.4)\"},\"type\":\"file\",\"version\":\"6.0.2-rc1\"}},\"Joomla_6.1.0-alpha1-Alpha-Update_Package.zip\":{\"length\":30430173,\"hashes\":{\"sha512\":\"e229f74cff44e899ed699781a35bebee9a956728b0fbd7236e6c41f3e63df16b72c2355ef4266ec1561ebddcb4a9127979cfe671dd0b6c0912dc0e5214461a70\"},\"custom\":{\"client\":\"site\",\"description\":\"Joomla! 6.1.0-alpha1 Release\",\"downloads\":[{\"url\":\"https://github.com/joomla/joomla-cms/releases/download/6.1.0-alpha1/Joomla_6.1.0-alpha1-Alpha-Update_Package.zip\",\"format\":\"zip\",\"type\":\"full\"}],\"element\":\"joomla\",\"infourl\":{\"url\":\"https://developer.joomla.org/news/1014-joomla-6-1-alpha1-test-the-future-of-joomla.html\",\"title\":\"Joomla! 6.1.0-alpha1 Release\"},\"maintainer\":\"Joomla! Production Department\",\"maintainerurl\":\"https://www.joomla.org\",\"name\":\"Joomla! 6.1.0-alpha1\",\"php_minimum\":\"8.3.0\",\"channel\":\"6.x\",\"stability\":\"Alpha\",\"supported_databases\":{\"mariadb\":\"10.4\",\"mysql\":\"8.0.13\",\"postgresql\":\"12.0\"},\"targetplatform\":{\"name\":\"joomla\",\"version\":\"(6\\\\.[0-4])|^(5\\\\.4)\"},\"type\":\"file\",\"version\":\"6.1.0-alpha1\"}},\"Joomla_6.1.0-alpha2-Alpha-Full_Package.zip\":{\"length\":33107068,\"hashes\":{\"sha512\":\"be9711e1bda18981f077369105399eff9e8ab9203cad43d2c5385689e32db7bc6e11f3b5e406194dd9c2d7f5892bb92c6702cf5436badf3d971150ffcfda0a72\"},\"custom\":{\"client\":\"site\",\"description\":\"Joomla! 6.1.0-alpha2 Release\",\"downloads\":[{\"url\":\"https://github.com/joomla/joomla-cms/releases/download/6.1.0-alpha2/Joomla_6.1.0-alpha2-Alpha-Update_Package.zip\",\"format\":\"zip\",\"type\":\"full\"}],\"element\":\"joomla\",\"infourl\":{\"url\":\"https://developer.joomla.org/news/1015-joomla-6-1-alpha2-see-how-its-coming-together.html\",\"title\":\"Joomla! 6.1.0-alpha2 Release\"},\"maintainer\":\"Joomla! Production Department\",\"maintainerurl\":\"https://www.joomla.org\",\"name\":\"Joomla! 6.1.0-alpha2\",\"php_minimum\":\"8.3.0\",\"channel\":\"6.x\",\"stability\":\"Alpha\",\"supported_databases\":{\"mariadb\":\"10.4\",\"mysql\":\"8.0.13\",\"postgresql\":\"12.0\"},\"targetplatform\":{\"name\":\"joomla\",\"version\":\"(6\\\\.[0-4])|^(5\\\\.4)\"},\"type\":\"file\",\"version\":\"6.1.0-alpha2\"}},\"Joomla_6.1.0-alpha2-Alpha-Update_Package.zip\":{\"length\":30736927,\"hashes\":{\"sha512\":\"388790c8b32f624e5b33531f4a41eefa85b5273e76e20a847b01c7eaa59367939317581e5f75ade6c024f25894740c9651ce2faaa330ac8a7fb863434c170879\"},\"custom\":{\"client\":\"site\",\"description\":\"Joomla! 6.1.0-alpha2 Release\",\"downloads\":[{\"url\":\"https://github.com/joomla/joomla-cms/releases/download/6.1.0-alpha2/Joomla_6.1.0-alpha2-Alpha-Update_Package.zip\",\"format\":\"zip\",\"type\":\"full\"}],\"element\":\"joomla\",\"infourl\":{\"url\":\"https://developer.joomla.org/news/1015-joomla-6-1-alpha2-see-how-its-coming-together.html\",\"title\":\"Joomla! 6.1.0-alpha2 Release\"},\"maintainer\":\"Joomla! Production Department\",\"maintainerurl\":\"https://www.joomla.org\",\"name\":\"Joomla! 6.1.0-alpha2\",\"php_minimum\":\"8.3.0\",\"channel\":\"6.x\",\"stability\":\"Alpha\",\"supported_databases\":{\"mariadb\":\"10.4\",\"mysql\":\"8.0.13\",\"postgresql\":\"12.0\"},\"targetplatform\":{\"name\":\"joomla\",\"version\":\"(6\\\\.[0-4])|^(5\\\\.4)\"},\"type\":\"file\",\"version\":\"6.1.0-alpha2\"}},\"Joomla_6.1.0-alpha3-Alpha-Full_Package.zip\":{\"length\":33216519,\"hashes\":{\"sha512\":\"16eb1fb81ef4b0c2f3ebca14538945d291623f544d77946e556fc2f17561bda55c256be4f56c0f5034609bbc10e7dcbf0995691b0cd613f5dc58658fe964333b\"},\"custom\":{\"client\":\"site\",\"description\":\"Joomla! 6.1.0-alpha3 Release\",\"downloads\":[{\"url\":\"https://github.com/joomla/joomla-cms/releases/download/6.1.0-alpha3/Joomla_6.1.0-alpha3-Alpha-Update_Package.zip\",\"format\":\"zip\",\"type\":\"full\"}],\"element\":\"joomla\",\"infourl\":{\"url\":\"https://developer.joomla.org/news/1018-joomla-6-1-alpha3-wrapping-up-the-alpha-phase.html\",\"title\":\"Joomla! 6.1.0-alpha3 Release\"},\"maintainer\":\"Joomla! Production Department\",\"maintainerurl\":\"https://www.joomla.org\",\"name\":\"Joomla! 6.1.0-alpha3\",\"php_minimum\":\"8.3.0\",\"channel\":\"6.x\",\"stability\":\"Alpha\",\"supported_databases\":{\"mariadb\":\"10.4\",\"mysql\":\"8.0.13\",\"postgresql\":\"12.0\"},\"targetplatform\":{\"name\":\"joomla\",\"version\":\"(6\\\\.[0-4])|^(5\\\\.4)\"},\"type\":\"file\",\"version\":\"6.1.0-alpha3\"}},\"Joomla_6.1.0-alpha3-Alpha-Update_Package.zip\":{\"length\":30842460,\"hashes\":{\"sha512\":\"9290f78cdba43c0bbb4e9b812a1e06cd548e6a4e14b51529d50d5acab3fdb4f7ab5cc6828655596159af41962b51f5a14008a26f06e3f9c5b3781f309cb52a19\"},\"custom\":{\"client\":\"site\",\"description\":\"Joomla! 6.1.0-alpha3 Release\",\"downloads\":[{\"url\":\"https://github.com/joomla/joomla-cms/releases/download/6.1.0-alpha3/Joomla_6.1.0-alpha3-Alpha-Update_Package.zip\",\"format\":\"zip\",\"type\":\"full\"}],\"element\":\"joomla\",\"infourl\":{\"url\":\"https://developer.joomla.org/news/1018-joomla-6-1-alpha3-wrapping-up-the-alpha-phase.html\",\"title\":\"Joomla! 6.1.0-alpha3 Release\"},\"maintainer\":\"Joomla! Production Department\",\"maintainerurl\":\"https://www.joomla.org\",\"name\":\"Joomla! 6.1.0-alpha3\",\"php_minimum\":\"8.3.0\",\"channel\":\"6.x\",\"stability\":\"Alpha\",\"supported_databases\":{\"mariadb\":\"10.4\",\"mysql\":\"8.0.13\",\"postgresql\":\"12.0\"},\"targetplatform\":{\"name\":\"joomla\",\"version\":\"(6\\\\.[0-4])|^(5\\\\.4)\"},\"type\":\"file\",\"version\":\"6.1.0-alpha3\"}}}},\"signatures\":[{\"keyid\":\"a1a4b7fdbeedfdeff12d7776de098a2f8de8d2ab7bfe10062a281b3819b078c1\",\"sig\":\"2cb5bfffddb78bbab58bb2e59b4be95705c333d78ea7b0e14110e488f7cb42876d1e09bac4d7f7d2603db3e0e9f5768f454500010c5026a05064bc1c791e7e09\"}]}','{\"signed\":{\"_type\":\"snapshot\",\"spec_version\":\"1.0\",\"version\":92,\"expires\":\"2026-08-18T15:49:18Z\",\"meta\":{\"targets.json\":{\"length\":21685,\"hashes\":{\"sha512\":\"bab309a3229b02493d959a1eac685b9a44015d1cbf48aaa4b48faac9275be5bf7c77b23591da314b1438acdc50497878a6a0962550c81593204775c6df0a7304\"},\"version\":81}}},\"signatures\":[{\"keyid\":\"a1a4b7fdbeedfdeff12d7776de098a2f8de8d2ab7bfe10062a281b3819b078c1\",\"sig\":\"9fc0d75a28e1d6758f5a3af9b8f69f38438bdd0be2a39ace6006bad4ac577a5ef551d626fc53fe6e8c9a313811293a8db099172352142304ef551345e68a3100\"}]}','{\"signed\":{\"_type\":\"timestamp\",\"spec_version\":\"1.0\",\"version\":937,\"expires\":\"2026-02-04T01:06:57Z\",\"meta\":{\"snapshot.json\":{\"length\":532,\"hashes\":{\"sha512\":\"a0e2563c4e3c438130167ed949cbd00220044e764366a8ab5811e05ea59eea2521f5fe148a86f3298fe3d9039c1a96f7fff892b7760daa0abc58007678a2741b\"},\"version\":92}}},\"signatures\":[{\"keyid\":\"9e41a9d62d94c6a1c8a304f62c5bd72d84a9f286f27e8327cedeacb09e5156cc\",\"sig\":\"f7e2b51b5d0945350ed1ef0c13d0ec3d34201ace1377d73160fd35793df2346970545bd68a1ed4d3b296fb20fc6aeb3fb9e132926fb62a08387343e064d0560f\"}]}',NULL);
/*!40000 ALTER TABLE `lcoa2_tuf_metadata` ENABLE KEYS */;
UNLOCK TABLES;

--
-- Table structure for table `lcoa2_ucm_base`
--

DROP TABLE IF EXISTS `lcoa2_ucm_base`;
/*!40101 SET @saved_cs_client     = @@character_set_client */;
/*!50503 SET character_set_client = utf8mb4 */;
CREATE TABLE `lcoa2_ucm_base` (
  `ucm_id` int unsigned NOT NULL,
  `ucm_item_id` int NOT NULL,
  `ucm_type_id` int NOT NULL,
  `ucm_language_id` int NOT NULL,
  PRIMARY KEY (`ucm_id`),
  KEY `idx_ucm_item_id` (`ucm_item_id`),
  KEY `idx_ucm_type_id` (`ucm_type_id`),
  KEY `idx_ucm_language_id` (`ucm_language_id`)
) ENGINE=InnoDB DEFAULT CHARSET=utf8mb4 COLLATE=utf8mb4_unicode_ci;
/*!40101 SET character_set_client = @saved_cs_client */;

--
-- Dumping data for table `lcoa2_ucm_base`
--

LOCK TABLES `lcoa2_ucm_base` WRITE;
/*!40000 ALTER TABLE `lcoa2_ucm_base` DISABLE KEYS */;
/*!40000 ALTER TABLE `lcoa2_ucm_base` ENABLE KEYS */;
UNLOCK TABLES;

--
-- Table structure for table `lcoa2_ucm_content`
--

DROP TABLE IF EXISTS `lcoa2_ucm_content`;
/*!40101 SET @saved_cs_client     = @@character_set_client */;
/*!50503 SET character_set_client = utf8mb4 */;
CREATE TABLE `lcoa2_ucm_content` (
  `core_content_id` int unsigned NOT NULL AUTO_INCREMENT,
  `core_type_alias` varchar(400) CHARACTER SET utf8mb4 COLLATE utf8mb4_unicode_ci NOT NULL DEFAULT '' COMMENT 'FK to the content types table',
  `core_title` varchar(400) CHARACTER SET utf8mb4 COLLATE utf8mb4_unicode_ci NOT NULL DEFAULT '',
  `core_alias` varchar(400) CHARACTER SET utf8mb4 COLLATE utf8mb4_bin NOT NULL DEFAULT '',
  `core_body` mediumtext CHARACTER SET utf8mb4 COLLATE utf8mb4_unicode_ci,
  `core_state` tinyint NOT NULL DEFAULT '0',
  `core_checked_out_time` datetime DEFAULT NULL,
  `core_checked_out_user_id` int unsigned DEFAULT NULL,
  `core_access` int unsigned NOT NULL DEFAULT '0',
  `core_params` text CHARACTER SET utf8mb4 COLLATE utf8mb4_unicode_ci,
  `core_featured` tinyint unsigned NOT NULL DEFAULT '0',
  `core_metadata` varchar(2048) CHARACTER SET utf8mb4 COLLATE utf8mb4_unicode_ci NOT NULL DEFAULT '' COMMENT 'JSON encoded metadata properties.',
  `core_created_user_id` int unsigned NOT NULL DEFAULT '0',
  `core_created_by_alias` varchar(255) CHARACTER SET utf8mb4 COLLATE utf8mb4_unicode_ci NOT NULL DEFAULT '',
  `core_created_time` datetime NOT NULL,
  `core_modified_user_id` int unsigned NOT NULL DEFAULT '0' COMMENT 'Most recent user that modified',
  `core_modified_time` datetime NOT NULL,
  `core_language` char(7) CHARACTER SET utf8mb4 COLLATE utf8mb4_unicode_ci NOT NULL DEFAULT '',
  `core_publish_up` datetime DEFAULT NULL,
  `core_publish_down` datetime DEFAULT NULL,
  `core_content_item_id` int unsigned NOT NULL DEFAULT '0' COMMENT 'ID from the individual type table',
  `asset_id` int unsigned NOT NULL DEFAULT '0' COMMENT 'FK to the #__assets table.',
  `core_images` text CHARACTER SET utf8mb4 COLLATE utf8mb4_unicode_ci,
  `core_urls` text CHARACTER SET utf8mb4 COLLATE utf8mb4_unicode_ci,
  `core_hits` int unsigned NOT NULL DEFAULT '0',
  `core_version` int unsigned NOT NULL DEFAULT '1',
  `core_ordering` int NOT NULL DEFAULT '0',
  `core_metakey` text CHARACTER SET utf8mb4 COLLATE utf8mb4_unicode_ci,
  `core_metadesc` text CHARACTER SET utf8mb4 COLLATE utf8mb4_unicode_ci,
  `core_catid` int unsigned NOT NULL DEFAULT '0',
  `core_type_id` int unsigned NOT NULL DEFAULT '0',
  PRIMARY KEY (`core_content_id`),
  KEY `tag_idx` (`core_state`,`core_access`),
  KEY `idx_access` (`core_access`),
  KEY `idx_alias` (`core_alias`(100)),
  KEY `idx_language` (`core_language`),
  KEY `idx_title` (`core_title`(100)),
  KEY `idx_modified_time` (`core_modified_time`),
  KEY `idx_created_time` (`core_created_time`),
  KEY `idx_content_type` (`core_type_alias`(100)),
  KEY `idx_core_modified_user_id` (`core_modified_user_id`),
  KEY `idx_core_checked_out_user_id` (`core_checked_out_user_id`),
  KEY `idx_core_created_user_id` (`core_created_user_id`),
  KEY `idx_core_type_id` (`core_type_id`)
) ENGINE=InnoDB DEFAULT CHARSET=utf8mb4 COLLATE=utf8mb4_unicode_ci COMMENT='Contains core content data in name spaced fields';
/*!40101 SET character_set_client = @saved_cs_client */;

--
-- Dumping data for table `lcoa2_ucm_content`
--

LOCK TABLES `lcoa2_ucm_content` WRITE;
/*!40000 ALTER TABLE `lcoa2_ucm_content` DISABLE KEYS */;
/*!40000 ALTER TABLE `lcoa2_ucm_content` ENABLE KEYS */;
UNLOCK TABLES;

--
-- Table structure for table `lcoa2_update_sites`
--

DROP TABLE IF EXISTS `lcoa2_update_sites`;
/*!40101 SET @saved_cs_client     = @@character_set_client */;
/*!50503 SET character_set_client = utf8mb4 */;
CREATE TABLE `lcoa2_update_sites` (
  `update_site_id` int NOT NULL AUTO_INCREMENT,
  `name` varchar(100) CHARACTER SET utf8mb4 COLLATE utf8mb4_unicode_ci DEFAULT '',
  `type` varchar(20) CHARACTER SET utf8mb4 COLLATE utf8mb4_unicode_ci DEFAULT '',
  `location` text CHARACTER SET utf8mb4 COLLATE utf8mb4_unicode_ci NOT NULL,
  `enabled` int DEFAULT '0',
  `last_check_timestamp` bigint DEFAULT '0',
  `extra_query` varchar(1000) CHARACTER SET utf8mb4 COLLATE utf8mb4_unicode_ci DEFAULT '',
  `checked_out` int unsigned DEFAULT NULL,
  `checked_out_time` datetime DEFAULT NULL,
  PRIMARY KEY (`update_site_id`)
) ENGINE=InnoDB AUTO_INCREMENT=4 DEFAULT CHARSET=utf8mb4 COLLATE=utf8mb4_unicode_ci COMMENT='Update Sites';
/*!40101 SET character_set_client = @saved_cs_client */;

--
-- Dumping data for table `lcoa2_update_sites`
--

LOCK TABLES `lcoa2_update_sites` WRITE;
/*!40000 ALTER TABLE `lcoa2_update_sites` DISABLE KEYS */;
INSERT INTO `lcoa2_update_sites` VALUES (1,'Joomla! Core','tuf','https://update.joomla.org/cms/',1,1770017447,'',NULL,NULL),(2,'Accredited Joomla! Translations','collection','https://update.joomla.org/language/translationlist_6.xml',1,1770017448,'',NULL,NULL),(3,'Joomla! Update Component','extension','https://update.joomla.org/core/extensions/com_joomlaupdate.xml',1,1770017448,'',NULL,NULL);
/*!40000 ALTER TABLE `lcoa2_update_sites` ENABLE KEYS */;
UNLOCK TABLES;

--
-- Table structure for table `lcoa2_update_sites_extensions`
--

DROP TABLE IF EXISTS `lcoa2_update_sites_extensions`;
/*!40101 SET @saved_cs_client     = @@character_set_client */;
/*!50503 SET character_set_client = utf8mb4 */;
CREATE TABLE `lcoa2_update_sites_extensions` (
  `update_site_id` int NOT NULL DEFAULT '0',
  `extension_id` int NOT NULL DEFAULT '0',
  PRIMARY KEY (`update_site_id`,`extension_id`)
) ENGINE=InnoDB DEFAULT CHARSET=utf8mb4 COLLATE=utf8mb4_unicode_ci COMMENT='Links extensions to update sites';
/*!40101 SET character_set_client = @saved_cs_client */;

--
-- Dumping data for table `lcoa2_update_sites_extensions`
--

LOCK TABLES `lcoa2_update_sites_extensions` WRITE;
/*!40000 ALTER TABLE `lcoa2_update_sites_extensions` DISABLE KEYS */;
INSERT INTO `lcoa2_update_sites_extensions` VALUES (1,246),(2,247),(3,24);
/*!40000 ALTER TABLE `lcoa2_update_sites_extensions` ENABLE KEYS */;
UNLOCK TABLES;

--
-- Table structure for table `lcoa2_updates`
--

DROP TABLE IF EXISTS `lcoa2_updates`;
/*!40101 SET @saved_cs_client     = @@character_set_client */;
/*!50503 SET character_set_client = utf8mb4 */;
CREATE TABLE `lcoa2_updates` (
  `update_id` int NOT NULL AUTO_INCREMENT,
  `update_site_id` int DEFAULT '0',
  `extension_id` int DEFAULT '0',
  `name` varchar(100) CHARACTER SET utf8mb4 COLLATE utf8mb4_unicode_ci DEFAULT '',
  `description` text CHARACTER SET utf8mb4 COLLATE utf8mb4_unicode_ci NOT NULL,
  `element` varchar(100) CHARACTER SET utf8mb4 COLLATE utf8mb4_unicode_ci DEFAULT '',
  `type` varchar(20) CHARACTER SET utf8mb4 COLLATE utf8mb4_unicode_ci DEFAULT '',
  `folder` varchar(20) CHARACTER SET utf8mb4 COLLATE utf8mb4_unicode_ci DEFAULT '',
  `client_id` tinyint DEFAULT '0',
  `version` varchar(32) CHARACTER SET utf8mb4 COLLATE utf8mb4_unicode_ci DEFAULT '',
  `data` text CHARACTER SET utf8mb4 COLLATE utf8mb4_unicode_ci NOT NULL,
  `detailsurl` text CHARACTER SET utf8mb4 COLLATE utf8mb4_unicode_ci NOT NULL,
  `infourl` text CHARACTER SET utf8mb4 COLLATE utf8mb4_unicode_ci NOT NULL,
  `changelogurl` text CHARACTER SET utf8mb4 COLLATE utf8mb4_unicode_ci,
  `extra_query` varchar(1000) CHARACTER SET utf8mb4 COLLATE utf8mb4_unicode_ci DEFAULT '',
  PRIMARY KEY (`update_id`)
) ENGINE=InnoDB AUTO_INCREMENT=322 DEFAULT CHARSET=utf8mb4 COLLATE=utf8mb4_unicode_ci COMMENT='Available Updates';
/*!40101 SET character_set_client = @saved_cs_client */;

--
-- Dumping data for table `lcoa2_updates`
--

LOCK TABLES `lcoa2_updates` WRITE;
/*!40000 ALTER TABLE `lcoa2_updates` DISABLE KEYS */;
INSERT INTO `lcoa2_updates` VALUES (282,2,0,'Afrikaans','','pkg_af-ZA','package','',0,'6.0.3.1','','https://update.joomla.org/language/details6/af-ZA_details.xml','','',''),(283,2,0,'Belarusian','','pkg_be-BY','package','',0,'6.0.3.1','','https://update.joomla.org/language/details6/be-BY_details.xml','','',''),(284,2,0,'Catalan','','pkg_ca-ES','package','',0,'6.0.2.1','','https://update.joomla.org/language/details6/ca-ES_details.xml','','',''),(285,2,0,'Chinese, Simplified','','pkg_zh-CN','package','',0,'6.0.1.3','','https://update.joomla.org/language/details6/zh-CN_details.xml','','',''),(286,2,0,'Czech','','pkg_cs-CZ','package','',0,'6.0.2.1','','https://update.joomla.org/language/details6/cs-CZ_details.xml','','',''),(287,2,0,'Danish','','pkg_da-DK','package','',0,'6.0.2.1','','https://update.joomla.org/language/details6/da-DK_details.xml','','',''),(288,2,0,'Dutch','','pkg_nl-NL','package','',0,'6.0.2.1','','https://update.joomla.org/language/details6/nl-NL_details.xml','','',''),(289,2,0,'English, Australia','','pkg_en-AU','package','',0,'6.0.2.1','','https://update.joomla.org/language/details6/en-AU_details.xml','','',''),(290,2,0,'English, Canada','','pkg_en-CA','package','',0,'6.0.2.1','','https://update.joomla.org/language/details6/en-CA_details.xml','','',''),(291,2,0,'English, New Zealand','','pkg_en-NZ','package','',0,'6.0.2.1','','https://update.joomla.org/language/details6/en-NZ_details.xml','','',''),(292,2,0,'English, USA','','pkg_en-US','package','',0,'6.0.2.1','','https://update.joomla.org/language/details6/en-US_details.xml','','',''),(293,2,0,'Finnish','','pkg_fi-FI','package','',0,'6.0.1.1','','https://update.joomla.org/language/details6/fi-FI_details.xml','','',''),(294,2,0,'Flemish','','pkg_nl-BE','package','',0,'6.0.2.1','','https://update.joomla.org/language/details6/nl-BE_details.xml','','',''),(295,2,0,'French','','pkg_fr-FR','package','',0,'6.0.2.1','','https://update.joomla.org/language/details6/fr-FR_details.xml','','',''),(296,2,0,'Georgian','','pkg_ka-GE','package','',0,'6.0.2.1','','https://update.joomla.org/language/details6/ka-GE_details.xml','','',''),(297,2,0,'German','','pkg_de-DE','package','',0,'6.0.2.1','','https://update.joomla.org/language/details6/de-DE_details.xml','','',''),(298,2,0,'German, Austria','','pkg_de-AT','package','',0,'6.0.2.1','','https://update.joomla.org/language/details6/de-AT_details.xml','','',''),(299,2,0,'German, Liechtenstein','','pkg_de-LI','package','',0,'6.0.2.1','','https://update.joomla.org/language/details6/de-LI_details.xml','','',''),(300,2,0,'German, Luxembourg','','pkg_de-LU','package','',0,'6.0.2.1','','https://update.joomla.org/language/details6/de-LU_details.xml','','',''),(301,2,0,'German, Switzerland','','pkg_de-CH','package','',0,'6.0.2.1','','https://update.joomla.org/language/details6/de-CH_details.xml','','',''),(302,2,0,'Greek','','pkg_el-GR','package','',0,'6.0.2.1','','https://update.joomla.org/language/details6/el-GR_details.xml','','',''),(303,2,0,'Hungarian','','pkg_hu-HU','package','',0,'6.0.0.1','','https://update.joomla.org/language/details6/hu-HU_details.xml','','',''),(304,2,0,'Italian','','pkg_it-IT','package','',0,'6.0.2.1','','https://update.joomla.org/language/details6/it-IT_details.xml','','',''),(305,2,0,'Japanese','','pkg_ja-JP','package','',0,'6.0.2.1','','https://update.joomla.org/language/details6/ja-JP_details.xml','','',''),(306,2,0,'Lithuanian','','pkg_lt-LT','package','',0,'6.0.3.1','','https://update.joomla.org/language/details6/lt-LT_details.xml','','',''),(307,2,0,'Norwegian Bokml','','pkg_nb-NO','package','',0,'6.0.2.1','','https://update.joomla.org/language/details6/nb-NO_details.xml','','',''),(308,2,0,'Persian Farsi','','pkg_fa-IR','package','',0,'6.0.2.1','','https://update.joomla.org/language/details6/fa-IR_details.xml','','',''),(309,2,0,'Polish','','pkg_pl-PL','package','',0,'6.0.0.1','','https://update.joomla.org/language/details6/pl-PL_details.xml','','',''),(310,2,0,'Romanian','','pkg_ro-RO','package','',0,'6.0.0.1','','https://update.joomla.org/language/details6/ro-RO_details.xml','','',''),(311,2,0,'Russian','','pkg_ru-RU','package','',0,'6.0.1.1','','https://update.joomla.org/language/details6/ru-RU_details.xml','','',''),(312,2,0,'Serbian, Cyrillic','','pkg_sr-RS','package','',0,'6.0.1.1','','https://update.joomla.org/language/details6/sr-RS_details.xml','','',''),(313,2,0,'Serbian, Latin','','pkg_sr-YU','package','',0,'6.0.1.1','','https://update.joomla.org/language/details6/sr-YU_details.xml','','',''),(314,2,0,'Slovak','','pkg_sk-SK','package','',0,'6.0.2.2','','https://update.joomla.org/language/details6/sk-SK_details.xml','','',''),(315,2,0,'Slovenian','','pkg_sl-SI','package','',0,'6.0.2.1','','https://update.joomla.org/language/details6/sl-SI_details.xml','','',''),(316,2,0,'Spanish','','pkg_es-ES','package','',0,'6.0.2.1','','https://update.joomla.org/language/details6/es-ES_details.xml','','',''),(317,2,0,'Swedish','','pkg_sv-SE','package','',0,'6.0.2.1','','https://update.joomla.org/language/details6/sv-SE_details.xml','','',''),(318,2,0,'Tamil, India','','pkg_ta-IN','package','',0,'6.0.2.1','','https://update.joomla.org/language/details6/ta-IN_details.xml','','',''),(319,2,0,'Thai','','pkg_th-TH','package','',0,'6.0.0.2','','https://update.joomla.org/language/details6/th-TH_details.xml','','',''),(320,2,0,'Turkish','','pkg_tr-TR','package','',0,'6.0.2.1','','https://update.joomla.org/language/details6/tr-TR_details.xml','','',''),(321,2,0,'Ukrainian','','pkg_uk-UA','package','',0,'6.0.0.1','','https://update.joomla.org/language/details6/uk-UA_details.xml','','','');
/*!40000 ALTER TABLE `lcoa2_updates` ENABLE KEYS */;
UNLOCK TABLES;

--
-- Table structure for table `lcoa2_user_keys`
--

DROP TABLE IF EXISTS `lcoa2_user_keys`;
/*!40101 SET @saved_cs_client     = @@character_set_client */;
/*!50503 SET character_set_client = utf8mb4 */;
CREATE TABLE `lcoa2_user_keys` (
  `id` int unsigned NOT NULL AUTO_INCREMENT,
  `user_id` varchar(150) CHARACTER SET utf8mb4 COLLATE utf8mb4_unicode_ci NOT NULL,
  `token` varchar(255) CHARACTER SET utf8mb4 COLLATE utf8mb4_unicode_ci NOT NULL,
  `series` varchar(191) CHARACTER SET utf8mb4 COLLATE utf8mb4_unicode_ci NOT NULL,
  `time` varchar(200) CHARACTER SET utf8mb4 COLLATE utf8mb4_unicode_ci NOT NULL,
  `uastring` varchar(255) CHARACTER SET utf8mb4 COLLATE utf8mb4_unicode_ci NOT NULL,
  PRIMARY KEY (`id`),
  UNIQUE KEY `series` (`series`),
  KEY `user_id` (`user_id`)
) ENGINE=InnoDB DEFAULT CHARSET=utf8mb4 COLLATE=utf8mb4_unicode_ci;
/*!40101 SET character_set_client = @saved_cs_client */;

--
-- Dumping data for table `lcoa2_user_keys`
--

LOCK TABLES `lcoa2_user_keys` WRITE;
/*!40000 ALTER TABLE `lcoa2_user_keys` DISABLE KEYS */;
/*!40000 ALTER TABLE `lcoa2_user_keys` ENABLE KEYS */;
UNLOCK TABLES;

--
-- Table structure for table `lcoa2_user_mfa`
--

DROP TABLE IF EXISTS `lcoa2_user_mfa`;
/*!40101 SET @saved_cs_client     = @@character_set_client */;
/*!50503 SET character_set_client = utf8mb4 */;
CREATE TABLE `lcoa2_user_mfa` (
  `id` int NOT NULL AUTO_INCREMENT,
  `user_id` int unsigned NOT NULL,
  `title` varchar(255) CHARACTER SET utf8mb4 COLLATE utf8mb4_unicode_ci NOT NULL DEFAULT '',
  `method` varchar(100) CHARACTER SET utf8mb4 COLLATE utf8mb4_unicode_ci NOT NULL,
  `default` tinyint NOT NULL DEFAULT '0',
  `options` mediumtext CHARACTER SET utf8mb4 COLLATE utf8mb4_unicode_ci NOT NULL,
  `created_on` datetime NOT NULL,
  `last_used` datetime DEFAULT NULL,
  `tries` int NOT NULL DEFAULT '0',
  `last_try` datetime DEFAULT NULL,
  PRIMARY KEY (`id`),
  KEY `idx_user_id` (`user_id`)
) ENGINE=InnoDB DEFAULT CHARSET=utf8mb4 COLLATE=utf8mb4_unicode_ci COMMENT='Multi-factor Authentication settings';
/*!40101 SET character_set_client = @saved_cs_client */;

--
-- Dumping data for table `lcoa2_user_mfa`
--

LOCK TABLES `lcoa2_user_mfa` WRITE;
/*!40000 ALTER TABLE `lcoa2_user_mfa` DISABLE KEYS */;
/*!40000 ALTER TABLE `lcoa2_user_mfa` ENABLE KEYS */;
UNLOCK TABLES;

--
-- Table structure for table `lcoa2_user_notes`
--

DROP TABLE IF EXISTS `lcoa2_user_notes`;
/*!40101 SET @saved_cs_client     = @@character_set_client */;
/*!50503 SET character_set_client = utf8mb4 */;
CREATE TABLE `lcoa2_user_notes` (
  `id` int unsigned NOT NULL AUTO_INCREMENT,
  `user_id` int unsigned NOT NULL DEFAULT '0',
  `catid` int unsigned NOT NULL DEFAULT '0',
  `subject` varchar(100) CHARACTER SET utf8mb4 COLLATE utf8mb4_unicode_ci NOT NULL DEFAULT '',
  `body` text CHARACTER SET utf8mb4 COLLATE utf8mb4_unicode_ci NOT NULL,
  `state` tinyint NOT NULL DEFAULT '0',
  `checked_out` int unsigned DEFAULT NULL,
  `checked_out_time` datetime DEFAULT NULL,
  `created_user_id` int unsigned NOT NULL DEFAULT '0',
  `created_time` datetime NOT NULL,
  `modified_user_id` int unsigned NOT NULL DEFAULT '0',
  `modified_time` datetime NOT NULL,
  `review_time` datetime DEFAULT NULL,
  `publish_up` datetime DEFAULT NULL,
  `publish_down` datetime DEFAULT NULL,
  PRIMARY KEY (`id`),
  KEY `idx_user_id` (`user_id`),
  KEY `idx_category_id` (`catid`)
) ENGINE=InnoDB DEFAULT CHARSET=utf8mb4 COLLATE=utf8mb4_unicode_ci;
/*!40101 SET character_set_client = @saved_cs_client */;

--
-- Dumping data for table `lcoa2_user_notes`
--

LOCK TABLES `lcoa2_user_notes` WRITE;
/*!40000 ALTER TABLE `lcoa2_user_notes` DISABLE KEYS */;
/*!40000 ALTER TABLE `lcoa2_user_notes` ENABLE KEYS */;
UNLOCK TABLES;

--
-- Table structure for table `lcoa2_user_profiles`
--

DROP TABLE IF EXISTS `lcoa2_user_profiles`;
/*!40101 SET @saved_cs_client     = @@character_set_client */;
/*!50503 SET character_set_client = utf8mb4 */;
CREATE TABLE `lcoa2_user_profiles` (
  `user_id` int NOT NULL,
  `profile_key` varchar(100) CHARACTER SET utf8mb4 COLLATE utf8mb4_unicode_ci NOT NULL,
  `profile_value` text CHARACTER SET utf8mb4 COLLATE utf8mb4_unicode_ci NOT NULL,
  `ordering` int NOT NULL DEFAULT '0',
  UNIQUE KEY `idx_user_id_profile_key` (`user_id`,`profile_key`)
) ENGINE=InnoDB DEFAULT CHARSET=utf8mb4 COLLATE=utf8mb4_unicode_ci COMMENT='Simple user profile storage table';
/*!40101 SET character_set_client = @saved_cs_client */;

--
-- Dumping data for table `lcoa2_user_profiles`
--

LOCK TABLES `lcoa2_user_profiles` WRITE;
/*!40000 ALTER TABLE `lcoa2_user_profiles` DISABLE KEYS */;
INSERT INTO `lcoa2_user_profiles` VALUES (81,'guidedtour.id.12','{\"state\":\"completed\"}',0),(82,'guidedtour.id.12','{\"state\":\"skipped\"}',0),(84,'guidedtour.id.12','{\"state\":\"skipped\"}',0);
/*!40000 ALTER TABLE `lcoa2_user_profiles` ENABLE KEYS */;
UNLOCK TABLES;

--
-- Table structure for table `lcoa2_user_usergroup_map`
--

DROP TABLE IF EXISTS `lcoa2_user_usergroup_map`;
/*!40101 SET @saved_cs_client     = @@character_set_client */;
/*!50503 SET character_set_client = utf8mb4 */;
CREATE TABLE `lcoa2_user_usergroup_map` (
  `user_id` int unsigned NOT NULL DEFAULT '0' COMMENT 'Foreign Key to #__users.id',
  `group_id` int unsigned NOT NULL DEFAULT '0' COMMENT 'Foreign Key to #__usergroups.id',
  PRIMARY KEY (`user_id`,`group_id`)
) ENGINE=InnoDB DEFAULT CHARSET=utf8mb4 COLLATE=utf8mb4_unicode_ci;
/*!40101 SET character_set_client = @saved_cs_client */;

--
-- Dumping data for table `lcoa2_user_usergroup_map`
--

LOCK TABLES `lcoa2_user_usergroup_map` WRITE;
/*!40000 ALTER TABLE `lcoa2_user_usergroup_map` DISABLE KEYS */;
INSERT INTO `lcoa2_user_usergroup_map` VALUES (81,8),(82,10),(83,2),(83,11),(84,10);
/*!40000 ALTER TABLE `lcoa2_user_usergroup_map` ENABLE KEYS */;
UNLOCK TABLES;

--
-- Table structure for table `lcoa2_usergroups`
--

DROP TABLE IF EXISTS `lcoa2_usergroups`;
/*!40101 SET @saved_cs_client     = @@character_set_client */;
/*!50503 SET character_set_client = utf8mb4 */;
CREATE TABLE `lcoa2_usergroups` (
  `id` int unsigned NOT NULL AUTO_INCREMENT COMMENT 'Primary Key',
  `parent_id` int unsigned NOT NULL DEFAULT '0' COMMENT 'Adjacency List Reference Id',
  `lft` int NOT NULL DEFAULT '0' COMMENT 'Nested set lft.',
  `rgt` int NOT NULL DEFAULT '0' COMMENT 'Nested set rgt.',
  `title` varchar(100) CHARACTER SET utf8mb4 COLLATE utf8mb4_unicode_ci NOT NULL DEFAULT '',
  PRIMARY KEY (`id`),
  UNIQUE KEY `idx_usergroup_parent_title_lookup` (`parent_id`,`title`),
  KEY `idx_usergroup_title_lookup` (`title`),
  KEY `idx_usergroup_adjacency_lookup` (`parent_id`),
  KEY `idx_usergroup_nested_set_lookup` (`lft`,`rgt`) USING BTREE
) ENGINE=InnoDB AUTO_INCREMENT=12 DEFAULT CHARSET=utf8mb4 COLLATE=utf8mb4_unicode_ci;
/*!40101 SET character_set_client = @saved_cs_client */;

--
-- Dumping data for table `lcoa2_usergroups`
--

LOCK TABLES `lcoa2_usergroups` WRITE;
/*!40000 ALTER TABLE `lcoa2_usergroups` DISABLE KEYS */;
INSERT INTO `lcoa2_usergroups` VALUES (1,0,1,22,'Public'),(2,1,12,19,'Registered'),(3,2,13,18,'Author'),(4,3,14,17,'Editor'),(5,4,15,16,'Publisher'),(6,1,6,11,'Manager'),(7,6,7,8,'Administrator'),(8,1,20,21,'Super Users'),(9,1,4,5,'Guest'),(10,1,2,3,'Club-Redakteur'),(11,6,9,10,'Club-Administrator');
/*!40000 ALTER TABLE `lcoa2_usergroups` ENABLE KEYS */;
UNLOCK TABLES;

--
-- Table structure for table `lcoa2_users`
--

DROP TABLE IF EXISTS `lcoa2_users`;
/*!40101 SET @saved_cs_client     = @@character_set_client */;
/*!50503 SET character_set_client = utf8mb4 */;
CREATE TABLE `lcoa2_users` (
  `id` int NOT NULL AUTO_INCREMENT,
  `name` varchar(400) CHARACTER SET utf8mb4 COLLATE utf8mb4_unicode_ci NOT NULL DEFAULT '',
  `username` varchar(150) CHARACTER SET utf8mb4 COLLATE utf8mb4_unicode_ci NOT NULL DEFAULT '',
  `email` varchar(100) CHARACTER SET utf8mb4 COLLATE utf8mb4_unicode_ci NOT NULL DEFAULT '',
  `password` varchar(100) CHARACTER SET utf8mb4 COLLATE utf8mb4_unicode_ci NOT NULL DEFAULT '',
  `block` tinyint NOT NULL DEFAULT '0',
  `sendEmail` tinyint DEFAULT '0',
  `registerDate` datetime NOT NULL,
  `lastvisitDate` datetime DEFAULT NULL,
  `activation` varchar(100) CHARACTER SET utf8mb4 COLLATE utf8mb4_unicode_ci NOT NULL DEFAULT '',
  `params` text CHARACTER SET utf8mb4 COLLATE utf8mb4_unicode_ci NOT NULL,
  `lastResetTime` datetime DEFAULT NULL COMMENT 'Date of last password reset',
  `resetCount` int NOT NULL DEFAULT '0' COMMENT 'Count of password resets since lastResetTime',
  `otpKey` varchar(1000) CHARACTER SET utf8mb4 COLLATE utf8mb4_unicode_ci NOT NULL DEFAULT '' COMMENT 'Two factor authentication encrypted keys',
  `otep` varchar(1000) CHARACTER SET utf8mb4 COLLATE utf8mb4_unicode_ci NOT NULL DEFAULT '' COMMENT 'Backup Codes',
  `requireReset` tinyint NOT NULL DEFAULT '0' COMMENT 'Require user to reset password on next login',
  `authProvider` varchar(100) CHARACTER SET utf8mb4 COLLATE utf8mb4_unicode_ci NOT NULL DEFAULT '' COMMENT 'Name of used authentication plugin',
  PRIMARY KEY (`id`),
  UNIQUE KEY `idx_username` (`username`),
  KEY `idx_name` (`name`(100)),
  KEY `idx_block` (`block`),
  KEY `email` (`email`)
) ENGINE=InnoDB AUTO_INCREMENT=85 DEFAULT CHARSET=utf8mb4 COLLATE=utf8mb4_unicode_ci;
/*!40101 SET character_set_client = @saved_cs_client */;

--
-- Dumping data for table `lcoa2_users`
--

LOCK TABLES `lcoa2_users` WRITE;
/*!40000 ALTER TABLE `lcoa2_users` DISABLE KEYS */;
INSERT INTO `lcoa2_users` VALUES (81,'Admin User','admin','admin@campus.local','$2y$10$uUWimp76stQN1Rc69BvYcuePzcdnf6HTf9LJlB0xy24cn8Zm376d2',0,1,'2026-01-26 07:54:16','2026-02-02 07:32:27','0','',NULL,0,'','',0,''),(82,'Max Mustermann','redakteur','redakteur@campus.local','$2y$10$kNsZgTR3WWd0Hd7I7iSskeCBFom3uq7aW79hzhP6O5XCgjbyHMPrC',0,0,'2026-01-26 08:09:30','2026-02-02 07:32:55','','{\"admin_style\":\"\",\"colorScheme\":\"\",\"allowTourAutoStart\":\"\",\"admin_language\":\"\",\"language\":\"\",\"editor\":\"\",\"timezone\":\"\",\"a11y_mono\":\"0\",\"a11y_contrast\":\"0\",\"a11y_highlight\":\"0\",\"a11y_font\":\"0\"}',NULL,0,'','',0,''),(83,'Club Admin','clubadmin','clubadmin@campus.local','$2y$10$.te2VIXwPqHQXzpY.gSUv.Q192vmiVkoHwZIrIyu5iw8IuFIY7C2S',0,0,'2026-01-26 08:11:41',NULL,'','{\"admin_style\":\"\",\"colorScheme\":\"\",\"allowTourAutoStart\":\"\",\"admin_language\":\"\",\"language\":\"\",\"editor\":\"\",\"timezone\":\"\",\"a11y_mono\":\"0\",\"a11y_contrast\":\"0\",\"a11y_highlight\":\"0\",\"a11y_font\":\"0\"}',NULL,0,'','',0,''),(84,'testredakteur','testred','test@sad.com','$2y$10$fqxR/0VpuHh14iLB2BD2Su4VIg/KHhgpQtFZJn.RnRmKI6u1rNCN2',0,0,'2026-02-01 19:46:26','2026-02-01 19:47:51','','{\"admin_style\":\"\",\"colorScheme\":\"\",\"allowTourAutoStart\":\"\",\"admin_language\":\"\",\"language\":\"\",\"editor\":\"\",\"timezone\":\"\",\"a11y_mono\":\"0\",\"a11y_contrast\":\"0\",\"a11y_highlight\":\"0\",\"a11y_font\":\"0\"}',NULL,0,'','',0,'');
/*!40000 ALTER TABLE `lcoa2_users` ENABLE KEYS */;
UNLOCK TABLES;

--
-- Table structure for table `lcoa2_viewlevels`
--

DROP TABLE IF EXISTS `lcoa2_viewlevels`;
/*!40101 SET @saved_cs_client     = @@character_set_client */;
/*!50503 SET character_set_client = utf8mb4 */;
CREATE TABLE `lcoa2_viewlevels` (
  `id` int unsigned NOT NULL AUTO_INCREMENT COMMENT 'Primary Key',
  `title` varchar(100) CHARACTER SET utf8mb4 COLLATE utf8mb4_unicode_ci NOT NULL DEFAULT '',
  `ordering` int NOT NULL DEFAULT '0',
  `rules` varchar(5120) CHARACTER SET utf8mb4 COLLATE utf8mb4_unicode_ci NOT NULL COMMENT 'JSON encoded access control.',
  PRIMARY KEY (`id`),
  UNIQUE KEY `idx_assetgroup_title_lookup` (`title`)
) ENGINE=InnoDB AUTO_INCREMENT=7 DEFAULT CHARSET=utf8mb4 COLLATE=utf8mb4_unicode_ci;
/*!40101 SET character_set_client = @saved_cs_client */;

--
-- Dumping data for table `lcoa2_viewlevels`
--

LOCK TABLES `lcoa2_viewlevels` WRITE;
/*!40000 ALTER TABLE `lcoa2_viewlevels` DISABLE KEYS */;
INSERT INTO `lcoa2_viewlevels` VALUES (1,'Public',0,'[1]'),(2,'Registered',2,'[6,2,8]'),(3,'Special',3,'[6,3,8]'),(5,'Guest',1,'[9]'),(6,'Super Users',4,'[8]');
/*!40000 ALTER TABLE `lcoa2_viewlevels` ENABLE KEYS */;
UNLOCK TABLES;

--
-- Table structure for table `lcoa2_webauthn_credentials`
--

DROP TABLE IF EXISTS `lcoa2_webauthn_credentials`;
/*!40101 SET @saved_cs_client     = @@character_set_client */;
/*!50503 SET character_set_client = utf8mb4 */;
CREATE TABLE `lcoa2_webauthn_credentials` (
  `id` varchar(1000) CHARACTER SET utf8mb4 COLLATE utf8mb4_unicode_ci NOT NULL COMMENT 'Credential ID',
  `user_id` varchar(128) CHARACTER SET utf8mb4 COLLATE utf8mb4_unicode_ci NOT NULL COMMENT 'User handle',
  `label` varchar(190) CHARACTER SET utf8mb4 COLLATE utf8mb4_unicode_ci NOT NULL COMMENT 'Human readable label',
  `credential` mediumtext CHARACTER SET utf8mb4 COLLATE utf8mb4_unicode_ci NOT NULL COMMENT 'Credential source data, JSON format',
  PRIMARY KEY (`id`(100)),
  KEY `user_id` (`user_id`(100))
) ENGINE=InnoDB DEFAULT CHARSET=utf8mb4 COLLATE=utf8mb4_unicode_ci;
/*!40101 SET character_set_client = @saved_cs_client */;

--
-- Dumping data for table `lcoa2_webauthn_credentials`
--

LOCK TABLES `lcoa2_webauthn_credentials` WRITE;
/*!40000 ALTER TABLE `lcoa2_webauthn_credentials` DISABLE KEYS */;
/*!40000 ALTER TABLE `lcoa2_webauthn_credentials` ENABLE KEYS */;
UNLOCK TABLES;

--
-- Table structure for table `lcoa2_workflow_associations`
--

DROP TABLE IF EXISTS `lcoa2_workflow_associations`;
/*!40101 SET @saved_cs_client     = @@character_set_client */;
/*!50503 SET character_set_client = utf8mb4 */;
CREATE TABLE `lcoa2_workflow_associations` (
  `item_id` int NOT NULL DEFAULT '0' COMMENT 'Extension table id value',
  `stage_id` int NOT NULL COMMENT 'Foreign Key to #__workflow_stages.id',
  `extension` varchar(50) CHARACTER SET utf8mb4 COLLATE utf8mb4_unicode_ci NOT NULL,
  PRIMARY KEY (`item_id`,`extension`),
  KEY `idx_item_stage_extension` (`item_id`,`stage_id`,`extension`),
  KEY `idx_item_id` (`item_id`),
  KEY `idx_stage_id` (`stage_id`),
  KEY `idx_extension` (`extension`)
) ENGINE=InnoDB DEFAULT CHARSET=utf8mb4 COLLATE=utf8mb4_unicode_ci;
/*!40101 SET character_set_client = @saved_cs_client */;

--
-- Dumping data for table `lcoa2_workflow_associations`
--

LOCK TABLES `lcoa2_workflow_associations` WRITE;
/*!40000 ALTER TABLE `lcoa2_workflow_associations` DISABLE KEYS */;
INSERT INTO `lcoa2_workflow_associations` VALUES (1,1,'com_content.article'),(2,1,'com_content.article');
/*!40000 ALTER TABLE `lcoa2_workflow_associations` ENABLE KEYS */;
UNLOCK TABLES;

--
-- Table structure for table `lcoa2_workflow_stages`
--

DROP TABLE IF EXISTS `lcoa2_workflow_stages`;
/*!40101 SET @saved_cs_client     = @@character_set_client */;
/*!50503 SET character_set_client = utf8mb4 */;
CREATE TABLE `lcoa2_workflow_stages` (
  `id` int NOT NULL AUTO_INCREMENT,
  `asset_id` int DEFAULT '0',
  `ordering` int NOT NULL DEFAULT '0',
  `workflow_id` int NOT NULL,
  `published` tinyint NOT NULL DEFAULT '0',
  `title` varchar(255) CHARACTER SET utf8mb4 COLLATE utf8mb4_unicode_ci NOT NULL,
  `description` text CHARACTER SET utf8mb4 COLLATE utf8mb4_unicode_ci NOT NULL,
  `default` tinyint NOT NULL DEFAULT '0',
  `checked_out_time` datetime DEFAULT NULL,
  `checked_out` int unsigned DEFAULT NULL,
  PRIMARY KEY (`id`),
  KEY `idx_workflow_id` (`workflow_id`),
  KEY `idx_checked_out` (`checked_out`),
  KEY `idx_title` (`title`(191)),
  KEY `idx_asset_id` (`asset_id`),
  KEY `idx_default` (`default`)
) ENGINE=InnoDB AUTO_INCREMENT=2 DEFAULT CHARSET=utf8mb4 COLLATE=utf8mb4_unicode_ci;
/*!40101 SET character_set_client = @saved_cs_client */;

--
-- Dumping data for table `lcoa2_workflow_stages`
--

LOCK TABLES `lcoa2_workflow_stages` WRITE;
/*!40000 ALTER TABLE `lcoa2_workflow_stages` DISABLE KEYS */;
INSERT INTO `lcoa2_workflow_stages` VALUES (1,57,1,1,1,'COM_WORKFLOW_BASIC_STAGE','',1,NULL,NULL);
/*!40000 ALTER TABLE `lcoa2_workflow_stages` ENABLE KEYS */;
UNLOCK TABLES;

--
-- Table structure for table `lcoa2_workflow_transitions`
--

DROP TABLE IF EXISTS `lcoa2_workflow_transitions`;
/*!40101 SET @saved_cs_client     = @@character_set_client */;
/*!50503 SET character_set_client = utf8mb4 */;
CREATE TABLE `lcoa2_workflow_transitions` (
  `id` int NOT NULL AUTO_INCREMENT,
  `asset_id` int DEFAULT '0',
  `ordering` int NOT NULL DEFAULT '0',
  `workflow_id` int NOT NULL,
  `published` tinyint NOT NULL DEFAULT '0',
  `title` varchar(255) CHARACTER SET utf8mb4 COLLATE utf8mb4_unicode_ci NOT NULL,
  `description` text CHARACTER SET utf8mb4 COLLATE utf8mb4_unicode_ci NOT NULL,
  `from_stage_id` int NOT NULL,
  `to_stage_id` int NOT NULL,
  `options` text CHARACTER SET utf8mb4 COLLATE utf8mb4_unicode_ci NOT NULL,
  `checked_out_time` datetime DEFAULT NULL,
  `checked_out` int unsigned DEFAULT NULL,
  PRIMARY KEY (`id`),
  KEY `idx_title` (`title`(191)),
  KEY `idx_asset_id` (`asset_id`),
  KEY `idx_checked_out` (`checked_out`),
  KEY `idx_from_stage_id` (`from_stage_id`),
  KEY `idx_to_stage_id` (`to_stage_id`),
  KEY `idx_workflow_id` (`workflow_id`)
) ENGINE=InnoDB AUTO_INCREMENT=8 DEFAULT CHARSET=utf8mb4 COLLATE=utf8mb4_unicode_ci;
/*!40101 SET character_set_client = @saved_cs_client */;

--
-- Dumping data for table `lcoa2_workflow_transitions`
--

LOCK TABLES `lcoa2_workflow_transitions` WRITE;
/*!40000 ALTER TABLE `lcoa2_workflow_transitions` DISABLE KEYS */;
INSERT INTO `lcoa2_workflow_transitions` VALUES (1,58,1,1,1,'UNPUBLISH','',-1,1,'{\"publishing\":\"0\"}',NULL,NULL),(2,59,2,1,1,'PUBLISH','',-1,1,'{\"publishing\":\"1\"}',NULL,NULL),(3,60,3,1,1,'TRASH','',-1,1,'{\"publishing\":\"-2\"}',NULL,NULL),(4,61,4,1,1,'ARCHIVE','',-1,1,'{\"publishing\":\"2\"}',NULL,NULL),(5,62,5,1,1,'FEATURE','',-1,1,'{\"featuring\":\"1\"}',NULL,NULL),(6,63,6,1,1,'UNFEATURE','',-1,1,'{\"featuring\":\"0\"}',NULL,NULL),(7,64,7,1,1,'PUBLISH_AND_FEATURE','',-1,1,'{\"publishing\":\"1\",\"featuring\":\"1\"}',NULL,NULL);
/*!40000 ALTER TABLE `lcoa2_workflow_transitions` ENABLE KEYS */;
UNLOCK TABLES;

--
-- Table structure for table `lcoa2_workflows`
--

DROP TABLE IF EXISTS `lcoa2_workflows`;
/*!40101 SET @saved_cs_client     = @@character_set_client */;
/*!50503 SET character_set_client = utf8mb4 */;
CREATE TABLE `lcoa2_workflows` (
  `id` int NOT NULL AUTO_INCREMENT,
  `asset_id` int DEFAULT '0',
  `published` tinyint NOT NULL DEFAULT '0',
  `title` varchar(255) CHARACTER SET utf8mb4 COLLATE utf8mb4_unicode_ci NOT NULL,
  `description` text CHARACTER SET utf8mb4 COLLATE utf8mb4_unicode_ci NOT NULL,
  `extension` varchar(50) CHARACTER SET utf8mb4 COLLATE utf8mb4_unicode_ci NOT NULL,
  `default` tinyint NOT NULL DEFAULT '0',
  `ordering` int NOT NULL DEFAULT '0',
  `created` datetime NOT NULL,
  `created_by` int NOT NULL DEFAULT '0',
  `modified` datetime NOT NULL,
  `modified_by` int NOT NULL DEFAULT '0',
  `checked_out_time` datetime DEFAULT NULL,
  `checked_out` int unsigned DEFAULT NULL,
  PRIMARY KEY (`id`),
  KEY `idx_asset_id` (`asset_id`),
  KEY `idx_title` (`title`(191)),
  KEY `idx_extension` (`extension`),
  KEY `idx_default` (`default`),
  KEY `idx_created` (`created`),
  KEY `idx_created_by` (`created_by`),
  KEY `idx_modified` (`modified`),
  KEY `idx_modified_by` (`modified_by`),
  KEY `idx_checked_out` (`checked_out`)
) ENGINE=InnoDB AUTO_INCREMENT=2 DEFAULT CHARSET=utf8mb4 COLLATE=utf8mb4_unicode_ci;
/*!40101 SET character_set_client = @saved_cs_client */;

--
-- Dumping data for table `lcoa2_workflows`
--

LOCK TABLES `lcoa2_workflows` WRITE;
/*!40000 ALTER TABLE `lcoa2_workflows` DISABLE KEYS */;
INSERT INTO `lcoa2_workflows` VALUES (1,56,1,'COM_WORKFLOW_BASIC_WORKFLOW','','com_content.article',1,1,'2026-01-26 07:54:07',81,'2026-01-26 07:54:07',81,NULL,NULL);
/*!40000 ALTER TABLE `lcoa2_workflows` ENABLE KEYS */;
UNLOCK TABLES;
/*!40103 SET TIME_ZONE=@OLD_TIME_ZONE */;

/*!40101 SET SQL_MODE=@OLD_SQL_MODE */;
/*!40014 SET FOREIGN_KEY_CHECKS=@OLD_FOREIGN_KEY_CHECKS */;
/*!40014 SET UNIQUE_CHECKS=@OLD_UNIQUE_CHECKS */;
/*!40101 SET CHARACTER_SET_CLIENT=@OLD_CHARACTER_SET_CLIENT */;
/*!40101 SET CHARACTER_SET_RESULTS=@OLD_CHARACTER_SET_RESULTS */;
/*!40101 SET COLLATION_CONNECTION=@OLD_COLLATION_CONNECTION */;
/*!40111 SET SQL_NOTES=@OLD_SQL_NOTES */;

-- Dump completed on 2026-02-07 11:47:21
